wall_iso,wall_s,step,action,t_raw,t_ema,dv_reg,v,u,food,tension_bucket,regulating,reif_count,lx,ly,rx,stick_intensity
2026-05-26T12:48:50.766,0.547,1,STOP,0.0,0.0,0.0,0.8,0.0,0.0,L,0,0,-0.0,0.0,-0.0,0.0
2026-05-26T12:48:50.905,0.686,2,STOP,0.0,0.0,0.0,0.8,0.0,0.0,L,0,0,-0.0,0.0,-0.0,0.0
2026-05-26T12:48:51.002,0.784,3,STOP,0.0,0.0,0.0,0.8,0.0,0.0,L,0,0,-0.0,0.0,-0.0,0.0
2026-05-26T12:48:51.086,0.867,4,STOP,0.0,0.0,0.0,0.8,0.0,0.0,L,0,0,-0.0,0.0,-0.0,0.0
2026-05-26T12:48:51.154,0.935,5,STOP,0.0,0.0,0.0,0.8,0.0,0.0,L,0,0,-0.0,0.0,-0.0,0.0
2026-05-26T12:48:51.198,0.979,6,STOP,0.003514,0.000703,-0.000703,0.8,0.0,0.0,L,0,0,-0.0,0.0,-0.0,0.0
2026-05-26T12:48:51.241,1.022,7,STOP,0.008276,0.002217,-0.001515,0.8,0.0,0.0,L,0,0,-0.0,0.0,-0.0,0.0
2026-05-26T12:48:51.280,1.061,8,STOP,0.0089,0.003554,-0.001337,0.8,0.0,0.0,L,0,0,-0.0,0.0,-0.0,0.0
2026-05-26T12:48:51.314,1.095,9,STOP,0.007251,0.004293,-0.000739,0.8,0.0,0.0,L,0,0,-0.0,0.0,-0.0,0.0
2026-05-26T12:48:51.385,1.166,10,STOP,0.006401,0.004715,-0.000421,0.8,0.0,0.0,L,0,0,-0.0,0.0,-0.0,0.0
2026-05-26T12:48:51.432,1.213,11,STOP,0.00583,0.004938,-0.000223,0.8,0.0,0.0,L,0,0,-0.0,0.0,-0.0,0.0
2026-05-26T12:48:51.477,1.258,12,STOP,0.005198,0.00499,-5.2e-05,0.8,0.0,0.0,L,0,0,-0.0,0.0,-0.0,0.0
2026-05-26T12:48:51.556,1.337,13,STOP,0.005972,0.005186,-0.000196,0.8,0.0,0.0,L,0,0,-0.0,0.0,-0.0,0.0
2026-05-26T12:48:51.577,1.358,14,STOP,0.005973,0.005344,-0.000157,0.8,0.0,0.0,L,0,0,-0.0,0.0,-0.0,0.0
2026-05-26T12:48:51.626,1.407,15,STOP,0.005,0.005275,6.9e-05,0.8,0.0,0.0,L,0,0,-0.0,0.0,-0.0,0.0
2026-05-26T12:48:51.693,1.474,16,STOP,0.005639,0.005348,-7.3e-05,0.8,0.0,0.0,L,0,0,-0.0,0.0,-0.0,0.0
2026-05-26T12:48:51.758,1.539,17,STOP,0.004857,0.00525,9.8e-05,0.8,0.0,0.0,L,0,0,-0.0,0.0,-0.0,0.0
2026-05-26T12:48:51.838,1.619,18,STOP,0.003699,0.00494,0.00031,0.8,0.0,0.0,L,0,0,-0.0,0.0,-0.0,0.0
2026-05-26T12:48:51.881,1.662,19,STOP,0.003556,0.004663,0.000277,0.8,0.0,0.0,L,0,0,-0.0,0.0,-0.0,0.0
2026-05-26T12:48:51.925,1.706,20,STOP,0.003227,0.004376,0.000287,0.8,0.0,0.0,L,0,0,-0.0,0.0,-0.0,0.0
2026-05-26T12:48:51.964,1.745,21,STOP,0.001905,0.003882,0.000494,0.8,0.0,0.0,L,0,0,-0.0,0.0,-0.0,0.0
2026-05-26T12:48:52.024,1.805,22,STOP,0.001697,0.003445,0.000437,0.8,0.0,0.0,L,0,0,-0.0,0.0,-0.0,0.0
2026-05-26T12:48:52.038,1.819,23,STOP,0.001402,0.003036,0.000409,0.8,0.0,0.0,L,0,0,-0.0,0.0,-0.0,0.0
2026-05-26T12:48:52.123,1.904,24,STOP,0.00134,0.002697,0.000339,0.8,0.0,0.0,L,0,0,-0.0,0.0,-0.0,0.0
2026-05-26T12:48:52.151,1.933,25,STOP,0.001383,0.002434,0.000263,0.8,0.0,0.0,L,0,0,-0.0,0.0,-0.0,0.0
2026-05-26T12:48:52.193,1.974,26,STOP,0.00138,0.002223,0.000211,0.8,0.0,0.0,L,0,0,-0.0,0.0,-0.0,0.0
2026-05-26T12:48:52.233,2.014,27,STOP,0.001427,0.002064,0.000159,0.8,0.0,0.0,L,0,0,-0.0,0.0,-0.0,0.0
2026-05-26T12:48:52.272,2.053,28,STOP,0.001458,0.001943,0.000121,0.8,0.0,0.0,L,0,0,-0.0,0.0,-0.0,0.0
2026-05-26T12:48:52.307,2.088,29,STOP,0.001363,0.001827,0.000116,0.8,0.0,0.0,L,0,0,-0.0,0.0,-0.0,0.0
2026-05-26T12:48:52.355,2.136,30,STOP,0.001402,0.001742,8.5e-05,0.8,0.0,0.0,L,0,0,-0.0,0.0,-0.0,0.0
2026-05-26T12:48:52.364,2.145,31,STOP,0.001366,0.001667,7.5e-05,0.8,0.0,0.0,L,0,0,-0.0,0.0,-0.0,0.0
2026-05-26T12:48:52.400,2.181,32,STOP,0.001527,0.001639,2.8e-05,0.8,0.0,0.0,L,0,0,-0.0,0.0,-0.0,0.0
2026-05-26T12:48:52.439,2.22,33,STOP,0.001446,0.0016,3.8e-05,0.8,0.0,0.0,L,0,0,-0.0,0.0,-0.0,0.0
2026-05-26T12:48:52.465,2.246,34,STOP,0.00124,0.001528,7.2e-05,0.8,0.0,0.0,L,0,0,-0.0,0.0,-0.0,0.0
2026-05-26T12:48:52.501,2.282,35,STOP,0.001408,0.001504,2.4e-05,0.8,0.0,0.0,L,0,0,-0.0,0.0,-0.0,0.0
2026-05-26T12:48:52.553,2.335,36,STOP,0.001416,0.001486,1.8e-05,0.8,0.0,0.0,L,0,0,-0.0,0.0,-0.0,0.0
2026-05-26T12:48:52.564,2.345,37,STOP,0.001252,0.00144,4.7e-05,0.8,0.0,0.0,L,0,0,-0.0,0.0,-0.0,0.0
2026-05-26T12:48:52.596,2.377,38,STOP,0.001374,0.001426,1.3e-05,0.8,0.0,0.0,L,0,0,-0.0,0.0,-0.0,0.0
2026-05-26T12:48:52.638,2.419,39,STOP,0.001405,0.001422,4e-06,0.8,0.0,0.0,L,0,0,-0.0,0.0,-0.0,0.0
2026-05-26T12:48:52.670,2.451,40,STOP,0.00143,0.001424,-2e-06,0.8,0.0,0.0,L,0,0,-0.0,0.0,-0.0,0.0
2026-05-26T12:48:52.702,2.483,41,STOP,0.001245,0.001388,3.6e-05,0.8,0.0,0.0,L,0,0,-0.0,0.0,-0.0,0.0
2026-05-26T12:48:52.751,2.532,42,STOP,0.001432,0.001397,-9e-06,0.8,0.0,0.0,L,0,0,-0.0,0.0,-0.0,0.0
2026-05-26T12:48:52.809,2.59,43,STOP,0.001246,0.001367,3e-05,0.8,0.0,0.0,L,0,0,-0.0,0.0,-0.0,0.0
2026-05-26T12:48:52.860,2.641,44,STOP,0.001279,0.001349,1.7e-05,0.8,0.0,0.0,L,0,0,-0.0,0.0,-0.0,0.0
2026-05-26T12:48:52.923,2.705,45,STOP,0.001271,0.001334,1.6e-05,0.8,0.0,0.0,L,0,0,-0.0,0.0,-0.0,0.0
2026-05-26T12:48:52.958,2.739,46,STOP,0.001275,0.001322,1.2e-05,0.8,0.0,0.0,L,0,0,-0.0,0.0,-0.0,0.0
2026-05-26T12:48:52.993,2.774,47,STOP,0.001307,0.001319,3e-06,0.8,0.0,0.0,L,0,0,-0.0,0.0,-0.0,0.0
2026-05-26T12:48:53.023,2.805,48,STOP,0.001408,0.001337,-1.8e-05,0.8,0.0,0.0,L,0,0,-0.0,0.0,-0.0,0.0
2026-05-26T12:48:53.046,2.827,49,STOP,0.001257,0.001321,1.6e-05,0.8,0.0,0.0,L,0,0,-0.0,0.0,-0.0,0.0
2026-05-26T12:48:53.074,2.856,50,STOP,0.001307,0.001318,3e-06,0.8,0.0,0.0,L,0,0,-0.0,0.0,-0.0,0.0
2026-05-26T12:48:53.098,2.879,51,STOP,0.001366,0.001328,-1e-05,0.8,0.0,0.0,L,0,0,-0.0,0.0,-0.0,0.0
2026-05-26T12:48:53.151,2.932,52,STOP,0.001201,0.001302,2.5e-05,0.8,0.0,0.0,L,0,0,-0.0,0.0,-0.0,0.0
2026-05-26T12:48:53.185,2.966,53,STOP,0.001102,0.001262,4e-05,0.8,0.0,0.0,L,0,0,-0.0,0.0,-0.0,0.0
2026-05-26T12:48:53.262,3.043,54,STOP,0.001157,0.001241,2.1e-05,0.8,0.0,0.0,L,0,0,-0.0,0.0,-0.0,0.0
2026-05-26T12:48:53.301,3.082,55,STOP,0.000894,0.001172,7e-05,0.8,0.0,0.0,L,0,0,-0.0,0.0,-0.0,0.0
2026-05-26T12:48:53.341,3.123,56,STOP,0.000876,0.001112,5.9e-05,0.8,0.0,0.0,L,0,0,-0.0,0.0,-0.0,0.0
2026-05-26T12:48:53.405,3.186,57,STOP,0.001143,0.001118,-6e-06,0.8,0.0,0.0,L,0,0,-0.0,0.0,-0.0,0.0
2026-05-26T12:48:53.447,3.228,58,STOP,0.000979,0.001091,2.8e-05,0.8,0.0,0.0,L,0,0,-0.0,0.0,-0.0,0.0
2026-05-26T12:48:53.484,3.265,59,STOP,0.000948,0.001062,2.8e-05,0.8,0.0,0.0,L,0,0,-0.0,0.0,-0.0,0.0
2026-05-26T12:48:53.509,3.29,60,STOP,0.001017,0.001053,9e-06,0.8,0.0,0.0,L,0,0,-0.0,0.0,-0.0,0.0
2026-05-26T12:48:53.551,3.332,61,STOP,0.000992,0.001041,1.2e-05,0.8,0.0,0.0,L,0,0,-0.0,0.0,-0.0,0.0
2026-05-26T12:48:53.585,3.366,62,STOP,0.001381,0.001109,-6.8e-05,0.8,0.0,0.0,L,0,0,-0.0,0.0,-0.0,0.0
2026-05-26T12:48:53.608,3.39,63,STOP,0.001145,0.001116,-7e-06,0.8,0.0,0.0,L,0,0,-0.0,0.0,-0.0,0.0
2026-05-26T12:48:53.649,3.43,64,STOP,0.00113,0.001119,-3e-06,0.8,0.0,0.0,L,0,0,-0.0,0.0,-0.0,0.0
2026-05-26T12:48:53.659,3.44,65,STOP,0.001381,0.001171,-5.2e-05,0.8,0.0,0.0,L,0,0,-0.0,0.0,-0.0,0.0
2026-05-26T12:48:53.711,3.492,66,STOP,0.001268,0.001191,-1.9e-05,0.8,0.0,0.0,L,0,0,-0.0,0.0,-0.0,0.0
2026-05-26T12:48:53.753,3.535,67,STOP,0.00101,0.001154,3.6e-05,0.8,0.0,0.0,L,0,0,-0.0,0.0,-0.0,0.0
2026-05-26T12:48:53.787,3.568,68,STOP,0.001324,0.001188,-3.4e-05,0.8,0.0,0.0,L,0,0,-0.0,0.0,-0.0,0.0
2026-05-26T12:48:53.836,3.617,69,STOP,0.001051,0.001161,2.8e-05,0.8,0.0,0.0,L,0,0,-0.0,0.0,-0.0,0.0
2026-05-26T12:48:53.879,3.66,70,STOP,0.001,0.001129,3.2e-05,0.8,0.0,0.0,L,0,0,-0.0,0.0,-0.0,0.0
2026-05-26T12:48:53.893,3.674,71,STOP,0.001097,0.001122,6e-06,0.8,0.0,0.0,L,0,0,-0.0,0.0,-0.0,0.0
2026-05-26T12:48:53.944,3.726,72,STOP,0.001126,0.001123,-1e-06,0.8,0.0,0.0,L,0,0,-0.0,0.0,-0.0,0.0
2026-05-26T12:48:53.975,3.756,73,STOP,0.001053,0.001109,1.4e-05,0.8,0.0,0.0,L,0,0,-0.0,0.0,-0.0,0.0
2026-05-26T12:48:54.004,3.785,74,STOP,0.001325,0.001152,-4.3e-05,0.8,0.0,0.0,L,0,0,-0.0,0.0,-0.0,0.0
2026-05-26T12:48:54.033,3.815,75,STOP,0.001348,0.001191,-3.9e-05,0.8,0.0,0.0,L,0,0,-0.0,0.0,-0.0,0.0
2026-05-26T12:48:54.073,3.854,76,STOP,0.001104,0.001174,1.7e-05,0.8,0.0,0.0,L,0,0,-0.0,0.0,-0.0,0.0
2026-05-26T12:48:54.123,3.904,77,STOP,0.001223,0.001184,-1e-05,0.8,0.0,0.0,L,0,0,-0.0,0.0,-0.0,0.0
2026-05-26T12:48:54.142,3.923,78,STOP,0.001391,0.001225,-4.2e-05,0.8,0.0,0.0,L,0,0,-0.0,0.0,-0.0,0.0
2026-05-26T12:48:54.216,3.997,79,STOP,0.001005,0.001181,4.4e-05,0.8,0.0,0.0,L,0,0,-0.0,0.0,-0.0,0.0
2026-05-26T12:48:54.251,4.032,80,STOP,0.000994,0.001144,3.7e-05,0.8,0.0,0.0,L,0,0,-0.0,0.0,-0.0,0.0
2026-05-26T12:48:54.307,4.088,81,STOP,0.000919,0.001099,4.5e-05,0.8,0.0,0.0,L,0,0,-0.0,0.0,-0.0,0.0
2026-05-26T12:48:54.371,4.152,82,STOP,0.001014,0.001082,1.7e-05,0.8,0.0,0.0,L,0,0,-0.0,0.0,-0.0,0.0
2026-05-26T12:48:54.407,4.188,83,STOP,0.001145,0.001094,-1.3e-05,0.8,0.0,0.0,L,0,0,-0.0,0.0,-0.0,0.0
2026-05-26T12:48:54.432,4.213,84,STOP,0.00091,0.001058,3.7e-05,0.8,0.0,0.0,L,0,0,-0.0,0.0,-0.0,0.0
2026-05-26T12:48:54.483,4.264,85,STOP,0.000899,0.001026,3.2e-05,0.8,0.0,0.0,L,0,0,-0.0,0.0,-0.0,0.0
2026-05-26T12:48:54.521,4.302,86,STOP,0.001139,0.001048,-2.3e-05,0.8,0.0,0.0,L,0,0,-0.0,0.0,-0.0,0.0
2026-05-26T12:48:54.555,4.336,87,STOP,0.001033,0.001045,3e-06,0.8,0.0,0.0,L,0,0,-0.0,0.0,-0.0,0.0
2026-05-26T12:48:54.577,4.358,88,STOP,0.001222,0.001081,-3.5e-05,0.8,0.0,0.0,L,0,0,-0.0,0.0,-0.0,0.0
2026-05-26T12:48:54.605,4.386,89,STOP,0.001362,0.001137,-5.6e-05,0.8,0.0,0.0,L,0,0,-0.0,0.0,-0.0,0.0
2026-05-26T12:48:54.674,4.455,90,STOP,0.001006,0.001111,2.6e-05,0.8,0.0,0.0,L,0,0,-0.0,0.0,-0.0,0.0
2026-05-26T12:48:54.733,4.514,91,STOP,0.000971,0.001083,2.8e-05,0.8,0.0,0.0,L,0,0,-0.0,0.0,-0.0,0.0
2026-05-26T12:48:54.782,4.564,92,STOP,0.000971,0.001061,2.2e-05,0.8,0.0,0.0,L,0,0,-0.0,0.0,-0.0,0.0
2026-05-26T12:48:54.817,4.598,93,STOP,0.000977,0.001044,1.7e-05,0.8,0.0,0.0,L,0,0,-0.0,0.0,-0.0,0.0
2026-05-26T12:48:54.854,4.635,94,STOP,0.000951,0.001025,1.9e-05,0.8,0.0,0.0,L,0,0,-0.0,0.0,-0.0,0.0
2026-05-26T12:48:54.907,4.688,95,STOP,0.001016,0.001023,2e-06,0.8,0.0,0.0,L,0,0,-0.0,0.0,-0.0,0.0
2026-05-26T12:48:54.942,4.723,96,STOP,0.001128,0.001044,-2.1e-05,0.8,0.0,0.0,L,0,0,-0.0,0.0,-0.0,0.0
2026-05-26T12:48:54.966,4.747,97,STOP,0.00115,0.001066,-2.1e-05,0.8,0.0,0.0,L,0,0,-0.0,0.0,-0.0,0.0
2026-05-26T12:48:55.043,4.825,98,STOP,0.000973,0.001047,1.9e-05,0.8,0.0,0.0,L,0,0,-0.0,0.0,-0.0,0.0
2026-05-26T12:48:55.100,4.882,99,STOP,0.00137,0.001112,-6.5e-05,0.8,0.0,0.0,L,0,0,-0.0,0.0,-0.0,0.0
2026-05-26T12:48:55.141,4.922,100,STOP,0.001057,0.001101,1.1e-05,0.8,0.0,0.0,L,0,0,-0.0,0.0,-0.0,0.0
2026-05-26T12:48:55.192,4.973,101,STOP,0.00103,0.001087,1.4e-05,0.8,0.0,0.0,L,0,0,-0.0,0.0,-0.0,0.0
2026-05-26T12:48:55.242,5.024,102,STOP,0.001245,0.001118,-3.2e-05,0.8,0.0,0.0,L,0,0,-0.0,0.0,-0.0,0.0
2026-05-26T12:48:55.287,5.069,103,STOP,0.001014,0.001097,2.1e-05,0.8,0.0,0.0,L,0,0,-0.0,0.0,-0.0,0.0
2026-05-26T12:48:55.338,5.119,104,STOP,0.001114,0.001101,-3e-06,0.8,0.0,0.0,L,0,0,-0.0,0.0,-0.0,0.0
2026-05-26T12:48:55.410,5.192,105,STOP,0.001091,0.001099,2e-06,0.8,0.0,0.0,L,0,0,-0.0,0.0,-0.0,0.0
2026-05-26T12:48:55.472,5.254,106,STOP,0.001474,0.001174,-7.5e-05,0.8,0.0,0.0,L,0,0,-0.0,0.0,-0.0,0.0
2026-05-26T12:48:55.509,5.29,107,STOP,0.001098,0.001159,1.5e-05,0.8,0.0,0.0,L,0,0,-0.0,0.0,-0.0,0.0
2026-05-26T12:48:55.545,5.327,108,STOP,0.001143,0.001155,3e-06,0.8,0.0,0.0,L,0,0,-0.0,0.0,-0.0,0.0
2026-05-26T12:48:55.588,5.37,109,STOP,0.001256,0.001176,-2e-05,0.8,0.0,0.0,L,0,0,-0.0,0.0,-0.0,0.0
2026-05-26T12:48:55.610,5.391,110,STOP,0.001054,0.001151,2.4e-05,0.8,0.0,0.0,L,0,0,-0.0,0.0,-0.0,0.0
2026-05-26T12:48:55.646,5.427,111,STOP,0.001384,0.001198,-4.6e-05,0.8,0.0,0.0,L,0,0,-0.0,0.0,-0.0,0.0
2026-05-26T12:48:55.699,5.48,112,STOP,0.000927,0.001144,5.4e-05,0.8,0.0,0.0,L,0,0,-0.0,0.0,-0.0,0.0
2026-05-26T12:48:55.767,5.548,113,STOP,0.00092,0.001099,4.5e-05,0.8,0.0,0.0,L,0,0,-0.0,0.0,-0.0,0.0
2026-05-26T12:48:55.815,5.596,114,STOP,0.00096,0.001071,2.8e-05,0.8,0.0,0.0,L,0,0,-0.0,0.0,-0.0,0.0
2026-05-26T12:48:55.855,5.636,115,STOP,0.001001,0.001057,1.4e-05,0.8,0.0,0.0,L,0,0,-0.0,0.0,-0.0,0.0
2026-05-26T12:48:55.885,5.667,116,STOP,0.000979,0.001042,1.6e-05,0.8,0.0,0.0,L,0,0,-0.0,0.0,-0.0,0.0
2026-05-26T12:48:55.930,5.711,117,STOP,0.000862,0.001006,3.6e-05,0.8,0.0,0.0,L,0,0,-0.0,0.0,-0.0,0.0
2026-05-26T12:48:55.961,5.742,118,STOP,0.00106,0.001016,-1.1e-05,0.8,0.0,0.0,L,0,0,-0.0,0.0,-0.0,0.0
2026-05-26T12:48:55.994,5.775,119,STOP,0.001093,0.001032,-1.5e-05,0.8,0.0,0.0,L,0,0,-0.0,0.0,-0.0,0.0
2026-05-26T12:48:56.031,5.812,120,STOP,0.001053,0.001036,-4e-06,0.8,0.0,0.0,L,0,0,-0.0,0.0,-0.0,0.0
2026-05-26T12:48:56.073,5.855,121,STOP,0.001033,0.001035,1e-06,0.8,0.0,0.0,L,0,0,-0.0,0.0,-0.0,0.0
2026-05-26T12:48:56.118,5.899,122,STOP,0.001343,0.001097,-6.2e-05,0.8,0.0,0.0,L,0,0,-0.0,0.0,-0.0,0.0
2026-05-26T12:48:56.192,5.973,123,STOP,0.000984,0.001074,2.3e-05,0.8,0.0,0.0,L,0,0,-0.0,0.0,-0.0,0.0
2026-05-26T12:48:56.231,6.012,124,STOP,0.00089,0.001037,3.7e-05,0.8,0.0,0.0,L,0,0,-0.0,0.0,-0.0,0.0
2026-05-26T12:48:56.266,6.048,125,STOP,0.000919,0.001014,2.4e-05,0.8,0.0,0.0,L,0,0,-0.0,0.0,-0.0,0.0
2026-05-26T12:48:56.315,6.096,126,STOP,0.000904,0.000992,2.2e-05,0.8,0.0,0.0,L,0,0,-0.0,0.0,-0.0,0.0
2026-05-26T12:48:56.352,6.133,127,STOP,0.00095,0.000983,8e-06,0.8,0.0,0.0,L,0,0,-0.0,0.0,-0.0,0.0
2026-05-26T12:48:56.394,6.175,128,STOP,0.001002,0.000987,-4e-06,0.8,0.0,0.0,L,0,0,-0.0,0.0,-0.0,0.0
2026-05-26T12:48:56.432,6.213,129,STOP,0.001037,0.000997,-1e-05,0.8,0.0,0.0,L,0,0,-0.0,0.0,-0.0,0.0
2026-05-26T12:48:56.475,6.256,130,STOP,0.001066,0.001011,-1.4e-05,0.8,0.0,0.0,L,0,0,-0.0,0.0,-0.0,0.0
2026-05-26T12:48:56.537,6.318,131,STOP,0.0009,0.000989,2.2e-05,0.8,0.0,0.0,L,0,0,-0.0,0.0,-0.0,0.0
2026-05-26T12:48:56.572,6.353,132,STOP,0.001233,0.001038,-4.9e-05,0.8,0.0,0.0,L,0,0,-0.0,0.0,-0.0,0.0
2026-05-26T12:48:56.616,6.398,133,STOP,0.011216,0.003073,-0.002036,0.8,0.0,0.0,L,0,0,-0.0,0.0,-0.0,0.0
2026-05-26T12:48:56.667,6.448,134,STOP,0.044164,0.011291,-0.008218,0.8,0.0,0.0,L,0,0,-0.0,0.0,-0.0,0.0
2026-05-26T12:48:56.715,6.496,135,STOP,0.062625,0.021558,-0.010267,0.8,0.0,0.0,L,0,0,-0.0,0.0,-0.0,0.0
2026-05-26T12:48:56.758,6.54,136,STOP,0.092526,0.035752,-0.014194,0.8,0.0,0.0,L,0,0,-0.0,0.0,-0.0,0.0
2026-05-26T12:48:56.792,6.573,137,STOP,0.103908,0.049383,-0.013631,0.8,0.0,0.0,L,0,0,-0.0,0.0,-0.0,0.0
2026-05-26T12:48:56.855,6.636,138,STOP,0.11045,0.061596,-0.012213,0.8,0.0,0.0,M,0,0,-0.0,0.0,-0.0,0.0
2026-05-26T12:48:56.912,6.693,139,STOP,0.115862,0.072449,-0.010853,0.8,0.0,0.0,M,0,0,-0.0,0.0,-0.0,0.0
2026-05-26T12:48:56.987,6.768,140,STOP,0.126517,0.083263,-0.010813,0.8,0.0,0.0,M,0,0,-0.0,0.0,-0.0,0.0
2026-05-26T12:48:57.027,6.808,141,STOP,0.124903,0.091591,-0.008328,0.8,0.0,0.0,M,0,0,-0.0,0.0,-0.0,0.0
2026-05-26T12:48:57.070,6.851,142,STOP,0.126737,0.09862,-0.007029,0.8,0.0,0.0,M,0,0,-0.0,0.0,-0.0,0.0
2026-05-26T12:48:57.107,6.888,143,STOP,0.130119,0.10492,-0.0063,0.8,0.0,0.0,M,0,0,-0.0,0.0,-0.0,0.0
2026-05-26T12:48:57.176,6.957,144,STOP,0.128573,0.109651,-0.004731,0.8,0.0,0.0,M,0,0,-0.0,0.0,-0.0,0.0
2026-05-26T12:48:57.228,7.009,145,STOP,0.11047,0.109815,-0.000164,0.8,0.0,0.0,M,0,0,-0.0,0.0,-0.0,0.0
2026-05-26T12:48:57.268,7.049,146,STOP,0.078878,0.103627,0.006187,0.8,0.0,0.0,M,0,0,-0.0,0.0,-0.0,0.0
2026-05-26T12:48:57.300,7.081,147,STOP,0.058358,0.094573,0.009054,0.8,0.0,0.0,M,0,0,-0.0,0.0,-0.0,0.0
2026-05-26T12:48:57.344,7.126,148,STOP,0.029439,0.081546,0.013027,0.8,0.0,0.0,M,0,0,-0.0,0.0,-0.0,0.0
2026-05-26T12:48:57.367,7.148,149,STOP,0.030487,0.071334,0.010212,0.8,0.0,0.0,M,0,0,-0.0,0.0,-0.0,0.0
2026-05-26T12:48:57.420,7.201,150,STOP,0.02907,0.062881,0.008453,0.8,0.0,0.0,M,0,0,-0.0,0.0,-0.0,0.0
2026-05-26T12:48:57.498,7.279,151,STOP,0.013205,0.052946,0.009935,0.8,0.0,0.0,M,0,0,-0.0,0.0,-0.0,0.0
2026-05-26T12:48:57.540,7.321,152,STOP,0.014938,0.045345,0.007602,0.8,0.0,0.0,L,0,0,-0.0,0.0,-0.0,0.0
2026-05-26T12:48:57.574,7.355,153,STOP,0.011194,0.038514,0.00683,0.8,0.0,0.0,L,0,0,-0.0,0.0,-0.0,0.0
2026-05-26T12:48:57.601,7.382,154,STOP,0.005095,0.03183,0.006684,0.8,0.0,0.0,L,0,0,-0.0,0.0,-0.0,0.0
2026-05-26T12:48:57.628,7.409,155,STOP,0.008506,0.027166,0.004665,0.8,0.0,0.0,L,0,0,-0.0,0.0,-0.0,0.0
2026-05-26T12:48:57.662,7.443,156,STOP,0.01713,0.025158,0.002007,0.8,0.0,0.0,L,0,0,-0.0,0.0,-0.0,0.0
2026-05-26T12:48:57.693,7.474,157,STOP,0.009727,0.022072,0.003086,0.8,0.0,0.0,L,0,0,-0.0,0.0,-0.0,0.0
2026-05-26T12:48:57.756,7.537,158,STOP,0.010495,0.019757,0.002316,0.8,0.0,0.0,L,0,0,-0.0,0.0,-0.0,0.0
2026-05-26T12:48:57.811,7.592,159,STOP,0.003336,0.016472,0.003284,0.8,0.0,0.0,L,0,0,-0.0,0.0,-0.0,0.0
2026-05-26T12:48:57.844,7.625,160,STOP,0.003253,0.013829,0.002644,0.8,0.0,0.0,L,0,0,-0.0,0.0,-0.0,0.0
2026-05-26T12:48:57.913,7.694,161,STOP,0.004176,0.011898,0.001931,0.8,0.0,0.0,L,0,0,-0.0,0.0,-0.0,0.0
2026-05-26T12:48:57.971,7.752,162,STOP,0.010978,0.011714,0.000184,0.8,0.0,0.0,L,0,0,-0.0,0.0,-0.0,0.0
2026-05-26T12:48:58.004,7.786,163,STOP,0.010999,0.011571,0.000143,0.8,0.0,0.0,L,0,0,-0.0,0.0185,-0.0,0.0
2026-05-26T12:48:58.045,7.826,164,STOP,0.003032,0.009863,0.001708,0.8,0.0,0.0,L,0,0,-0.0,0.1459,-0.0,0.0
2026-05-26T12:48:58.111,7.892,165,FORWARD,0.00661,0.009213,0.000651,0.8,0.0,0.0,L,0,0,-0.0,0.4425,-0.0,0.4425
2026-05-26T12:48:58.189,7.97,166,FORWARD,0.013234,0.010017,-0.000804,0.8,0.0,0.0,L,0,0,-0.0,0.5946,-0.0,0.5946
2026-05-26T12:48:58.242,8.024,167,FORWARD,0.032541,0.014522,-0.004505,0.8,0.0,0.0,L,0,0,-0.0,0.6384,-0.0,0.6384
2026-05-26T12:48:58.285,8.066,168,FORWARD,0.036809,0.018979,-0.004458,0.8,0.0,0.0,L,0,0,-0.0,0.6391,-0.0,0.6391
2026-05-26T12:48:58.339,8.12,169,FORWARD,0.040837,0.023351,-0.004372,0.8,0.0,0.0,L,0,0,-0.0,0.6391,-0.0,0.6391
2026-05-26T12:48:58.366,8.147,170,FORWARD,0.04349,0.027378,-0.004028,0.8,0.0,0.0,L,0,0,-0.0,0.6391,-0.0,0.6391
2026-05-26T12:48:58.412,8.194,171,FORWARD,0.040234,0.02995,-0.002571,0.8,0.0,0.0,L,0,0,-0.0,0.6391,-0.0,0.6391
2026-05-26T12:48:58.450,8.232,172,FORWARD,0.046885,0.033337,-0.003387,0.8,0.0,0.0,L,0,0,-0.0,0.6397,-0.0,0.6397
2026-05-26T12:48:58.511,8.292,173,FORWARD,0.056553,0.03798,-0.004643,0.8,0.0,0.0,L,0,0,-0.0,0.6397,-0.0,0.6397
2026-05-26T12:48:58.567,8.349,174,FORWARD,0.063474,0.043079,-0.005099,0.8,0.0,0.0,L,0,0,-0.0,0.6397,-0.0,0.6397
2026-05-26T12:48:58.626,8.407,175,FORWARD,0.070941,0.048651,-0.005572,0.8,0.0,0.0,L,0,0,-0.0,0.6397,0.0365,0.6397
2026-05-26T12:48:58.661,8.442,176,FORWARD,0.073102,0.053541,-0.00489,0.8,0.0,0.0,M,0,0,-0.0,0.6397,0.1697,0.6397
2026-05-26T12:48:58.704,8.485,177,FORWARD,0.075194,0.057872,-0.004331,0.8,0.0,0.0,M,0,0,-0.0,0.6397,0.2469,0.6397
2026-05-26T12:48:58.761,8.542,178,FORWARD,0.070567,0.060411,-0.002539,0.8,0.0,0.0,M,0,0,-0.0,0.6397,0.2811,0.6397
2026-05-26T12:48:58.816,8.597,179,FORWARD,0.066632,0.061655,-0.001244,0.8,0.0,0.0,M,0,0,-0.0,0.6403,0.2758,0.6403
2026-05-26T12:48:58.856,8.637,180,FORWARD,0.061961,0.061716,-6.1e-05,0.8,0.0,0.0,M,0,0,-0.0,0.6397,0.2499,0.6397
2026-05-26T12:48:58.917,8.698,181,FORWARD,0.070957,0.063564,-0.001848,0.8,0.0,0.0,M,0,0,-0.0,0.6465,0.0118,0.6465
2026-05-26T12:48:58.958,8.739,182,FORWARD,0.074141,0.06568,-0.002115,0.8,0.0,0.0,M,0,0,-0.0,0.665,-0.0,0.665
2026-05-26T12:48:58.983,8.764,183,FORWARD,0.081189,0.068782,-0.003102,0.8,0.0,0.0,M,0,0,-0.0,0.6953,-0.0,0.6953
2026-05-26T12:48:59.032,8.814,184,FORWARD,0.092627,0.073551,-0.004769,0.8,0.0,0.0,M,0,0,-0.0,0.7163,-0.0,0.7163
2026-05-26T12:48:59.083,8.864,185,FORWARD,0.093726,0.077586,-0.004035,0.8,0.0,0.0,M,0,0,-0.0,0.7658,-0.0,0.7658
2026-05-26T12:48:59.126,8.907,186,FORWARD,0.083799,0.078828,-0.001243,0.8,0.0,0.0,M,0,0,-0.0,0.8066,-0.0,0.8066
2026-05-26T12:48:59.175,8.956,187,FORWARD,0.077983,0.078659,0.000169,0.8,0.0,0.0,M,0,0,-0.0,0.8177,-0.0,0.8177
2026-05-26T12:48:59.209,8.99,188,FORWARD,0.07654,0.078235,0.000424,0.8,0.0,0.0,M,0,0,-0.0,0.8177,-0.0,0.8177
2026-05-26T12:48:59.272,9.053,189,FORWARD,0.077097,0.078008,0.000228,0.8,0.0,0.0,M,0,0,-0.0,0.8782,-0.0,0.8782
2026-05-26T12:48:59.322,9.103,190,FORWARD,0.077506,0.077907,0.0001,0.8,0.0,0.0,M,0,0,-0.0,0.8782,-0.0,0.8782
2026-05-26T12:48:59.353,9.134,191,FORWARD,0.074865,0.077299,0.000609,0.8,0.0,0.0,M,0,0,-0.0,0.8844,-0.0,0.8844
2026-05-26T12:48:59.377,9.158,192,FORWARD,0.075643,0.076968,0.000331,0.8,0.0,0.0,M,0,0,-0.0,0.8826,-0.0,0.8826
2026-05-26T12:48:59.395,9.176,193,FORWARD,0.074298,0.076434,0.000534,0.8,0.0,0.0,M,0,0,-0.0,0.8826,-0.0,0.8826
2026-05-26T12:48:59.466,9.247,194,FORWARD,0.074417,0.07603,0.000403,0.8,0.0,0.0,M,0,0,-0.0,0.8838,-0.0,0.8838
2026-05-26T12:48:59.508,9.289,195,FORWARD,0.076477,0.07612,-8.9e-05,0.8,0.0,0.0,M,0,0,-0.0,0.8826,-0.0,0.8826
2026-05-26T12:48:59.560,9.341,196,FORWARD,0.088636,0.078623,-0.002503,0.8,0.0,0.0,M,0,0,-0.0,0.8838,-0.0,0.8838
2026-05-26T12:48:59.598,9.38,197,FORWARD,0.09176,0.08125,-0.002627,0.8,0.0,0.0,M,0,0,-0.0,0.8838,-0.0,0.8838
2026-05-26T12:48:59.628,9.41,198,FORWARD,0.091155,0.083231,-0.001981,0.8,0.0,0.0,M,0,0,-0.0,0.8838,-0.0,0.8838
2026-05-26T12:48:59.670,9.451,199,FORWARD,0.079352,0.082455,0.000776,0.8,0.0,0.0,M,0,0,-0.0,0.8838,-0.0,0.8838
2026-05-26T12:48:59.708,9.489,200,FORWARD,0.080037,0.081972,0.000484,0.8,0.0,0.0,M,0,0,-0.0,0.8844,-0.0,0.8844
2026-05-26T12:48:59.738,9.519,201,FORWARD,0.072086,0.079995,0.001977,0.8,0.0,0.0,M,0,0,-0.0,0.885,-0.0,0.885
2026-05-26T12:48:59.810,9.591,202,FORWARD,0.083115,0.080619,-0.000624,0.8,0.0,0.0,M,0,0,-0.0,0.8844,-0.0,0.8844
2026-05-26T12:48:59.843,9.625,203,FORWARD,0.08599,0.081693,-0.001074,0.8,0.0,0.0,M,0,0,-0.0,0.8844,-0.0,0.8844
2026-05-26T12:48:59.876,9.657,204,FORWARD,0.084881,0.08233,-0.000638,0.8,0.0,0.0,M,0,0,-0.0,0.885,-0.0,0.885
2026-05-26T12:48:59.914,9.695,205,FORWARD,0.085991,0.083063,-0.000732,0.8,0.0,0.0,M,0,0,-0.0,0.885,-0.0,0.885
2026-05-26T12:48:59.948,9.729,206,FORWARD,0.089757,0.084401,-0.001339,0.8,0.0,0.0,M,0,0,-0.0,0.885,-0.0,0.885
2026-05-26T12:49:00.001,9.782,207,FORWARD,0.082719,0.084065,0.000336,0.8,0.0,0.0,M,0,0,-0.0,0.8844,-0.0,0.8844
2026-05-26T12:49:00.050,9.831,208,FORWARD,0.100105,0.087273,-0.003208,0.8,0.0,0.0,M,0,0,-0.0,0.885,0.109,0.885
2026-05-26T12:49:00.102,9.884,209,FORWARD,0.105249,0.090868,-0.003595,0.8,0.0,0.0,M,0,0,-0.0,0.419,0.2422,0.419
2026-05-26T12:49:00.168,9.949,210,STOP,0.144239,0.101542,-0.010674,0.8,0.0,0.0,M,0,0,-0.0,0.0,0.0448,0.0
2026-05-26T12:49:00.210,9.992,211,STOP,0.159412,0.113116,-0.011574,0.8,0.0,0.0,M,0,0,-0.0,0.0,-0.0,0.0
2026-05-26T12:49:00.278,10.059,212,STOP,0.157861,0.122065,-0.008949,0.8,0.0,0.0,M,0,0,-0.0,0.0,-0.0,0.0
2026-05-26T12:49:00.336,10.117,213,STOP,0.17267,0.132186,-0.010121,0.8,0.0,0.0,M,0,0,-0.0,0.0,-0.0,0.0
2026-05-26T12:49:00.367,10.148,214,STOP,0.168717,0.139492,-0.007306,0.8,0.0,0.0,M,0,0,-0.0,0.0,-0.0,0.0
2026-05-26T12:49:00.430,10.211,215,STOP,0.146211,0.140836,-0.001344,0.8,0.0,0.0,M,0,0,-0.0,0.0,-0.0,0.0
2026-05-26T12:49:00.506,10.288,216,STOP,0.134723,0.139614,0.001223,0.8,0.0,0.0,M,0,0,-0.0,0.0,-0.0,0.0
2026-05-26T12:49:00.546,10.327,217,STOP,0.137966,0.139284,0.00033,0.8,0.0,0.0,M,0,0,-0.0,0.0,-0.0,0.0
2026-05-26T12:49:00.565,10.346,218,STOP,0.084681,0.128364,0.010921,0.8,0.0,0.0,M,0,0,-0.0,0.0,-0.0,0.0
2026-05-26T12:49:00.637,10.418,219,STOP,0.082571,0.119205,0.009158,0.8,0.0,0.0,M,0,0,-0.0,0.0,-0.0,0.0
2026-05-26T12:49:00.679,10.46,220,STOP,0.077505,0.110865,0.00834,0.8,0.0,0.0,M,0,0,-0.0,0.0,-0.0,0.0
2026-05-26T12:49:00.729,10.51,221,STOP,0.079568,0.104605,0.006259,0.8,0.0,0.0,M,0,0,-0.0,0.0,-0.0,0.0
2026-05-26T12:49:00.768,10.549,222,STOP,0.064546,0.096594,0.008012,0.8,0.0,0.0,M,0,0,-0.0,0.0,-0.0,0.0
2026-05-26T12:49:00.802,10.583,223,STOP,0.037731,0.084821,0.011773,0.8,0.0,0.0,M,0,0,-0.0,0.0,-0.0,0.0
2026-05-26T12:49:00.864,10.645,224,STOP,0.03083,0.074023,0.010798,0.8,0.0,0.0,M,0,0,-0.0,0.0,-0.0,0.0
2026-05-26T12:49:00.899,10.681,225,STOP,0.027379,0.064694,0.009329,0.8,0.0,0.0,M,0,0,-0.0,0.0,-0.0,0.0
2026-05-26T12:49:00.964,10.745,226,STOP,0.02284,0.056323,0.008371,0.8,0.0,0.0,M,0,0,-0.0,0.0,-0.0,0.0
2026-05-26T12:49:01.008,10.789,227,STOP,0.037623,0.052583,0.00374,0.8,0.0,0.0,M,0,0,-0.0,0.0,-0.0,0.0
2026-05-26T12:49:01.051,10.832,228,STOP,0.040408,0.050148,0.002435,0.8,0.0,0.0,M,0,0,-0.0,0.0,-0.0,0.0
2026-05-26T12:49:01.128,10.91,229,STOP,0.016579,0.043434,0.006714,0.8,0.0,0.0,L,0,0,-0.0,0.0,-0.0,0.0
2026-05-26T12:49:01.182,10.964,230,STOP,0.02286,0.03932,0.004115,0.8,0.0,0.0,L,0,0,-0.0,0.0,-0.0,0.0
2026-05-26T12:49:01.255,11.037,231,STOP,0.021251,0.035706,0.003614,0.8,0.0,0.0,L,0,0,-0.0,0.0,-0.0,0.0
2026-05-26T12:49:01.287,11.069,232,STOP,0.031979,0.03496,0.000745,0.8,0.0,0.0,L,0,0,-0.0,0.0,-0.0,0.0
2026-05-26T12:49:01.328,11.109,233,STOP,0.026186,0.033205,0.001755,0.8,0.0,0.0,L,0,0,-0.0,0.0,-0.0,0.0
2026-05-26T12:49:01.379,11.16,234,STOP,0.013816,0.029328,0.003878,0.8,0.0,0.0,L,0,0,-0.0,0.0,-0.0,0.0
2026-05-26T12:49:01.448,11.229,235,STOP,0.01405,0.026272,0.003056,0.8,0.0,0.0,L,0,0,-0.0,0.0,-0.0,0.0
2026-05-26T12:49:01.515,11.296,236,STOP,0.010629,0.023143,0.003129,0.8,0.0,0.0,L,0,0,-0.0,0.0,-0.0,0.0
2026-05-26T12:49:01.579,11.36,237,STOP,0.010811,0.020677,0.002466,0.8,0.0,0.0,L,0,0,-0.0,0.0,-0.0,0.0
2026-05-26T12:49:01.627,11.408,238,STOP,0.021077,0.020757,-8e-05,0.8,0.0,0.0,L,0,0,-0.0,0.0,-0.0,0.0
2026-05-26T12:49:01.665,11.447,239,STOP,0.026827,0.021971,-0.001214,0.8,0.0,0.0,L,0,0,-0.0,0.0,-0.0,0.0
2026-05-26T12:49:01.711,11.492,240,STOP,0.015636,0.020704,0.001267,0.8,0.0,0.0,L,0,0,-0.0,0.0,-0.0,0.0
2026-05-26T12:49:01.752,11.533,241,STOP,0.00587,0.017737,0.002967,0.8,0.0,0.0,L,0,0,-0.0,0.0,-0.0,0.0
2026-05-26T12:49:01.789,11.57,242,STOP,0.007329,0.015655,0.002082,0.8,0.0,0.0,L,0,0,-0.0,0.0,-0.0,0.0
2026-05-26T12:49:01.817,11.598,243,STOP,0.01381,0.015286,0.000369,0.8,0.0,0.0,L,0,0,-0.0,0.0,-0.0,0.0
2026-05-26T12:49:01.867,11.648,244,STOP,0.009167,0.014062,0.001224,0.8,0.0,0.0,L,0,0,-0.0,0.0,-0.0,0.0
2026-05-26T12:49:01.923,11.704,245,STOP,0.004679,0.012186,0.001877,0.8,0.0,0.0,L,0,0,-0.0,0.0,-0.0,0.0
2026-05-26T12:49:01.961,11.742,246,STOP,0.004219,0.010592,0.001593,0.8,0.0,0.0,L,0,0,-0.0,0.0,-0.0,0.0
2026-05-26T12:49:01.989,11.77,247,STOP,0.001773,0.008828,0.001764,0.8,0.0,0.0,L,0,0,-0.0,0.0,-0.0,0.0
2026-05-26T12:49:02.023,11.805,248,STOP,0.004165,0.007896,0.000933,0.8,0.0,0.0,L,0,0,-0.0,0.0,-0.0,0.0
2026-05-26T12:49:02.059,11.84,249,STOP,0.004553,0.007227,0.000668,0.8,0.0,0.0,L,0,0,-0.0,0.0,-0.0,0.0
2026-05-26T12:49:02.100,11.882,250,STOP,0.003716,0.006525,0.000702,0.8,0.0,0.0,L,0,0,-0.0,0.0,-0.0,0.0
2026-05-26T12:49:02.169,11.95,251,STOP,0.005129,0.006246,0.000279,0.8,0.0,0.0,L,0,0,-0.0,0.0,-0.0,0.0
2026-05-26T12:49:02.210,11.991,252,STOP,0.005867,0.00617,7.6e-05,0.8,0.0,0.0,L,0,0,-0.0,0.0,-0.0,0.0
2026-05-26T12:49:02.299,12.08,253,STOP,0.007867,0.00651,-0.000339,0.8,0.0,0.0,L,0,0,-0.0,0.0,-0.0,0.0
2026-05-26T12:49:02.336,12.117,254,STOP,0.005234,0.006254,0.000255,0.8,0.0,0.0,L,0,0,-0.0,0.0,-0.0,0.0
2026-05-26T12:49:02.378,12.159,255,STOP,0.003549,0.005713,0.000541,0.8,0.0,0.0,L,0,0,-0.0,0.0,-0.0,0.0
2026-05-26T12:49:02.411,12.192,256,STOP,0.003391,0.005249,0.000465,0.8,0.0,0.0,L,0,0,-0.0,0.0,-0.0,0.0
2026-05-26T12:49:02.441,12.223,257,STOP,0.002257,0.00465,0.000598,0.8,0.0,0.0,L,0,0,-0.0,0.0,-0.0,0.0
2026-05-26T12:49:02.481,12.263,258,STOP,0.003235,0.004367,0.000283,0.8,0.0,0.0,L,0,0,-0.0,0.0,-0.0,0.0
2026-05-26T12:49:02.514,12.295,259,STOP,0.002973,0.004088,0.000279,0.8,0.0,0.0,L,0,0,-0.0,0.0,-0.0,0.0
2026-05-26T12:49:02.564,12.346,260,STOP,0.001619,0.003594,0.000494,0.8,0.0,0.0,L,0,0,-0.0,0.0,-0.0,0.0
2026-05-26T12:49:02.585,12.366,261,STOP,0.001367,0.003149,0.000445,0.8,0.0,0.0,L,0,0,-0.0,0.0,-0.0,0.0
2026-05-26T12:49:02.627,12.409,262,STOP,0.001532,0.002826,0.000323,0.8,0.0,0.0,L,0,0,-0.0,0.0,-0.0,0.0
2026-05-26T12:49:02.671,12.452,263,STOP,0.001463,0.002553,0.000273,0.8,0.0,0.0,L,0,0,-0.0,0.0,-0.0,0.0
2026-05-26T12:49:02.711,12.492,264,STOP,0.001569,0.002356,0.000197,0.8,0.0,0.0,L,0,0,-0.0,0.0,-0.0,0.0
2026-05-26T12:49:02.757,12.538,265,STOP,0.003523,0.00259,-0.000233,0.8,0.0,0.0,L,0,0,-0.0,0.0,-0.0,0.0
2026-05-26T12:49:02.786,12.567,266,STOP,0.003871,0.002846,-0.000256,0.8,0.0,0.0,L,0,0,-0.0,0.0,-0.0,0.0
2026-05-26T12:49:02.835,12.617,267,STOP,0.003595,0.002996,-0.00015,0.8,0.0,0.0,L,0,0,-0.0,0.0,-0.0,0.0
2026-05-26T12:49:02.877,12.659,268,STOP,0.003283,0.003053,-5.8e-05,0.8,0.0,0.0,L,0,0,-0.0,0.0,-0.0,0.0
2026-05-26T12:49:02.917,12.699,269,STOP,0.003059,0.003054,-1e-06,0.8,0.0,0.0,L,0,0,-0.0,0.0,-0.0,0.0
2026-05-26T12:49:02.993,12.774,270,STOP,0.001671,0.002778,0.000277,0.8,0.0,0.0,L,0,0,-0.0,0.0,-0.0,0.0
2026-05-26T12:49:03.047,12.828,271,STOP,0.001352,0.002492,0.000285,0.8,0.0,0.0,L,0,0,-0.0,0.0,-0.0,0.0
2026-05-26T12:49:03.099,12.88,272,STOP,0.003231,0.00264,-0.000148,0.8,0.0,0.0,L,0,0,-0.0,0.0,-0.0,0.0
2026-05-26T12:49:03.131,12.912,273,STOP,0.002106,0.002533,0.000107,0.8,0.0,0.0,L,0,0,-0.0,0.0,-0.0,0.0
2026-05-26T12:49:03.174,12.955,274,STOP,0.003357,0.002698,-0.000165,0.8,0.0,0.0,L,0,0,-0.0,0.0,-0.0,0.0
2026-05-26T12:49:03.231,13.012,275,STOP,0.002009,0.00256,0.000138,0.8,0.0,0.0,L,0,0,-0.0,0.0,-0.0,0.0
2026-05-26T12:49:03.252,13.033,276,STOP,0.00221,0.00249,7e-05,0.8,0.0,0.0,L,0,0,-0.0,0.0,-0.0,0.0
2026-05-26T12:49:03.291,13.072,277,STOP,0.001693,0.002331,0.00016,0.8,0.0,0.0,L,0,0,-0.0,0.0,-0.0,0.0
2026-05-26T12:49:03.330,13.111,278,STOP,0.002191,0.002303,2.8e-05,0.8,0.0,0.0,L,0,0,-0.0,0.0,-0.0,0.0
2026-05-26T12:49:03.358,13.139,279,STOP,0.002418,0.002326,-2.3e-05,0.8,0.0,0.0,L,0,0,-0.0,0.0,-0.0,0.0
2026-05-26T12:49:03.404,13.185,280,STOP,0.001661,0.002193,0.000133,0.8,0.0,0.0,L,0,0,-0.0,0.0,-0.0,0.0
2026-05-26T12:49:03.436,13.217,281,STOP,0.00251,0.002256,-6.3e-05,0.8,0.0,0.0,L,0,0,-0.0,0.0,-0.0,0.0
2026-05-26T12:49:03.496,13.277,282,STOP,0.001772,0.002159,9.7e-05,0.8,0.0,0.0,L,0,0,-0.0,0.0,-0.0,0.0
2026-05-26T12:49:03.523,13.304,283,STOP,0.001449,0.002017,0.000142,0.8,0.0,0.0,L,0,0,-0.0,0.0,-0.0,0.0
2026-05-26T12:49:03.552,13.333,284,STOP,0.001674,0.001948,6.9e-05,0.8,0.0,0.0,L,0,0,-0.0,0.0,-0.0,0.0
2026-05-26T12:49:03.593,13.375,285,STOP,0.001861,0.001931,1.7e-05,0.8,0.0,0.0,L,0,0,-0.0,0.0,-0.0,0.0
2026-05-26T12:49:03.627,13.408,286,STOP,0.001573,0.001859,7.2e-05,0.8,0.0,0.0,L,0,0,-0.0,0.0,-0.0,0.0
2026-05-26T12:49:03.663,13.444,287,STOP,0.00251,0.001989,-0.00013,0.8,0.0,0.0,L,0,0,-0.0,0.0,-0.0,0.0
2026-05-26T12:49:03.721,13.502,288,STOP,0.001454,0.001882,0.000107,0.8,0.0,0.0,L,0,0,-0.0,0.0,-0.0,0.0
2026-05-26T12:49:03.755,13.536,289,STOP,0.001688,0.001843,3.9e-05,0.8,0.0,0.0,L,0,0,-0.0,0.0,-0.0,0.0
2026-05-26T12:49:03.789,13.571,290,STOP,0.002025,0.00188,-3.6e-05,0.8,0.0,0.0,L,0,0,-0.0,0.0,-0.0,0.0
2026-05-26T12:49:03.819,13.6,291,STOP,0.002154,0.001934,-5.5e-05,0.8,0.0,0.0,L,0,0,-0.0,0.0,-0.0,0.0
2026-05-26T12:49:03.869,13.65,292,STOP,0.001408,0.001829,0.000105,0.8,0.0,0.0,L,0,0,-0.0,0.0,-0.0,0.0
2026-05-26T12:49:03.900,13.681,293,STOP,0.00254,0.001971,-0.000142,0.8,0.0,0.0,L,0,0,-0.0,0.0,-0.0,0.0
2026-05-26T12:49:03.943,13.724,294,STOP,0.002248,0.002027,-5.5e-05,0.8,0.0,0.0,L,0,0,-0.0,0.0,-0.0,0.0
2026-05-26T12:49:03.987,13.768,295,STOP,0.001339,0.001889,0.000138,0.8,0.0,0.0,L,0,0,-0.0,0.0,-0.0,0.0
2026-05-26T12:49:04.051,13.832,296,STOP,0.00176,0.001863,2.6e-05,0.8,0.0,0.0,L,0,0,-0.0,0.0,-0.0,0.0
2026-05-26T12:49:04.090,13.871,297,STOP,0.001642,0.001819,4.4e-05,0.8,0.0,0.0,L,0,0,-0.0,0.0,-0.0,0.0
2026-05-26T12:49:04.127,13.909,298,STOP,0.001791,0.001813,6e-06,0.8,0.0,0.0,L,0,0,-0.0,0.0,-0.0,0.0
2026-05-26T12:49:04.197,13.978,299,STOP,0.00391,0.002233,-0.000419,0.8,0.0,0.0,L,0,0,-0.0,0.0,-0.0,0.0
2026-05-26T12:49:04.239,14.021,300,STOP,0.010741,0.003934,-0.001702,0.8,0.0,0.0,L,0,0,-0.0,0.0,-0.0,0.0
2026-05-26T12:49:04.265,14.046,301,STOP,0.021792,0.007506,-0.003572,0.8,0.0,0.0,L,0,0,-0.0,0.0,-0.0,0.0
2026-05-26T12:49:04.299,14.08,302,STOP,0.031528,0.01231,-0.004804,0.8,0.0,0.0,L,0,0,-0.0,0.0,-0.0,0.0
2026-05-26T12:49:04.331,14.112,303,STOP,0.04178,0.018204,-0.005894,0.8,0.0,0.0,L,0,0,-0.0,0.0,-0.0,0.0
2026-05-26T12:49:04.364,14.145,304,STOP,0.054912,0.025546,-0.007342,0.8,0.0,0.0,L,0,0,-0.0,0.0,-0.0,0.0
2026-05-26T12:49:04.438,14.219,305,STOP,0.075951,0.035627,-0.010081,0.8,0.0,0.0,L,0,0,-0.0,0.0,-0.0,0.0
2026-05-26T12:49:04.498,14.279,306,STOP,0.0792,0.044342,-0.008715,0.8,0.0,0.0,L,0,0,-0.0,0.0,-0.0,0.0
2026-05-26T12:49:04.541,14.322,307,STOP,0.072838,0.050041,-0.005699,0.8,0.0,0.0,M,0,0,-0.0,0.0,-0.0,0.0
2026-05-26T12:49:04.575,14.356,308,STOP,0.060016,0.052036,-0.001995,0.8,0.0,0.0,M,0,0,-0.0,0.0,-0.0,0.0
2026-05-26T12:49:04.645,14.426,309,STOP,0.040384,0.049705,0.00233,0.8,0.0,0.0,L,0,0,-0.0,0.0,-0.0,0.0
2026-05-26T12:49:04.682,14.463,310,STOP,0.006796,0.041124,0.008582,0.8,0.0,0.0,L,0,0,-0.0,0.0,-0.0,0.0
2026-05-26T12:49:04.711,14.492,311,STOP,0.016678,0.036234,0.004889,0.8,0.0,0.0,L,0,0,-0.0,0.0,-0.0,0.0
2026-05-26T12:49:04.767,14.548,312,STOP,0.003039,0.029595,0.006639,0.8,0.0,0.0,L,0,0,-0.0,0.0,-0.0,0.0
2026-05-26T12:49:04.793,14.574,313,STOP,0.008247,0.025326,0.00427,0.8,0.0,0.0,L,0,0,-0.0,0.0,-0.0,0.0
2026-05-26T12:49:04.852,14.634,314,STOP,0.019088,0.024078,0.001247,0.8,0.0,0.0,L,0,0,-0.0,0.0,-0.0,0.0
2026-05-26T12:49:04.889,14.67,315,STOP,0.005766,0.020416,0.003662,0.8,0.0,0.0,L,0,0,-0.0,0.0,-0.0,0.0
2026-05-26T12:49:04.925,14.706,316,STOP,0.004206,0.017174,0.003242,0.8,0.0,0.0,L,0,0,-0.0,0.0,-0.0,0.0
2026-05-26T12:49:04.952,14.733,317,STOP,0.013189,0.016377,0.000797,0.8,0.0,0.0,L,0,0,-0.0,0.0,-0.0,0.0
2026-05-26T12:49:05.021,14.802,318,STOP,0.017833,0.016668,-0.000291,0.8,0.0,0.0,L,0,0,-0.0,0.0,-0.0,0.0
2026-05-26T12:49:05.055,14.836,319,STOP,0.03101,0.019537,-0.002868,0.8,0.0,0.0,L,0,0,-0.0,0.0,-0.0,0.0
2026-05-26T12:49:05.103,14.884,320,STOP,0.047341,0.025097,-0.005561,0.8,0.0,0.0,L,0,0,-0.0,0.0,-0.0,0.0
2026-05-26T12:49:05.142,14.923,321,STOP,0.05567,0.031212,-0.006115,0.8,0.0,0.0,L,0,0,-0.0,0.0,-0.0,0.0
2026-05-26T12:49:05.197,14.978,322,STOP,0.071308,0.039231,-0.008019,0.8,0.0,0.0,L,0,0,-0.0,0.0,-0.0,0.0
2026-05-26T12:49:05.232,15.014,323,STOP,0.06826,0.045037,-0.005806,0.8,0.0,0.0,L,0,0,-0.0,0.0,-0.0,0.0
2026-05-26T12:49:05.264,15.045,324,STOP,0.066927,0.049415,-0.004378,0.8,0.0,0.0,L,0,0,-0.0,0.0,-0.0,0.0
2026-05-26T12:49:05.311,15.092,325,STOP,0.05914,0.05136,-0.001945,0.8,0.0,0.0,M,0,0,-0.0,0.0,-0.0,0.0
2026-05-26T12:49:05.351,15.132,326,STOP,0.042729,0.049634,0.001726,0.8,0.0,0.0,L,0,0,-0.0,0.0,-0.0,0.0
2026-05-26T12:49:05.390,15.172,327,STOP,0.007884,0.041284,0.00835,0.8,0.0,0.0,L,0,0,-0.0,0.0,-0.0,0.0
2026-05-26T12:49:05.451,15.232,328,STOP,0.01062,0.035151,0.006133,0.8,0.0,0.0,L,0,0,-0.0,0.0,-0.0,0.0
2026-05-26T12:49:05.488,15.269,329,STOP,0.016242,0.031369,0.003782,0.8,0.0,0.0,L,0,0,-0.0,0.0,-0.0,0.0
2026-05-26T12:49:05.515,15.296,330,STOP,0.006046,0.026304,0.005065,0.8,0.0,0.0,L,0,0,-0.0,0.0,-0.0,0.0
2026-05-26T12:49:05.548,15.329,331,STOP,0.014956,0.024035,0.00227,0.8,0.0,0.0,L,0,0,-0.0,0.0,-0.0,0.0
2026-05-26T12:49:05.610,15.391,332,STOP,0.018162,0.02286,0.001175,0.8,0.0,0.0,L,0,0,-0.0,0.0,-0.0,0.0
2026-05-26T12:49:05.647,15.428,333,STOP,0.006832,0.019655,0.003206,0.8,0.0,0.0,L,0,0,-0.0,0.0,-0.0,0.0
2026-05-26T12:49:05.677,15.458,334,STOP,0.009883,0.0177,0.001954,0.8,0.0,0.0,L,0,0,-0.0,0.0,-0.0,0.0
2026-05-26T12:49:05.711,15.492,335,STOP,0.015534,0.017267,0.000433,0.8,0.0,0.0,L,0,0,-0.0,0.0,-0.0,0.0
2026-05-26T12:49:05.753,15.534,336,STOP,0.012534,0.016321,0.000947,0.8,0.0,0.0,L,0,0,-0.0,0.0,-0.0,0.0
2026-05-26T12:49:05.784,15.566,337,STOP,0.007981,0.014653,0.001668,0.8,0.0,0.0,L,0,0,-0.0,0.0,-0.0,0.0
2026-05-26T12:49:05.814,15.595,338,STOP,0.003005,0.012323,0.00233,0.8,0.0,0.0,L,0,0,-0.0,0.0,-0.0,0.0
2026-05-26T12:49:05.857,15.638,339,STOP,0.007359,0.01133,0.000993,0.8,0.0,0.0,L,0,0,-0.0,0.0,-0.0,0.0
2026-05-26T12:49:05.905,15.687,340,STOP,0.00422,0.009908,0.001422,0.8,0.0,0.0,L,0,0,-0.0,0.0,-0.0,0.0
2026-05-26T12:49:05.948,15.73,341,STOP,0.002552,0.008437,0.001471,0.8,0.0,0.0,L,0,0,-0.0,0.0,-0.0,0.0
2026-05-26T12:49:05.979,15.76,342,STOP,0.003505,0.007451,0.000986,0.8,0.0,0.0,L,0,0,-0.0,0.0,-0.0,0.0
2026-05-26T12:49:06.029,15.81,343,STOP,0.010174,0.007995,-0.000545,0.8,0.0,0.0,L,0,0,-0.0,0.0,-0.0,0.0
2026-05-26T12:49:06.048,15.829,344,STOP,0.019866,0.010369,-0.002374,0.8,0.0,0.0,L,0,0,-0.0,0.0,-0.0,0.0
2026-05-26T12:49:06.076,15.858,345,STOP,0.029465,0.014189,-0.003819,0.8,0.0,0.0,L,0,0,-0.0,0.0,-0.0,0.0
2026-05-26T12:49:06.121,15.902,346,STOP,0.036472,0.018645,-0.004457,0.8,0.0,0.0,L,0,0,-0.0,0.0,-0.0,0.0
2026-05-26T12:49:06.157,15.938,347,STOP,0.043284,0.023573,-0.004928,0.8,0.0,0.0,L,0,0,-0.0,0.0,-0.0,0.0
2026-05-26T12:49:06.209,15.99,348,STOP,0.049699,0.028798,-0.005225,0.8,0.0,0.0,L,0,0,-0.0,0.0,-0.0,0.0
2026-05-26T12:49:06.248,16.029,349,STOP,0.060519,0.035142,-0.006344,0.8,0.0,0.0,L,0,0,-0.0,0.0,-0.0,0.0
2026-05-26T12:49:06.303,16.084,350,STOP,0.061511,0.040416,-0.005274,0.8,0.0,0.0,L,0,0,-0.0,0.0,-0.0,0.0
2026-05-26T12:49:06.351,16.132,351,STOP,0.057164,0.043766,-0.00335,0.8,0.0,0.0,L,0,0,-0.0,0.0,-0.0,0.0
2026-05-26T12:49:06.382,16.164,352,STOP,0.045121,0.044037,-0.000271,0.8,0.0,0.0,L,0,0,-0.0,0.0,-0.0,0.0
2026-05-26T12:49:06.421,16.202,353,STOP,0.029505,0.04113,0.002906,0.8,0.0,0.0,L,0,0,-0.0,0.0,-0.0,0.0
2026-05-26T12:49:06.479,16.26,354,STOP,0.009374,0.034779,0.006351,0.8,0.0,0.0,L,0,0,-0.0,0.0,-0.0,0.0
2026-05-26T12:49:06.516,16.297,355,STOP,0.016018,0.031027,0.003752,0.8,0.0,0.0,L,0,0,-0.0,0.0,-0.0,0.0
2026-05-26T12:49:06.546,16.327,356,STOP,0.010061,0.026834,0.004193,0.8,0.0,0.0,L,0,0,-0.0,0.0,-0.0,0.0
2026-05-26T12:49:06.580,16.362,357,STOP,0.010931,0.023653,0.00318,0.8,0.0,0.0,L,0,0,-0.0,0.0,-0.0,0.0
2026-05-26T12:49:06.639,16.42,358,STOP,0.017196,0.022362,0.001291,0.8,0.0,0.0,L,0,0,-0.0,0.0,-0.0,0.0
2026-05-26T12:49:06.694,16.475,359,STOP,0.004289,0.018747,0.003615,0.8,0.0,0.0,L,0,0,-0.0,0.0,-0.0,0.0
2026-05-26T12:49:06.736,16.517,360,STOP,0.005488,0.016095,0.002652,0.8,0.0,0.0,L,0,0,-0.0,0.0,-0.0,0.0
2026-05-26T12:49:06.799,16.58,361,STOP,0.008499,0.014576,0.001519,0.8,0.0,0.0,L,0,0,-0.0,0.0,-0.0,0.0
2026-05-26T12:49:06.836,16.617,362,STOP,0.009404,0.013542,0.001034,0.8,0.0,0.0,L,0,0,-0.0,0.0,-0.0,0.0
2026-05-26T12:49:06.892,16.673,363,STOP,0.006273,0.012088,0.001454,0.8,0.0,0.0,L,0,0,-0.0,0.0,-0.0,0.0
2026-05-26T12:49:06.931,16.713,364,STOP,0.005687,0.010808,0.00128,0.8,0.0,0.0,L,0,0,-0.0,0.0,-0.0,0.0
2026-05-26T12:49:06.958,16.739,365,STOP,0.004398,0.009526,0.001282,0.8,0.0,0.0,L,0,0,-0.0,0.0,-0.0,0.0
2026-05-26T12:49:07.031,16.812,366,STOP,0.002979,0.008217,0.001309,0.8,0.0,0.0,L,0,0,-0.0,0.1143,-0.0,0.0
2026-05-26T12:49:07.074,16.855,367,FORWARD,0.002323,0.007038,0.001179,0.8,0.0,0.0,L,0,0,-0.0,0.5569,-0.0,0.5569
2026-05-26T12:49:07.138,16.92,368,FORWARD,0.004888,0.006608,0.00043,0.8,0.0,0.0,L,0,0,-0.0,0.8158,-0.0,0.8158
2026-05-26T12:49:07.172,16.953,369,FORWARD,0.007666,0.006819,-0.000212,0.8,0.0,0.0,L,0,0,-0.0,0.8931,-0.0,0.8931
2026-05-26T12:49:07.206,16.987,370,FORWARD,0.014128,0.008281,-0.001462,0.8,0.0,0.0,L,0,0,-0.0,0.8949,-0.0,0.8949
2026-05-26T12:49:07.228,17.009,371,FORWARD,0.025673,0.011759,-0.003478,0.8,0.0,0.0,L,0,0,-0.0,0.8962,-0.0,0.8962
2026-05-26T12:49:07.266,17.048,372,FORWARD,0.039154,0.017238,-0.005479,0.8,0.0,0.0,L,0,0,-0.0,0.8956,-0.0,0.8956
2026-05-26T12:49:07.289,17.07,373,FORWARD,0.045222,0.022835,-0.005597,0.8,0.0,0.0,L,0,0,-0.0,0.8949,-0.0,0.8949
2026-05-26T12:49:07.322,17.103,374,FORWARD,0.048643,0.027997,-0.005162,0.8,0.0,0.0,L,0,0,-0.0,0.8752,-0.0,0.8752
2026-05-26T12:49:07.345,17.126,375,FORWARD,0.045627,0.031523,-0.003526,0.8,0.0,0.0,L,0,0,-0.0,0.8752,-0.0,0.8752
2026-05-26T12:49:07.376,17.158,376,FORWARD,0.036066,0.032431,-0.000909,0.8,0.0,0.0,L,0,0,-0.0,0.6125,-0.0,0.6125
2026-05-26T12:49:07.410,17.191,377,FORWARD,0.041146,0.034174,-0.001743,0.8,0.0,0.0,L,0,0,-0.0,0.6125,-0.0,0.6125
2026-05-26T12:49:07.452,17.233,378,STOP,0.048343,0.037008,-0.002834,0.8,0.0,0.0,L,0,0,-0.0,0.0,-0.0,0.0
2026-05-26T12:49:07.488,17.269,379,STOP,0.051168,0.03984,-0.002832,0.8,0.0,0.0,L,0,0,-0.0,0.0,-0.0,0.0
2026-05-26T12:49:07.534,17.315,380,STOP,0.052118,0.042296,-0.002456,0.8,0.0,0.0,L,0,0,-0.0,0.0,-0.0,0.0
2026-05-26T12:49:07.555,17.337,381,STOP,0.050855,0.044008,-0.001712,0.8,0.0,0.0,L,0,0,-0.0,0.0,-0.0,0.0
2026-05-26T12:49:07.579,17.36,382,STOP,0.046467,0.044499,-0.000492,0.8,0.0,0.0,L,0,0,-0.0,0.0,-0.0,0.0
2026-05-26T12:49:07.616,17.397,383,STOP,0.04358,0.044316,0.000184,0.8,0.0,0.0,L,0,0,-0.0,0.0,-0.0,0.0
2026-05-26T12:49:07.655,17.436,384,STOP,0.042228,0.043898,0.000417,0.8,0.0,0.0,L,0,0,-0.0,0.0,-0.0,0.0
2026-05-26T12:49:07.708,17.489,385,STOP,0.046798,0.044478,-0.00058,0.8,0.0,0.0,L,0,0,-0.0,0.0,-0.0,0.0
2026-05-26T12:49:07.750,17.531,386,STOP,0.041182,0.043819,0.000659,0.8,0.0,0.0,L,0,0,-0.0,0.0,-0.0,0.0
2026-05-26T12:49:07.800,17.582,387,STOP,0.028942,0.040843,0.002975,0.8,0.0,0.0,L,0,0,-0.0,0.0,-0.0,0.0
2026-05-26T12:49:07.843,17.624,388,STOP,0.038519,0.040379,0.000465,0.8,0.0,0.0,L,0,0,-0.0,0.0,-0.0,0.0
2026-05-26T12:49:07.905,17.687,389,STOP,0.054487,0.0432,-0.002822,0.8,0.0,0.0,L,0,0,-0.0,0.0,-0.0,0.0
2026-05-26T12:49:07.977,17.758,390,STOP,0.046886,0.043937,-0.000737,0.8,0.0,0.0,L,0,0,-0.0,0.0,-0.0,0.0
2026-05-26T12:49:08.030,17.812,391,STOP,0.045177,0.044185,-0.000248,0.8,0.0,0.0,L,0,0,-0.0,0.0,-0.0,0.0
2026-05-26T12:49:08.072,17.854,392,STOP,0.032007,0.04175,0.002436,0.8,0.0,0.0,L,0,0,-0.0,0.0655,-0.0,0.0
2026-05-26T12:49:08.117,17.898,393,FORWARD,0.019142,0.037228,0.004522,0.8,0.0,0.0,L,0,0,-0.0,0.4697,-0.0,0.4697
2026-05-26T12:49:08.150,17.932,394,FORWARD,0.03408,0.036599,0.00063,0.8,0.0,0.0,L,0,0,-0.0,0.4697,-0.0,0.4697
2026-05-26T12:49:08.210,17.991,395,FORWARD,0.015074,0.032294,0.004305,0.8,0.0,0.0,L,0,0,-0.0,0.602,-0.0,0.602
2026-05-26T12:49:08.266,18.048,396,FORWARD,0.013779,0.028591,0.003703,0.8,0.0,0.0,L,0,0,-0.0,0.6075,-0.0,0.6075
2026-05-26T12:49:08.304,18.085,397,FORWARD,0.016348,0.026142,0.002449,0.8,0.0,0.0,L,0,0,-0.0,0.6082,-0.0,0.6082
2026-05-26T12:49:08.336,18.117,398,FORWARD,0.033435,0.027601,-0.001459,0.8,0.0,0.0,L,0,0,-0.0,0.6088,-0.0,0.6088
2026-05-26T12:49:08.372,18.154,399,FORWARD,0.045515,0.031184,-0.003583,0.8,0.0,0.0,L,0,0,-0.0,0.6088,-0.0,0.6088
2026-05-26T12:49:08.440,18.221,400,FORWARD,0.041272,0.033201,-0.002018,0.8,0.0,0.0,L,0,0,-0.0,0.6088,-0.0,0.6088
2026-05-26T12:49:08.484,18.266,401,FORWARD,0.036683,0.033898,-0.000696,0.8,0.0,0.0,L,0,0,-0.0,0.6082,-0.0,0.6082
2026-05-26T12:49:08.542,18.323,402,FORWARD,0.038931,0.034904,-0.001007,0.8,0.0,0.0,L,0,0,-0.0,0.6082,-0.0,0.6082
2026-05-26T12:49:08.583,18.365,403,FORWARD,0.040455,0.036015,-0.00111,0.8,0.0,0.0,L,0,0,-0.0,0.6069,-0.0,0.6069
2026-05-26T12:49:08.634,18.415,404,FORWARD,0.043973,0.037606,-0.001592,0.8,0.0,0.0,L,0,0,-0.0,0.6051,-0.0,0.6051
2026-05-26T12:49:08.680,18.461,405,FORWARD,0.037866,0.037658,-5.2e-05,0.8,0.0,0.0,L,0,0,-0.0,0.5871,-0.0,0.5871
2026-05-26T12:49:08.707,18.488,406,FORWARD,0.038719,0.03787,-0.000212,0.8,0.0,0.0,L,0,0,-0.0,0.5457,-0.0,0.5457
2026-05-26T12:49:08.761,18.543,407,FORWARD,0.038724,0.038041,-0.000171,0.8,0.0,0.0,L,0,0,-0.0,0.5099,0.2139,0.5099
2026-05-26T12:49:08.806,18.587,408,FORWARD,0.032176,0.036868,0.001173,0.8,0.0,0.0,L,0,0,-0.0,0.4691,0.2504,0.4691
2026-05-26T12:49:08.822,18.603,409,FORWARD,0.039568,0.037408,-0.00054,0.8,0.0,0.0,L,0,0,-0.0,0.3986,0.254,0.3986
2026-05-26T12:49:08.864,18.645,410,FORWARD,0.047392,0.039405,-0.001997,0.8,0.0,0.0,L,0,0,-0.0,0.309,0.2522,0.309
2026-05-26T12:49:08.914,18.695,411,STOP,0.036181,0.03876,0.000645,0.8,0.0,0.0,L,0,0,-0.0,0.2002,0.2557,0.0
2026-05-26T12:49:08.951,18.733,412,ROT_R,0.028983,0.036805,0.001955,0.8,0.0,0.0,L,0,0,-0.0,0.123,0.3282,0.3282
2026-05-26T12:49:09.002,18.783,413,ROT_R,0.025503,0.034544,0.00226,0.8,0.0,0.0,L,0,0,-0.0,0.0,0.475,0.475
2026-05-26T12:49:09.033,18.814,414,ROT_R,0.028844,0.033404,0.00114,0.8,0.0,0.0,L,0,0,-0.0,0.0,0.5209,0.5209
2026-05-26T12:49:09.076,18.857,415,ROT_R,0.040305,0.034784,-0.00138,0.8,0.0,0.0,L,0,0,-0.0,0.0,0.5616,0.5616
2026-05-26T12:49:09.110,18.891,416,ROT_R,0.044377,0.036703,-0.001918,0.8,0.0,0.0,L,0,0,-0.0,0.0,0.5616,0.5616
2026-05-26T12:49:09.144,18.925,417,ROT_R,0.050146,0.039391,-0.002689,0.8,0.0,0.0,L,0,0,-0.0,0.0,0.5604,0.5604
2026-05-26T12:49:09.174,18.955,418,ROT_R,0.058935,0.0433,-0.003909,0.8,0.0,0.0,L,0,0,-0.0,0.0,0.5622,0.5622
2026-05-26T12:49:09.211,18.992,419,ROT_R,0.07297,0.049234,-0.005934,0.8,0.0,0.0,L,0,0,-0.0,0.0,0.5598,0.5598
2026-05-26T12:49:09.266,19.047,420,ROT_R,0.074912,0.05437,-0.005136,0.8,0.0,0.0,M,0,0,-0.0,0.0,0.5563,0.5563
2026-05-26T12:49:09.317,19.099,421,STOP,0.054421,0.05438,-1e-05,0.8,0.0,0.0,M,0,0,-0.0,0.0,0.218,0.0
2026-05-26T12:49:09.360,19.141,422,STOP,0.053159,0.054136,0.000244,0.8,0.0,0.0,M,0,0,-0.0,0.0,0.0159,0.0
2026-05-26T12:49:09.420,19.201,423,STOP,0.051255,0.05356,0.000576,0.8,0.0,0.0,M,0,0,-0.0,0.0,-0.0,0.0
2026-05-26T12:49:09.453,19.234,424,STOP,0.049119,0.052671,0.000888,0.8,0.0,0.0,M,0,0,-0.0,0.0,-0.0,0.0
2026-05-26T12:49:09.475,19.256,425,STOP,0.056471,0.053431,-0.00076,0.8,0.0,0.0,M,0,0,-0.0,0.0,-0.0,0.0
2026-05-26T12:49:09.512,19.294,426,STOP,0.067634,0.056272,-0.002841,0.8,0.0,0.0,M,0,0,-0.0,0.0,-0.0,0.0
2026-05-26T12:49:09.554,19.335,427,STOP,0.064254,0.057868,-0.001596,0.8,0.0,0.0,M,0,0,-0.0,0.0,-0.0,0.0
2026-05-26T12:49:09.576,19.358,428,STOP,0.032292,0.052753,0.005115,0.8,0.0,0.0,M,0,0,-0.0,0.0,-0.0,0.0
2026-05-26T12:49:09.626,19.407,429,STOP,0.042862,0.050775,0.001978,0.8,0.0,0.0,M,0,0,-0.0,0.0674,-0.0,0.0
2026-05-26T12:49:09.655,19.436,430,STOP,0.047621,0.050144,0.000631,0.8,0.0,0.0,M,0,0,-0.0,0.0674,-0.0,0.0
2026-05-26T12:49:09.710,19.491,431,STOP,0.0394,0.047995,0.002149,0.8,0.0,0.0,L,0,0,-0.0,0.2781,-0.0,0.0
2026-05-26T12:49:09.746,19.527,432,FORWARD,0.010964,0.040589,0.007406,0.8,0.0,0.0,L,0,0,-0.0,0.3875,-0.0,0.3875
2026-05-26T12:49:09.811,19.592,433,FORWARD,0.017886,0.036048,0.004541,0.8,0.0,0.0,L,0,0,-0.0,0.5012,-0.0,0.5012
2026-05-26T12:49:09.892,19.673,434,FORWARD,0.025637,0.033966,0.002082,0.8,0.0,0.0,L,0,0,-0.0,0.5358,-0.0,0.5358
2026-05-26T12:49:09.934,19.715,435,FORWARD,0.031685,0.03351,0.000456,0.8,0.0,0.0,L,0,0,-0.0,0.5377,0.0253,0.5377
2026-05-26T12:49:09.955,19.736,436,FORWARD,0.032684,0.033345,0.000165,0.8,0.0,0.0,L,0,0,-0.0,0.5377,0.0253,0.5377
2026-05-26T12:49:09.996,19.777,437,FORWARD,0.035317,0.033739,-0.000394,0.8,0.0,0.0,L,0,0,-0.0,0.5377,0.1744,0.5377
2026-05-26T12:49:10.060,19.841,438,FORWARD,0.027233,0.032438,0.001301,0.8,0.0,0.0,L,0,0,-0.0,0.5389,0.2151,0.5389
2026-05-26T12:49:10.119,19.9,439,FORWARD,0.029063,0.031763,0.000675,0.8,0.0,0.0,L,0,0,-0.0,0.5371,0.231,0.5371
2026-05-26T12:49:10.172,19.954,440,FORWARD,0.029666,0.031343,0.000419,0.8,0.0,0.0,L,0,0,-0.0,0.5371,0.2304,0.5371
2026-05-26T12:49:10.202,19.983,441,FORWARD,0.02704,0.030483,0.000861,0.8,0.0,0.0,L,0,0,-0.0,0.5371,0.2304,0.5371
2026-05-26T12:49:10.234,20.015,442,FORWARD,0.022483,0.028883,0.0016,0.8,0.0,0.0,L,0,0,-0.0,0.5377,0.2316,0.5377
2026-05-26T12:49:10.259,20.04,443,FORWARD,0.024909,0.028088,0.000795,0.8,0.0,0.0,L,0,0,-0.0,0.5377,0.2316,0.5377
2026-05-26T12:49:10.287,20.069,444,FORWARD,0.026061,0.027683,0.000405,0.8,0.0,0.0,L,0,0,-0.0,0.5371,0.2328,0.5371
2026-05-26T12:49:10.325,20.106,445,FORWARD,0.030722,0.02829,-0.000608,0.8,0.0,0.0,L,0,0,-0.0,0.5371,0.2328,0.5371
2026-05-26T12:49:10.355,20.136,446,FORWARD,0.033142,0.029261,-0.00097,0.8,0.0,0.0,L,0,0,-0.0,0.5365,0.2339,0.5365
2026-05-26T12:49:10.393,20.175,447,FORWARD,0.032603,0.029929,-0.000668,0.8,0.0,0.0,L,0,0,-0.0,0.5371,0.2339,0.5371
2026-05-26T12:49:10.430,20.212,448,FORWARD,0.031794,0.030302,-0.000373,0.8,0.0,0.0,L,0,0,-0.0,0.5371,0.2339,0.5371
2026-05-26T12:49:10.487,20.268,449,FORWARD,0.034759,0.031194,-0.000891,0.8,0.0,0.0,L,0,0,-0.0,0.5371,0.2345,0.5371
2026-05-26T12:49:10.538,20.319,450,FORWARD,0.041764,0.033308,-0.002114,0.8,0.0,0.0,L,0,0,-0.0,0.5365,0.2345,0.5365
2026-05-26T12:49:10.624,20.405,451,FORWARD,0.053555,0.037357,-0.00405,0.8,0.0,0.0,L,0,0,-0.0,0.5365,0.2593,0.5365
2026-05-26T12:49:10.654,20.435,452,FORWARD,0.050188,0.039923,-0.002566,0.8,0.0,0.0,L,0,0,-0.0,0.5365,0.3282,0.5365
2026-05-26T12:49:10.714,20.495,453,FORWARD,0.048311,0.041601,-0.001678,0.8,0.0,0.0,L,0,0,-0.0,0.5365,0.3506,0.5365
2026-05-26T12:49:10.776,20.557,454,FORWARD,0.043824,0.042045,-0.000445,0.8,0.0,0.0,L,0,0,-0.0,0.5358,0.4131,0.5358
2026-05-26T12:49:10.816,20.597,455,FORWARD,0.04806,0.043248,-0.001203,0.8,0.0,0.0,L,0,0,-0.0,0.5365,0.4178,0.5365
2026-05-26T12:49:10.852,20.633,456,FORWARD,0.036396,0.041878,0.00137,0.8,0.0,0.0,L,0,0,-0.0,0.5365,0.4172,0.5365
2026-05-26T12:49:10.898,20.679,457,FORWARD,0.032876,0.040077,0.0018,0.8,0.0,0.0,L,0,0,-0.0,0.5365,0.4178,0.5365
2026-05-26T12:49:10.942,20.723,458,FORWARD,0.047104,0.041483,-0.001405,0.8,0.0,0.0,L,0,0,-0.0,0.5352,0.4172,0.5352
2026-05-26T12:49:10.981,20.762,459,FORWARD,0.044534,0.042093,-0.00061,0.8,0.0,0.0,L,0,0,-0.0,0.5371,0.4166,0.5371
2026-05-26T12:49:11.044,20.825,460,FORWARD,0.05172,0.044018,-0.001925,0.8,0.0,0.0,L,0,0,-0.0,0.5365,0.4148,0.5365
2026-05-26T12:49:11.083,20.865,461,FORWARD,0.05131,0.045477,-0.001458,0.8,0.0,0.0,L,0,0,-0.0,0.5365,0.416,0.5365
2026-05-26T12:49:11.129,20.911,462,FORWARD,0.050938,0.046569,-0.001092,0.8,0.0,0.0,L,0,0,-0.0,0.5365,0.416,0.5365
2026-05-26T12:49:11.168,20.949,463,FORWARD,0.052183,0.047692,-0.001123,0.8,0.0,0.0,L,0,0,-0.0,0.5371,0.416,0.5371
2026-05-26T12:49:11.231,21.013,464,FORWARD,0.056693,0.049492,-0.0018,0.8,0.0,0.0,L,0,0,-0.0,0.5365,0.4137,0.5365
2026-05-26T12:49:11.290,21.071,465,FORWARD,0.06471,0.052535,-0.003044,0.8,0.0,0.0,M,0,0,-0.0,0.5371,0.4131,0.5371
2026-05-26T12:49:11.344,21.125,466,FORWARD,0.068432,0.055715,-0.003179,0.8,0.0,0.0,M,0,0,-0.0,0.5371,0.4131,0.5371
2026-05-26T12:49:11.398,21.179,467,FORWARD,0.072375,0.059047,-0.003332,0.8,0.0,0.0,M,0,0,-0.0,0.5371,0.4125,0.5371
2026-05-26T12:49:11.441,21.223,468,FORWARD,0.064625,0.060163,-0.001116,0.8,0.0,0.0,M,0,0,-0.0,0.5371,0.4137,0.5371
2026-05-26T12:49:11.472,21.253,469,FORWARD,0.068627,0.061856,-0.001693,0.8,0.0,0.0,M,0,0,-0.0,0.5371,0.4131,0.5371
2026-05-26T12:49:11.523,21.304,470,FORWARD,0.055436,0.060572,0.001284,0.8,0.0,0.0,M,0,0,-0.0,0.5365,0.4131,0.5365
2026-05-26T12:49:11.554,21.335,471,FORWARD,0.062414,0.06094,-0.000369,0.8,0.0,0.0,M,0,0,-0.0,0.5365,0.4119,0.5365
2026-05-26T12:49:11.587,21.369,472,FORWARD,0.073615,0.063475,-0.002535,0.8,0.0,0.0,M,0,0,-0.0,0.5365,0.4131,0.5365
2026-05-26T12:49:11.627,21.408,473,FORWARD,0.062432,0.063267,0.000209,0.8,0.0,0.0,M,0,0,-0.0,0.5371,0.4125,0.5371
2026-05-26T12:49:11.662,21.443,474,FORWARD,0.072444,0.065102,-0.001836,0.8,0.0,0.0,M,0,0,-0.0,0.5371,0.406,0.5371
2026-05-26T12:49:11.696,21.477,475,FORWARD,0.068209,0.065723,-0.000621,0.8,0.0,0.0,M,0,0,-0.0,0.5371,0.2622,0.5371
2026-05-26T12:49:11.724,21.505,476,FORWARD,0.058277,0.064234,0.001489,0.8,0.0,0.0,M,0,0,-0.0,0.5365,-0.0,0.5365
2026-05-26T12:49:11.786,21.567,477,FORWARD,0.064952,0.064378,-0.000144,0.8,0.0,0.0,M,0,0,-0.0,0.526,-0.0,0.526
2026-05-26T12:49:11.827,21.609,478,FORWARD,0.071212,0.065745,-0.001367,0.8,0.0,0.0,M,0,0,-0.0,0.4975,-0.0,0.4975
2026-05-26T12:49:11.885,21.667,479,FORWARD,0.059152,0.064426,0.001319,0.8,0.0,0.0,M,0,0,-0.0,0.4629,-0.0,0.4629
2026-05-26T12:49:11.930,21.711,480,FORWARD,0.054289,0.062399,0.002027,0.8,0.0,0.0,M,0,0,-0.0,0.4604,-0.0,0.4604
2026-05-26T12:49:11.985,21.767,481,FORWARD,0.055533,0.061026,0.001373,0.8,0.0,0.0,M,0,0,-0.0,0.4617,-0.0,0.4617
2026-05-26T12:49:12.011,21.792,482,FORWARD,0.045288,0.057878,0.003147,0.8,0.0,0.0,M,0,0,-0.0,0.4617,-0.0,0.4617
2026-05-26T12:49:12.077,21.858,483,FORWARD,0.041082,0.054519,0.003359,0.8,0.0,0.0,M,0,0,-0.0,0.4611,-0.0,0.4611
2026-05-26T12:49:12.115,21.897,484,FORWARD,0.048522,0.053319,0.001199,0.8,0.0,0.0,M,0,0,-0.0,0.4604,-0.0,0.4604
2026-05-26T12:49:12.143,21.924,485,FORWARD,0.041713,0.050998,0.002321,0.8,0.0,0.0,M,0,0,-0.0,0.4598,-0.0,0.4598
2026-05-26T12:49:12.176,21.957,486,FORWARD,0.030212,0.046841,0.004157,0.8,0.0,0.0,L,0,0,-0.0,0.4518,-0.0,0.4518
2026-05-26T12:49:12.211,21.993,487,FORWARD,0.029491,0.043371,0.00347,0.8,0.0,0.0,L,0,0,-0.0,0.4518,-0.0,0.4518
2026-05-26T12:49:12.242,22.023,488,FORWARD,0.0446,0.043617,-0.000246,0.8,0.0,0.0,L,0,0,-0.0,0.4456,-0.0,0.4456
2026-05-26T12:49:12.271,22.053,489,FORWARD,0.070221,0.048938,-0.005321,0.8,0.0,0.0,L,0,0,-0.0,0.4456,-0.0,0.4456
2026-05-26T12:49:12.310,22.091,490,FORWARD,0.066884,0.052527,-0.003589,0.8,0.0,0.0,M,0,0,-0.0,0.4438,-0.0,0.4438
2026-05-26T12:49:12.340,22.121,491,FORWARD,0.047263,0.051474,0.001053,0.8,0.0,0.0,M,0,0,-0.0,0.4431,-0.0,0.4431
2026-05-26T12:49:12.377,22.158,492,FORWARD,0.023056,0.04579,0.005684,0.8,0.0,0.0,L,0,0,-0.0,0.4419,-0.0,0.4419
2026-05-26T12:49:12.434,22.215,493,FORWARD,0.041091,0.04485,0.00094,0.8,0.0,0.0,L,0,0,-0.0,0.4419,-0.0,0.4419
2026-05-26T12:49:12.473,22.254,494,FORWARD,0.034527,0.042786,0.002065,0.8,0.0,0.0,L,0,0,-0.0,0.4407,-0.0,0.4407
2026-05-26T12:49:12.503,22.284,495,FORWARD,0.039765,0.042182,0.000604,0.8,0.0,0.0,L,0,0,-0.0,0.4314,-0.0,0.4314
2026-05-26T12:49:12.536,22.317,496,FORWARD,0.04731,0.043207,-0.001026,0.8,0.0,0.0,L,0,0,-0.0,0.4252,-0.0,0.4252
2026-05-26T12:49:12.569,22.351,497,FORWARD,0.046932,0.043952,-0.000745,0.8,0.0,0.0,L,0,0,-0.0,0.4234,-0.0,0.4234
2026-05-26T12:49:12.607,22.388,498,FORWARD,0.03622,0.042406,0.001547,0.8,0.0,0.0,L,0,0,-0.0,0.4227,-0.0,0.4227
2026-05-26T12:49:12.637,22.418,499,FORWARD,0.029737,0.039872,0.002534,0.8,0.0,0.0,L,0,0,-0.0,0.4221,-0.0,0.4221
2026-05-26T12:49:12.683,22.464,500,FORWARD,0.029057,0.037709,0.002163,0.8,0.0,0.0,L,0,0,-0.0,0.4227,-0.0,0.4227
2026-05-26T12:49:12.743,22.524,501,FORWARD,0.030848,0.036337,0.001372,0.8,0.0,0.0,L,0,0,-0.0,0.4215,-0.0,0.4215
2026-05-26T12:49:12.785,22.566,502,FORWARD,0.040186,0.037107,-0.00077,0.8,0.0,0.0,L,0,0,-0.0,0.4178,-0.0,0.4178
2026-05-26T12:49:12.827,22.608,503,FORWARD,0.040155,0.037716,-0.00061,0.8,0.0,0.0,L,0,0,-0.0,0.411,-0.0,0.411
2026-05-26T12:49:12.881,22.662,504,FORWARD,0.03045,0.036263,0.001453,0.8,0.0,0.0,L,0,0,-0.0,0.4067,-0.0,0.4067
2026-05-26T12:49:12.923,22.704,505,FORWARD,0.026307,0.034272,0.001991,0.8,0.0,0.0,L,0,0,-0.0,0.4017,-0.0,0.4017
2026-05-26T12:49:12.947,22.729,506,FORWARD,0.017637,0.030945,0.003327,0.8,0.0,0.0,L,0,0,-0.0,0.4017,-0.0,0.4017
2026-05-26T12:49:12.984,22.765,507,FORWARD,0.01947,0.02865,0.002295,0.8,0.0,0.0,L,0,0,-0.0,0.3918,-0.0,0.3918
2026-05-26T12:49:13.014,22.795,508,FORWARD,0.028047,0.028529,0.000121,0.8,0.0,0.0,L,0,0,-0.0,0.3918,-0.0,0.3918
2026-05-26T12:49:13.065,22.846,509,FORWARD,0.031367,0.029097,-0.000568,0.8,0.0,0.0,L,0,0,-0.0,0.3486,-0.0,0.3486
2026-05-26T12:49:13.090,22.871,510,STOP,0.01739,0.026756,0.002341,0.8,0.0,0.0,L,0,0,-0.0,0.296,-0.0,0.0
2026-05-26T12:49:13.145,22.926,511,STOP,0.016002,0.024605,0.002151,0.8,0.0,0.0,L,0,0,-0.0,0.1786,-0.0,0.0
2026-05-26T12:49:13.191,22.972,512,STOP,0.015792,0.022842,0.001763,0.8,0.0,0.0,L,0,0,-0.0,0.1452,-0.0,0.0
2026-05-26T12:49:13.237,23.018,513,STOP,0.016552,0.021584,0.001258,0.8,0.0,0.0,L,0,0,-0.0,0.1341,-0.0,0.0
2026-05-26T12:49:13.299,23.08,514,STOP,0.015081,0.020284,0.001301,0.8,0.0,0.0,L,0,0,-0.0,0.1354,-0.0,0.0
2026-05-26T12:49:13.335,23.117,515,STOP,0.014602,0.019147,0.001136,0.8,0.0,0.0,L,0,0,-0.0,0.1354,-0.0,0.0
2026-05-26T12:49:13.361,23.142,516,STOP,0.013932,0.018104,0.001043,0.8,0.0,0.0,L,0,0,-0.0,0.1354,-0.0,0.0
2026-05-26T12:49:13.403,23.184,517,STOP,0.011317,0.016747,0.001358,0.8,0.0,0.0,L,0,0,-0.0,0.136,-0.0,0.0
2026-05-26T12:49:13.441,23.222,518,STOP,0.010055,0.015409,0.001338,0.8,0.0,0.0,L,0,0,-0.0,0.136,-0.0,0.0
2026-05-26T12:49:13.471,23.252,519,STOP,0.019213,0.01617,-0.000761,0.8,0.0,0.0,L,0,0,-0.0,0.1366,-0.0,0.0
2026-05-26T12:49:13.516,23.297,520,STOP,0.023292,0.017594,-0.001424,0.8,0.0,0.0,L,0,0,-0.0,0.1514,-0.0,0.0
2026-05-26T12:49:13.559,23.34,521,STOP,0.020318,0.018139,-0.000545,0.8,0.0,0.0,L,0,0,-0.0,0.1539,-0.0,0.0
2026-05-26T12:49:13.581,23.362,522,STOP,0.008821,0.016275,0.001864,0.8,0.0,0.0,L,0,0,-0.0,0.1545,-0.0,0.0
2026-05-26T12:49:13.645,23.426,523,STOP,0.006567,0.014333,0.001942,0.8,0.0,0.0,L,0,0,-0.0,0.0729,-0.0,0.0
2026-05-26T12:49:13.685,23.466,524,STOP,0.008587,0.013184,0.001149,0.8,0.0,0.0,L,0,0,-0.0,0.0,-0.0,0.0
2026-05-26T12:49:13.720,23.501,525,STOP,0.013824,0.013312,-0.000128,0.8,0.0,0.0,L,0,0,-0.0,0.0,-0.0,0.0
2026-05-26T12:49:13.760,23.541,526,STOP,0.016196,0.013889,-0.000577,0.8,0.0,0.0,L,0,0,-0.0,0.0,-0.0,0.0
2026-05-26T12:49:13.791,23.572,527,STOP,0.011848,0.013481,0.000408,0.8,0.0,0.0,L,0,0,-0.0,0.0,-0.0,0.0
2026-05-26T12:49:13.827,23.609,528,STOP,0.015616,0.013908,-0.000427,0.8,0.0,0.0,L,0,0,-0.0,0.0,-0.0,0.0
2026-05-26T12:49:13.859,23.641,529,STOP,0.020173,0.015161,-0.001253,0.8,0.0,0.0,L,0,0,-0.0,0.0,-0.0,0.0
2026-05-26T12:49:13.893,23.674,530,STOP,0.015984,0.015325,-0.000165,0.8,0.0,0.0,L,0,0,-0.0408,0.0,-0.0,0.0
2026-05-26T12:49:13.919,23.7,531,STOP,0.005368,0.013334,0.001992,0.8,0.0,0.0,L,0,0,-0.0408,0.0,-0.0,0.0
2026-05-26T12:49:13.955,23.737,532,LEFT,0.014048,0.013477,-0.000143,0.8,0.0,0.0,L,0,0,-0.4611,0.0,-0.0,0.4611
2026-05-26T12:49:13.994,23.775,533,LEFT,0.020039,0.014789,-0.001313,0.8,0.0,0.0,L,0,0,-0.7151,0.0,-0.0,0.7151
2026-05-26T12:49:14.025,23.806,534,LEFT,0.015324,0.014896,-0.000107,0.8,0.0,0.0,L,0,0,-0.7151,0.0,-0.0,0.7151
2026-05-26T12:49:14.048,23.829,535,LEFT,0.003278,0.012573,0.002324,0.8,0.0,0.0,L,0,0,-0.8269,0.0,-0.0,0.8269
2026-05-26T12:49:14.076,23.857,536,LEFT,0.012297,0.012517,5.5e-05,0.8,0.0,0.0,L,0,0,-0.8269,0.0,-0.0,0.8269
2026-05-26T12:49:14.107,23.888,537,LEFT,0.0127,0.012554,-3.7e-05,0.8,0.0,0.0,L,0,0,-0.9302,0.0,-0.0,0.9302
2026-05-26T12:49:14.165,23.946,538,LEFT,0.021516,0.014347,-0.001792,0.8,0.0,0.0,L,0,0,-1.0,0.0,-0.0,1.0
2026-05-26T12:49:14.205,23.986,539,LEFT,0.031965,0.01787,-0.003524,0.8,0.0,0.0,L,0,0,-1.0,0.0,-0.0,1.0
2026-05-26T12:49:14.239,24.02,540,LEFT,0.027424,0.019781,-0.001911,0.8,0.0,0.0,L,0,0,-1.0,0.0,-0.0,1.0
2026-05-26T12:49:14.269,24.05,541,LEFT,0.018964,0.019618,0.000163,0.8,0.0,0.0,L,0,0,-1.0,0.0,-0.0,1.0
2026-05-26T12:49:14.301,24.082,542,LEFT,0.044969,0.024688,-0.00507,0.8,0.0,0.0,L,0,0,-1.0,0.0,-0.0,1.0
2026-05-26T12:49:14.335,24.117,543,LEFT,0.071742,0.034099,-0.009411,0.8,0.0,0.0,L,0,0,-1.0,0.0,-0.0,1.0
2026-05-26T12:49:14.375,24.156,544,LEFT,0.071096,0.041498,-0.007399,0.8,0.0,0.0,L,0,0,-1.0,0.0,-0.0,1.0
2026-05-26T12:49:14.405,24.187,545,LEFT,0.05276,0.043751,-0.002252,0.8,0.0,0.0,L,0,0,-1.0,0.0,-0.0,1.0
2026-05-26T12:49:14.435,24.216,546,LEFT,0.051691,0.045339,-0.001588,0.8,0.0,0.0,L,0,0,-1.0,0.0,-0.0,1.0
2026-05-26T12:49:14.479,24.26,547,LEFT,0.100804,0.056432,-0.011093,0.8,0.0,0.0,M,0,0,-1.0,0.0,-0.0,1.0
2026-05-26T12:49:14.512,24.294,548,LEFT,0.139216,0.072989,-0.016557,0.8,0.0,0.0,M,0,0,-1.0,0.0,-0.0,1.0
2026-05-26T12:49:14.555,24.336,549,LEFT,0.150049,0.088401,-0.015412,0.8,0.0,0.0,M,0,0,-1.0,0.0,-0.0,1.0
2026-05-26T12:49:14.607,24.388,550,LEFT,0.078411,0.086403,0.001998,0.8,0.0,0.0,M,0,0,-1.0,0.0,-0.0,1.0
2026-05-26T12:49:14.643,24.424,551,LEFT,0.046703,0.078463,0.00794,0.8,0.0,0.0,M,0,0,-1.0,0.0,-0.0,1.0
2026-05-26T12:49:14.683,24.464,552,LEFT,0.169442,0.096659,-0.018196,0.8,0.0,0.0,M,0,0,-1.0,0.0,-0.0,1.0
2026-05-26T12:49:14.751,24.532,553,LEFT,0.209134,0.119154,-0.022495,0.8,0.0,0.0,M,0,0,-1.0,0.0,-0.0,1.0
2026-05-26T12:49:14.790,24.571,554,LEFT,0.154963,0.126315,-0.007162,0.8,0.0,0.0,M,0,0,-1.0,0.0,-0.0,1.0
2026-05-26T12:49:14.852,24.633,555,LEFT,0.04881,0.110814,0.015501,0.8,0.0,0.0,M,0,0,-1.0,0.0,-0.0,1.0
2026-05-26T12:49:14.913,24.694,556,LEFT,0.126947,0.114041,-0.003226,0.8,0.0,0.0,M,0,0,-1.0,0.0,-0.0,1.0
2026-05-26T12:49:14.940,24.721,557,LEFT,0.194433,0.130119,-0.016078,0.8,0.0,0.0,M,0,0,-1.0,0.0,-0.0,1.0
2026-05-26T12:49:15.005,24.786,558,LEFT,0.12705,0.129505,0.000614,0.8,0.0,0.0,M,0,0,-1.0,0.0,-0.0,1.0
2026-05-26T12:49:15.045,24.826,559,LEFT,0.070019,0.117608,0.011897,0.8,0.0,0.0,M,0,0,-1.0,0.0,-0.0,1.0
2026-05-26T12:49:15.091,24.872,560,LEFT,0.19867,0.13382,-0.016212,0.8,0.0,0.0,M,0,0,-1.0,0.0,-0.0,1.0
2026-05-26T12:49:15.146,24.927,561,LEFT,0.211317,0.14932,-0.015499,0.8,0.0,0.0,M,0,0,-1.0,0.0,-0.0,1.0
2026-05-26T12:49:15.185,24.966,562,LEFT,0.112325,0.141921,0.007399,0.8,0.0,0.0,M,0,0,-1.0,0.0,-0.0,1.0
2026-05-26T12:49:15.225,25.006,563,LEFT,0.096861,0.132909,0.009012,0.8,0.0,0.0,M,0,0,-0.7658,0.0,-0.0,0.7658
2026-05-26T12:49:15.281,25.062,564,LEFT,0.199991,0.146325,-0.013416,0.8,0.0,0.0,M,0,0,-0.3832,0.0,-0.0,0.3832
2026-05-26T12:49:15.339,25.12,565,STOP,0.233253,0.163711,-0.017386,0.8,0.0,0.0,H,0,0,-0.0,0.0,-0.0,0.0
2026-05-26T12:49:15.396,25.177,566,STOP,0.125881,0.156145,0.007566,0.8,0.0,0.0,H,0,0,-0.0,0.0,-0.0,0.0
2026-05-26T12:49:15.442,25.224,567,STOP,0.151797,0.155275,0.000869,0.8,0.0,0.0,H,0,0,-0.0,0.0,-0.0,0.0
2026-05-26T12:49:15.493,25.275,568,STOP,0.197402,0.163701,-0.008425,0.8,0.0,0.0,H,0,0,-0.0,0.0,-0.0,0.0
2026-05-26T12:49:15.511,25.292,569,STOP,0.201303,0.171221,-0.007521,0.8,0.0,0.0,H,0,0,-0.0,0.0,-0.0,0.0
2026-05-26T12:49:15.548,25.33,570,STOP,0.189541,0.174885,-0.003664,0.8,0.0,0.0,H,0,0,-0.0,0.0,-0.0,0.0
2026-05-26T12:49:15.595,25.376,571,STOP,0.062794,0.152467,0.022418,0.8,0.0,0.0,H,0,0,-0.0,0.0,-0.0,0.0
2026-05-26T12:49:15.611,25.392,572,STOP,0.170253,0.156024,-0.003557,0.8,0.0,0.0,H,0,0,-0.0,0.0,-0.0,0.0
2026-05-26T12:49:15.663,25.444,573,STOP,0.167037,0.158227,-0.002203,0.8,0.0,0.0,H,0,0,-0.0,0.0,-0.0,0.0
2026-05-26T12:49:15.717,25.498,574,STOP,0.120563,0.150694,0.007533,0.8,0.0,0.0,H,0,0,-0.0,0.0,-0.0,0.0
2026-05-26T12:49:15.771,25.553,575,STOP,0.074269,0.135409,0.015285,0.8,0.0,0.0,M,0,0,-0.0,0.0,-0.0,0.0
2026-05-26T12:49:15.811,25.592,576,STOP,0.075397,0.123406,0.012002,0.8,0.0,0.0,M,0,0,-0.0,0.0,-0.0,0.0
2026-05-26T12:49:15.835,25.617,577,STOP,0.076892,0.114103,0.009303,0.8,0.0,0.0,M,0,0,-0.0,0.0,-0.0,0.0
2026-05-26T12:49:15.881,25.662,578,STOP,0.061571,0.103597,0.010507,0.8,0.0,0.0,M,0,0,-0.0,0.0,-0.0,0.0
2026-05-26T12:49:15.908,25.689,579,STOP,0.042262,0.09133,0.012267,0.8,0.0,0.0,M,0,0,-0.0,0.0,-0.0,0.0
2026-05-26T12:49:15.952,25.733,580,STOP,0.033247,0.079713,0.011617,0.8,0.0,0.0,M,0,0,-0.0,0.0,-0.0,0.0
2026-05-26T12:49:16.021,25.802,581,STOP,0.021253,0.068021,0.011692,0.8,0.0,0.0,M,0,0,-0.0,0.0,-0.0,0.0
2026-05-26T12:49:16.062,25.844,582,STOP,0.023185,0.059054,0.008967,0.8,0.0,0.0,M,0,0,-0.0,0.0,-0.0,0.0
2026-05-26T12:49:16.122,25.904,583,STOP,0.008724,0.048988,0.010066,0.8,0.0,0.0,L,0,0,-0.0,0.0,-0.0,0.0
2026-05-26T12:49:16.166,25.947,584,STOP,0.012247,0.04164,0.007348,0.8,0.0,0.0,L,0,0,-0.0,0.0,-0.0,0.0
2026-05-26T12:49:16.198,25.979,585,STOP,0.013188,0.035949,0.00569,0.8,0.0,0.0,L,0,0,-0.0,0.0,-0.0,0.0
2026-05-26T12:49:16.233,26.014,586,STOP,0.007691,0.030298,0.005652,0.8,0.0,0.0,L,0,0,-0.0,0.0,-0.0,0.0
2026-05-26T12:49:16.297,26.078,587,STOP,0.011714,0.026581,0.003717,0.8,0.0,0.0,L,0,0,-0.0,0.0,-0.0,0.0
2026-05-26T12:49:16.347,26.128,588,STOP,0.011246,0.023514,0.003067,0.8,0.0,0.0,L,0,0,-0.0,0.0,-0.0,0.0
2026-05-26T12:49:16.374,26.155,589,STOP,0.004204,0.019652,0.003862,0.8,0.0,0.0,L,0,0,-0.0,0.0,-0.0,0.0
2026-05-26T12:49:16.457,26.238,590,STOP,0.009955,0.017712,0.001939,0.8,0.0,0.0,L,0,0,-0.0,0.0,-0.0,0.0
2026-05-26T12:49:16.488,26.27,591,STOP,0.012582,0.016686,0.001026,0.8,0.0,0.0,L,0,0,-0.0,0.0,-0.0,0.0
2026-05-26T12:49:16.525,26.306,592,STOP,0.009967,0.015343,0.001344,0.8,0.0,0.0,L,0,0,-0.0,0.0,-0.0,0.0
2026-05-26T12:49:16.563,26.345,593,STOP,0.007659,0.013806,0.001537,0.8,0.0,0.0,L,0,0,-0.0,0.0,-0.0,0.0
2026-05-26T12:49:16.595,26.376,594,STOP,0.00847,0.012739,0.001067,0.8,0.0,0.0,L,0,0,-0.0,0.0,-0.0,0.0
2026-05-26T12:49:16.635,26.416,595,STOP,0.007874,0.011766,0.000973,0.8,0.0,0.0,L,0,0,-0.0,0.0,-0.0,0.0
2026-05-26T12:49:16.675,26.456,596,STOP,0.002746,0.009962,0.001804,0.8,0.0,0.0,L,0,0,-0.0,0.0,-0.0,0.0
2026-05-26T12:49:16.701,26.482,597,STOP,0.00777,0.009523,0.000438,0.8,0.0,0.0,L,0,0,-0.0,0.0,-0.0,0.0
2026-05-26T12:49:16.737,26.518,598,STOP,0.008192,0.009257,0.000266,0.8,0.0,0.0,L,0,0,-0.0,0.0,-0.0,0.0
2026-05-26T12:49:16.767,26.548,599,STOP,0.003179,0.008041,0.001216,0.8,0.0,0.0,L,0,0,-0.0,0.0,-0.0,0.0
2026-05-26T12:49:16.823,26.604,600,STOP,0.014417,0.009317,-0.001275,0.8,0.0,0.0,L,0,0,-0.0,0.0,-0.0,0.0
2026-05-26T12:49:16.890,26.671,601,STOP,0.005702,0.008594,0.000723,0.8,0.0,0.0,L,0,0,-0.0,0.0,-0.0,0.0
2026-05-26T12:49:16.948,26.729,602,STOP,0.004199,0.007715,0.000879,0.8,0.0,0.0,L,0,0,-0.0,0.0,-0.0,0.0
2026-05-26T12:49:16.983,26.764,603,STOP,0.002146,0.006601,0.001114,0.8,0.0,0.0,L,0,0,-0.0,0.0,-0.0,0.0
2026-05-26T12:49:17.022,26.803,604,STOP,0.003004,0.005882,0.000719,0.8,0.0,0.0,L,0,0,-0.0,0.0,-0.0,0.0
2026-05-26T12:49:17.093,26.874,605,STOP,0.009218,0.006549,-0.000667,0.8,0.0,0.0,L,0,0,-0.0,0.0,-0.0,0.0
2026-05-26T12:49:17.135,26.916,606,STOP,0.002206,0.00568,0.000869,0.8,0.0,0.0,L,0,0,-0.0,0.0,-0.0,0.0
2026-05-26T12:49:17.178,26.959,607,STOP,0.003356,0.005215,0.000465,0.8,0.0,0.0,L,0,0,-0.0,0.0,-0.0,0.0
2026-05-26T12:49:17.214,26.996,608,STOP,0.001608,0.004494,0.000721,0.8,0.0,0.0,L,0,0,-0.0,0.0,-0.0,0.0
2026-05-26T12:49:17.254,27.035,609,STOP,0.002896,0.004174,0.00032,0.8,0.0,0.0,L,0,0,-0.0,0.0,-0.0,0.0
2026-05-26T12:49:17.316,27.098,610,STOP,0.002254,0.00379,0.000384,0.8,0.0,0.0,L,0,0,-0.0,0.0,-0.0,0.0
2026-05-26T12:49:17.351,27.132,611,STOP,0.002138,0.00346,0.00033,0.8,0.0,0.0,L,0,0,-0.0,0.0,-0.0,0.0
2026-05-26T12:49:17.383,27.164,612,STOP,0.00692,0.004152,-0.000692,0.8,0.0,0.0,L,0,0,-0.0,0.0,-0.0,0.0
2026-05-26T12:49:17.446,27.227,613,STOP,0.026769,0.008676,-0.004523,0.8,0.0,0.0,L,0,0,-0.0,0.0,-0.0,0.0
2026-05-26T12:49:17.469,27.25,614,STOP,0.03725,0.01439,-0.005715,0.8,0.0,0.0,L,0,0,-0.0,0.0,-0.0,0.0
2026-05-26T12:49:17.515,27.296,615,STOP,0.044321,0.020376,-0.005986,0.8,0.0,0.0,L,0,0,-0.0,0.0,-0.0,0.0
2026-05-26T12:49:17.560,27.342,616,STOP,0.050973,0.026496,-0.006119,0.8,0.0,0.0,L,0,0,-0.0,0.0,-0.0,0.0
2026-05-26T12:49:17.610,27.391,617,STOP,0.057142,0.032625,-0.006129,0.8,0.0,0.0,L,0,0,-0.0,0.0,-0.0,0.0
2026-05-26T12:49:17.661,27.443,618,STOP,0.062769,0.038654,-0.006029,0.8,0.0,0.0,L,0,0,-0.0,0.0,-0.0,0.0
2026-05-26T12:49:17.710,27.491,619,STOP,0.065529,0.044029,-0.005375,0.8,0.0,0.0,L,0,0,-0.0,0.0,-0.0,0.0
2026-05-26T12:49:17.756,27.537,620,STOP,0.059335,0.04709,-0.003061,0.8,0.0,0.0,L,0,0,-0.0,0.0,-0.0,0.0
2026-05-26T12:49:17.798,27.579,621,STOP,0.047626,0.047197,-0.000107,0.8,0.0,0.0,L,0,0,-0.0,0.0,-0.0,0.0
2026-05-26T12:49:17.853,27.634,622,STOP,0.03757,0.045272,0.001925,0.8,0.0,0.0,L,0,0,-0.0,0.0,-0.0,0.0
2026-05-26T12:49:17.920,27.701,623,STOP,0.01302,0.038821,0.00645,0.8,0.0,0.0,L,0,0,-0.0,0.0,-0.0,0.0
2026-05-26T12:49:17.955,27.736,624,STOP,0.012157,0.033488,0.005333,0.8,0.0,0.0,L,0,0,-0.0,0.0,-0.0,0.0
2026-05-26T12:49:17.994,27.775,625,STOP,0.008735,0.028538,0.004951,0.8,0.0,0.0,L,0,0,-0.0,0.0,-0.0,0.0
2026-05-26T12:49:18.034,27.816,626,STOP,0.004033,0.023637,0.004901,0.8,0.0,0.0,L,0,0,-0.0,0.0,-0.0,0.0
2026-05-26T12:49:18.092,27.874,627,STOP,0.007026,0.020315,0.003322,0.8,0.0,0.0,L,0,0,-0.0,0.0,-0.0,0.0
2026-05-26T12:49:18.132,27.913,628,STOP,0.004305,0.017113,0.003202,0.8,0.0,0.0,L,0,0,-0.0,0.0,-0.0,0.0
2026-05-26T12:49:18.168,27.95,629,STOP,0.002178,0.014126,0.002987,0.8,0.0,0.0,L,0,0,-0.0,0.0,-0.0,0.0
2026-05-26T12:49:18.197,27.978,630,STOP,0.003236,0.011948,0.002178,0.8,0.0,0.0,L,0,0,-0.0,0.0,-0.0,0.0
2026-05-26T12:49:18.230,28.011,631,STOP,0.002054,0.009969,0.001979,0.8,0.0,0.0,L,0,0,-0.0,0.0,-0.0,0.0
2026-05-26T12:49:18.273,28.054,632,STOP,0.001912,0.008358,0.001611,0.8,0.0,0.0,L,0,0,-0.0,0.0,-0.0,0.0
2026-05-26T12:49:18.300,28.081,633,STOP,0.002471,0.00718,0.001177,0.8,0.0,0.0,L,0,0,-0.0,0.0,-0.0,0.0
2026-05-26T12:49:18.363,28.144,634,STOP,0.003033,0.006351,0.000829,0.8,0.0,0.0,L,0,0,-0.0,0.0,-0.0,0.0
2026-05-26T12:49:18.405,28.186,635,STOP,0.001817,0.005444,0.000907,0.8,0.0,0.0,L,0,0,-0.0,0.0,-0.0,0.0
2026-05-26T12:49:18.450,28.231,636,STOP,0.00179,0.004713,0.000731,0.8,0.0,0.0,L,0,0,-0.0,0.0,-0.0,0.0
2026-05-26T12:49:18.489,28.27,637,STOP,0.00288,0.004347,0.000367,0.8,0.0,0.0,L,0,0,-0.0,0.0,-0.0,0.0
2026-05-26T12:49:18.540,28.322,638,STOP,0.012492,0.005976,-0.001629,0.8,0.0,0.0,L,0,0,-0.0,0.0,-0.0,0.0
2026-05-26T12:49:18.588,28.369,639,STOP,0.022029,0.009186,-0.003211,0.8,0.0,0.0,L,0,0,-0.0,0.0,-0.0,0.0
2026-05-26T12:49:18.632,28.414,640,STOP,0.036771,0.014703,-0.005517,0.8,0.0,0.0,L,0,0,-0.0,0.0,-0.0,0.0
2026-05-26T12:49:18.682,28.463,641,STOP,0.042324,0.020228,-0.005524,0.8,0.0,0.0,L,0,0,-0.0,0.0,-0.0,0.0
2026-05-26T12:49:18.708,28.49,642,STOP,0.047366,0.025655,-0.005428,0.8,0.0,0.0,L,0,0,-0.0,0.0,-0.0,0.0
2026-05-26T12:49:18.742,28.523,643,STOP,0.049331,0.03039,-0.004735,0.8,0.0,0.0,L,0,0,-0.0,0.0,-0.0,0.0
2026-05-26T12:49:18.784,28.565,644,STOP,0.050694,0.034451,-0.004061,0.8,0.0,0.0,L,0,0,-0.0,0.0,-0.0,0.0
2026-05-26T12:49:18.806,28.587,645,STOP,0.046963,0.036954,-0.002502,0.8,0.0,0.0,L,0,0,-0.0,0.0,-0.0,0.0
2026-05-26T12:49:18.842,28.623,646,STOP,0.048324,0.039228,-0.002274,0.8,0.0,0.0,L,0,0,-0.0,0.0,-0.0,0.0
2026-05-26T12:49:18.875,28.657,647,STOP,0.047118,0.040806,-0.001578,0.8,0.0,0.0,L,0,0,-0.0,0.0,-0.0,0.0
2026-05-26T12:49:18.926,28.707,648,STOP,0.045533,0.041751,-0.000946,0.8,0.0,0.0,L,0,0,-0.0,0.0,-0.0,0.0
2026-05-26T12:49:18.972,28.753,649,STOP,0.040674,0.041536,0.000216,0.8,0.0,0.0,L,0,0,-0.0,0.0,-0.0,0.0
2026-05-26T12:49:19.002,28.783,650,STOP,0.031953,0.039619,0.001916,0.8,0.0,0.0,L,0,0,-0.0,0.0,-0.0,0.0
2026-05-26T12:49:19.042,28.823,651,STOP,0.017226,0.035141,0.004479,0.8,0.0,0.0,L,0,0,-0.0,0.0,-0.0,0.0
2026-05-26T12:49:19.107,28.888,652,STOP,0.005581,0.029229,0.005912,0.8,0.0,0.0,L,0,0,-0.0,0.0,-0.0,0.0
2026-05-26T12:49:19.161,28.942,653,STOP,0.010219,0.025427,0.003802,0.8,0.0,0.0,L,0,0,-0.0,0.0,-0.0,0.0
2026-05-26T12:49:19.185,28.966,654,STOP,0.007884,0.021918,0.003509,0.8,0.0,0.0,L,0,0,-0.0,0.0,-0.0,0.0
2026-05-26T12:49:19.232,29.013,655,STOP,0.002844,0.018103,0.003815,0.8,0.0,0.0,L,0,0,-0.0,0.0,-0.0,0.0
2026-05-26T12:49:19.265,29.046,656,STOP,0.007318,0.015946,0.002157,0.8,0.0,0.0,L,0,0,-0.0,0.0,-0.0,0.0
2026-05-26T12:49:19.334,29.115,657,STOP,0.005262,0.013809,0.002137,0.8,0.0,0.0,L,0,0,-0.0,0.0,-0.0,0.0
2026-05-26T12:49:19.377,29.158,658,STOP,0.003528,0.011753,0.002056,0.8,0.0,0.0,L,0,0,-0.0,0.0,-0.0,0.0
2026-05-26T12:49:19.415,29.196,659,STOP,0.00259,0.009921,0.001833,0.8,0.0,0.0,L,0,0,-0.0,0.0,-0.0,0.0
2026-05-26T12:49:19.464,29.245,660,STOP,0.003373,0.008611,0.00131,0.8,0.0,0.0,L,0,0,-0.0,0.0,-0.0,0.0
2026-05-26T12:49:19.510,29.291,661,STOP,0.002008,0.00729,0.001321,0.8,0.0,0.0,L,0,0,-0.0,0.0,-0.0,0.0
2026-05-26T12:49:19.558,29.339,662,STOP,0.001764,0.006185,0.001105,0.8,0.0,0.0,L,0,0,-0.0,0.0,-0.0,0.0
2026-05-26T12:49:19.620,29.401,663,STOP,0.001903,0.005329,0.000856,0.8,0.0,0.0,L,0,0,-0.0,0.0,-0.0,0.0
2026-05-26T12:49:19.650,29.431,664,STOP,0.002268,0.004717,0.000612,0.8,0.0,0.0,L,0,0,-0.0,0.0,-0.0,0.0
2026-05-26T12:49:19.692,29.473,665,STOP,0.001791,0.004132,0.000585,0.8,0.0,0.0,L,0,0,-0.0,0.0,-0.0,0.0
2026-05-26T12:49:19.732,29.513,666,STOP,0.001563,0.003618,0.000514,0.8,0.0,0.0,L,0,0,-0.0,0.0,-0.0,0.0
2026-05-26T12:49:19.774,29.555,667,STOP,0.001776,0.003249,0.000368,0.8,0.0,0.0,L,0,0,-0.0,0.0,-0.0,0.0
2026-05-26T12:49:19.808,29.589,668,STOP,0.002086,0.003017,0.000233,0.8,0.0,0.0,L,0,0,-0.0,0.0,-0.0,0.0
2026-05-26T12:49:19.871,29.653,669,STOP,0.002233,0.00286,0.000157,0.8,0.0,0.0,L,0,0,-0.0,0.0,-0.0,0.0
2026-05-26T12:49:19.927,29.708,670,STOP,0.002174,0.002723,0.000137,0.8,0.0,0.0,L,0,0,-0.0,0.0,-0.0,0.0
2026-05-26T12:49:19.984,29.765,671,STOP,0.001653,0.002509,0.000214,0.8,0.0,0.0,L,0,0,-0.0,0.0,-0.0,0.0
2026-05-26T12:49:20.029,29.81,672,STOP,0.002762,0.00256,-5.1e-05,0.8,0.0,0.0,L,0,0,-0.0,0.0,-0.0,0.0
2026-05-26T12:49:20.097,29.878,673,STOP,0.002341,0.002516,4.4e-05,0.8,0.0,0.0,L,0,0,-0.0,0.0,-0.0,0.0
2026-05-26T12:49:20.126,29.907,674,STOP,0.001575,0.002328,0.000188,0.8,0.0,0.0,L,0,0,-0.0,0.0,-0.0,0.0
2026-05-26T12:49:20.200,29.981,675,STOP,0.001944,0.002251,7.7e-05,0.8,0.0,0.0,L,0,0,-0.0,0.0,-0.0,0.0
2026-05-26T12:49:20.226,30.007,676,STOP,0.001633,0.002127,0.000124,0.8,0.0,0.0,L,0,0,-0.0,0.0,-0.0,0.0
2026-05-26T12:49:20.272,30.053,677,STOP,0.001689,0.00204,8.8e-05,0.8,0.0,0.0,L,0,0,-0.0,0.0,-0.0,0.0
2026-05-26T12:49:20.336,30.118,678,STOP,0.001871,0.002006,3.4e-05,0.8,0.0,0.0,L,0,0,-0.0,0.0,-0.0,0.0
2026-05-26T12:49:20.363,30.144,679,STOP,0.001988,0.002002,4e-06,0.8,0.0,0.0,L,0,0,-0.0,0.0532,-0.0,0.0
2026-05-26T12:49:20.400,30.181,680,STOP,0.001663,0.001935,6.8e-05,0.8,0.0,0.0,L,0,0,-0.0,0.2553,-0.0,0.0
2026-05-26T12:49:20.438,30.219,681,FORWARD,0.001897,0.001927,8e-06,0.8,0.0,0.0,L,0,0,-0.0,0.3325,-0.0,0.3325
2026-05-26T12:49:20.477,30.258,682,FORWARD,0.002754,0.002092,-0.000165,0.8,0.0,0.0,L,0,0,-0.0,0.3325,-0.0,0.3325
2026-05-26T12:49:20.538,30.319,683,FORWARD,0.005374,0.002749,-0.000656,0.8,0.0,0.0,L,0,0,-0.0,0.5062,-0.0,0.5062
2026-05-26T12:49:20.584,30.366,684,FORWARD,0.012606,0.00472,-0.001971,0.8,0.0,0.0,L,0,0,-0.0,0.5192,-0.0,0.5192
2026-05-26T12:49:20.639,30.42,685,FORWARD,0.02254,0.008284,-0.003564,0.8,0.0,0.0,L,0,0,-0.0,0.5241,-0.0,0.5241
2026-05-26T12:49:20.682,30.464,686,FORWARD,0.025603,0.011748,-0.003464,0.8,0.0,0.0,L,0,0,-0.0,0.5247,-0.0,0.5247
2026-05-26T12:49:20.757,30.538,687,FORWARD,0.021391,0.013676,-0.001929,0.8,0.0,0.0,L,0,0,-0.0,0.5229,-0.0,0.5229
2026-05-26T12:49:20.796,30.577,688,FORWARD,0.020471,0.015035,-0.001359,0.8,0.0,0.0,L,0,0,-0.0,0.5235,0.1656,0.5235
2026-05-26T12:49:20.834,30.615,689,FORWARD,0.020818,0.016192,-0.001157,0.8,0.0,0.0,L,0,0,-0.0,0.5235,0.3058,0.5235
2026-05-26T12:49:20.866,30.647,690,FORWARD,0.020475,0.017048,-0.000857,0.8,0.0,0.0,L,0,0,-0.0,0.5235,0.3801,0.5235
2026-05-26T12:49:20.918,30.7,691,FORWARD,0.021805,0.018,-0.000951,0.8,0.0,0.0,L,0,0,-0.0,0.5235,0.386,0.5235
2026-05-26T12:49:20.970,30.751,692,FORWARD,0.022202,0.01884,-0.00084,0.8,0.0,0.0,L,0,0,-0.0,0.5229,0.3824,0.5229
2026-05-26T12:49:21.020,30.801,693,FORWARD,0.023722,0.019817,-0.000976,0.8,0.0,0.0,L,0,0,-0.0,0.5235,0.3801,0.5235
2026-05-26T12:49:21.059,30.84,694,FORWARD,0.024096,0.020672,-0.000856,0.8,0.0,0.0,L,0,0,-0.0,0.5235,0.36,0.5235
2026-05-26T12:49:21.096,30.877,695,FORWARD,0.029677,0.022473,-0.001801,0.8,0.0,0.0,L,0,0,-0.0,0.5241,0.3235,0.5241
2026-05-26T12:49:21.130,30.911,696,FORWARD,0.03328,0.024635,-0.002161,0.8,0.0,0.0,L,0,0,-0.0,0.5235,0.2775,0.5235
2026-05-26T12:49:21.169,30.95,697,FORWARD,0.036208,0.026949,-0.002315,0.8,0.0,0.0,L,0,0,-0.0,0.5235,0.2775,0.5235
2026-05-26T12:49:21.214,30.995,698,FORWARD,0.03892,0.029343,-0.002394,0.8,0.0,0.0,L,0,0,-0.0,0.5235,0.2369,0.5235
2026-05-26T12:49:21.256,31.037,699,FORWARD,0.035784,0.030632,-0.001288,0.8,0.0,0.0,L,0,0,-0.0,0.5235,0.2351,0.5235
2026-05-26T12:49:21.294,31.075,700,FORWARD,0.031116,0.030728,-9.7e-05,0.8,0.0,0.0,L,0,0,-0.0,0.5235,0.2339,0.5235
2026-05-26T12:49:21.336,31.117,701,FORWARD,0.030397,0.030662,6.6e-05,0.8,0.0,0.0,L,0,0,-0.0,0.5235,0.2339,0.5235
2026-05-26T12:49:21.364,31.145,702,FORWARD,0.02837,0.030204,0.000458,0.8,0.0,0.0,L,0,0,-0.0,0.5241,0.2392,0.5241
2026-05-26T12:49:21.406,31.187,703,FORWARD,0.028329,0.029829,0.000375,0.8,0.0,0.0,L,0,0,-0.0,0.5235,0.2457,0.5235
2026-05-26T12:49:21.433,31.214,704,FORWARD,0.030459,0.029955,-0.000126,0.8,0.0,0.0,L,0,0,-0.0,0.5235,0.2457,0.5235
2026-05-26T12:49:21.523,31.304,705,ROT_R,0.03451,0.030866,-0.000911,0.8,0.0,0.0,L,0,0,-0.0,0.5235,0.584,0.584
2026-05-26T12:49:21.582,31.363,706,ROT_R,0.035438,0.03178,-0.000914,0.8,0.0,0.0,L,0,0,-0.0,0.5235,0.584,0.584
2026-05-26T12:49:21.650,31.431,707,ROT_R,0.032298,0.031884,-0.000104,0.8,0.0,0.0,L,0,0,-0.0,0.5235,0.6264,0.6264
2026-05-26T12:49:21.694,31.475,708,ROT_R,0.033573,0.032222,-0.000338,0.8,0.0,0.0,L,0,0,-0.0,0.5235,0.6264,0.6264
2026-05-26T12:49:21.751,31.533,709,ROT_R,0.053892,0.036556,-0.004334,0.8,0.0,0.0,L,0,0,-0.0,0.5235,0.5628,0.5628
2026-05-26T12:49:21.779,31.56,710,FORWARD,0.052502,0.039745,-0.003189,0.8,0.0,0.0,L,0,0,-0.0,0.5235,0.4148,0.5235
2026-05-26T12:49:21.842,31.623,711,FORWARD,0.059882,0.043772,-0.004027,0.8,0.0,0.0,L,0,0,-0.0,0.5222,0.3341,0.5222
2026-05-26T12:49:21.888,31.669,712,FORWARD,0.062991,0.047616,-0.003844,0.8,0.0,0.0,L,0,0,-0.0,0.5155,0.0471,0.5155
2026-05-26T12:49:21.916,31.698,713,FORWARD,0.057204,0.049534,-0.001917,0.8,0.0,0.0,L,0,0,-0.0,0.5155,0.0471,0.5155
2026-05-26T12:49:21.995,31.776,714,FORWARD,0.054859,0.050599,-0.001065,0.8,0.0,0.0,M,0,0,-0.0,0.5025,-0.0,0.5025
2026-05-26T12:49:22.027,31.808,715,FORWARD,0.060782,0.052635,-0.002037,0.8,0.0,0.0,M,0,0,-0.0,0.4994,-0.0,0.4994
2026-05-26T12:49:22.071,31.852,716,FORWARD,0.063018,0.054712,-0.002077,0.8,0.0,0.0,M,0,0,-0.0,0.4963,-0.0,0.4963
2026-05-26T12:49:22.113,31.894,717,FORWARD,0.047816,0.053333,0.001379,0.8,0.0,0.0,M,0,0,-0.0,0.4895,-0.0,0.4895
2026-05-26T12:49:22.176,31.957,718,FORWARD,0.042011,0.051068,0.002264,0.8,0.0,0.0,M,0,0,-0.0,0.4883,-0.0,0.4883
2026-05-26T12:49:22.252,32.033,719,FORWARD,0.038341,0.048523,0.002545,0.8,0.0,0.0,L,0,0,-0.0,0.4883,-0.0,0.4883
2026-05-26T12:49:22.307,32.088,720,FORWARD,0.043118,0.047442,0.001081,0.8,0.0,0.0,L,0,0,-0.0,0.4889,-0.0,0.4889
2026-05-26T12:49:22.364,32.145,721,FORWARD,0.042604,0.046474,0.000968,0.8,0.0,0.0,L,0,0,-0.0,0.4883,-0.0,0.4883
2026-05-26T12:49:22.393,32.174,722,FORWARD,0.036965,0.044572,0.001902,0.8,0.0,0.0,L,0,0,-0.0,0.4883,-0.0,0.4883
2026-05-26T12:49:22.436,32.217,723,FORWARD,0.033231,0.042304,0.002268,0.8,0.0,0.0,L,0,0,-0.0,0.4883,-0.0,0.4883
2026-05-26T12:49:22.485,32.267,724,FORWARD,0.032391,0.040322,0.001983,0.8,0.0,0.0,L,0,0,-0.0,0.474,-0.0,0.474
2026-05-26T12:49:22.542,32.323,725,FORWARD,0.025272,0.037312,0.00301,0.8,0.0,0.0,L,0,0,-0.0,0.474,-0.0,0.474
2026-05-26T12:49:22.616,32.397,726,FORWARD,0.02626,0.035101,0.00221,0.8,0.0,0.0,L,0,0,-0.0,0.94,-0.0,0.94
2026-05-26T12:49:22.672,32.453,727,FORWARD,0.027124,0.033506,0.001595,0.8,0.0,0.0,L,0,0,-0.0,0.9413,-0.0,0.9413
2026-05-26T12:49:22.697,32.479,728,FORWARD,0.026028,0.03201,0.001496,0.8,0.0,0.0,L,0,0,-0.0,0.9425,-0.0,0.9425
2026-05-26T12:49:22.743,32.525,729,FORWARD,0.026285,0.030865,0.001145,0.8,0.0,0.0,L,0,0,-0.0,0.9289,-0.0,0.9289
2026-05-26T12:49:22.780,32.561,730,FORWARD,0.031936,0.031079,-0.000214,0.8,0.0,0.0,L,0,0,-0.0,0.885,-0.0,0.885
2026-05-26T12:49:22.828,32.609,731,FORWARD,0.032742,0.031412,-0.000333,0.8,0.0,0.0,L,0,0,-0.0,0.8449,-0.0,0.8449
2026-05-26T12:49:22.857,32.638,732,FORWARD,0.030584,0.031246,0.000166,0.8,0.0,0.0,L,0,0,-0.0,0.83,-0.0,0.83
2026-05-26T12:49:22.923,32.705,733,FORWARD,0.03806,0.032609,-0.001363,0.8,0.0,0.0,L,0,0,-0.0,0.8294,-0.0,0.8294
2026-05-26T12:49:22.976,32.757,734,FORWARD,0.044965,0.03508,-0.002471,0.8,0.0,0.0,L,0,0,-0.0,0.8307,-0.0,0.8307
2026-05-26T12:49:23.017,32.799,735,FORWARD,0.044839,0.037032,-0.001952,0.8,0.0,0.0,L,0,0,-0.0,0.8307,-0.0,0.8307
2026-05-26T12:49:23.069,32.85,736,FORWARD,0.037268,0.037079,-4.7e-05,0.8,0.0,0.0,L,0,0,-0.0,0.8313,-0.0,0.8313
2026-05-26T12:49:23.115,32.897,737,FORWARD,0.03229,0.036121,0.000958,0.8,0.0,0.0,L,0,0,-0.0,0.83,-0.0,0.83
2026-05-26T12:49:23.143,32.924,738,FORWARD,0.030031,0.034903,0.001218,0.8,0.0,0.0,L,0,0,-0.0,0.83,-0.0,0.83
2026-05-26T12:49:23.189,32.97,739,FORWARD,0.025821,0.033087,0.001816,0.8,0.0,0.0,L,0,0,-0.0,0.83,-0.0,0.83
2026-05-26T12:49:23.222,33.003,740,FORWARD,0.027225,0.031914,0.001172,0.8,0.0,0.0,L,0,0,-0.0,0.8307,-0.0,0.8307
2026-05-26T12:49:23.255,33.036,741,FORWARD,0.028521,0.031236,0.000679,0.8,0.0,0.0,L,0,0,-0.0,0.8307,-0.0,0.8307
2026-05-26T12:49:23.296,33.077,742,FORWARD,0.026735,0.030336,0.0009,0.8,0.0,0.0,L,0,0,-0.0,0.822,-0.0,0.822
2026-05-26T12:49:23.350,33.131,743,FORWARD,0.026967,0.029662,0.000674,0.8,0.0,0.0,L,0,0,-0.0,0.7979,-0.0,0.7979
2026-05-26T12:49:23.400,33.181,744,FORWARD,0.026892,0.029108,0.000554,0.8,0.0,0.0,L,0,0,-0.0,0.7565,-0.0,0.7565
2026-05-26T12:49:23.455,33.237,745,FORWARD,0.027117,0.02871,0.000398,0.8,0.0,0.0,L,0,0,-0.0,0.6706,-0.0,0.6706
2026-05-26T12:49:23.485,33.267,746,FORWARD,0.02632,0.028232,0.000478,0.8,0.0,0.0,L,0,0,-0.0,0.5927,-0.0,0.5927
2026-05-26T12:49:23.528,33.309,747,FORWARD,0.024031,0.027392,0.00084,0.8,0.0,0.0,L,0,0,-0.0,0.5921,-0.0,0.5921
2026-05-26T12:49:23.574,33.355,748,FORWARD,0.023208,0.026555,0.000837,0.8,0.0,0.0,L,0,0,-0.0,0.5915,-0.0,0.5915
2026-05-26T12:49:23.609,33.39,749,FORWARD,0.020347,0.025313,0.001242,0.8,0.0,0.0,L,0,0,-0.0,0.8214,-0.0,0.8214
2026-05-26T12:49:23.635,33.417,750,FORWARD,0.019268,0.024104,0.001209,0.8,0.0,0.0,L,0,0,-0.0,0.8214,-0.0,0.8214
2026-05-26T12:49:23.682,33.463,751,FORWARD,0.020447,0.023373,0.000732,0.8,0.0,0.0,L,0,0,-0.0,0.9091,-0.0,0.9091
2026-05-26T12:49:23.712,33.493,752,FORWARD,0.016813,0.022061,0.001312,0.8,0.0,0.0,L,0,0,-0.0,0.9172,-0.0,0.9172
2026-05-26T12:49:23.743,33.524,753,FORWARD,0.018561,0.021361,0.0007,0.8,0.0,0.0,L,0,0,-0.0,0.9172,-0.0,0.9172
2026-05-26T12:49:23.774,33.555,754,FORWARD,0.02697,0.022483,-0.001122,0.8,0.0,0.0,L,0,0,-0.0,0.8912,-0.0,0.8912
2026-05-26T12:49:23.797,33.578,755,FORWARD,0.033199,0.024626,-0.002143,0.8,0.0,0.0,L,0,0,-0.0,0.8912,-0.0,0.8912
2026-05-26T12:49:23.848,33.629,756,FORWARD,0.03394,0.026489,-0.001863,0.8,0.0,0.0,L,0,0,-0.0,0.7355,-0.0,0.7355
2026-05-26T12:49:23.901,33.683,757,FORWARD,0.028029,0.026797,-0.000308,0.8,0.0,0.0,L,0,0,-0.0,0.7046,-0.0,0.7046
2026-05-26T12:49:23.939,33.721,758,FORWARD,0.030193,0.027476,-0.000679,0.8,0.0,0.0,L,0,0,-0.0,0.7052,-0.0,0.7052
2026-05-26T12:49:23.980,33.761,759,FORWARD,0.032954,0.028572,-0.001096,0.8,0.0,0.0,L,0,0,-0.0,0.8109,-0.0,0.8109
2026-05-26T12:49:24.020,33.802,760,FORWARD,0.032714,0.0294,-0.000829,0.8,0.0,0.0,L,0,0,-0.0,0.9419,-0.0,0.9419
2026-05-26T12:49:24.059,33.84,761,FORWARD,0.029376,0.029395,5e-06,0.8,0.0,0.0,L,0,0,-0.0,0.9438,-0.0,0.9438
2026-05-26T12:49:24.091,33.873,762,FORWARD,0.026446,0.028806,0.00059,0.8,0.0,0.0,L,0,0,-0.0,0.9425,-0.0,0.9425
2026-05-26T12:49:24.141,33.922,763,FORWARD,0.031581,0.029361,-0.000555,0.8,0.0,0.0,L,0,0,-0.0,0.8782,-0.0,0.8782
2026-05-26T12:49:24.158,33.939,764,FORWARD,0.026621,0.028813,0.000548,0.8,0.0,0.0,L,0,0,-0.0,0.7701,-0.0,0.7701
2026-05-26T12:49:24.199,33.981,765,FORWARD,0.027032,0.028457,0.000356,0.8,0.0,0.0,L,0,0,-0.0,0.6712,-0.0,0.6712
2026-05-26T12:49:24.247,34.028,766,FORWARD,0.028993,0.028564,-0.000107,0.8,0.0,0.0,L,0,0,-0.0,0.5377,-0.0,0.5377
2026-05-26T12:49:24.278,34.059,767,FORWARD,0.026237,0.028099,0.000465,0.8,0.0,0.0,L,0,0,-0.0,0.5377,-0.0,0.5377
2026-05-26T12:49:24.316,34.097,768,FORWARD,0.026358,0.02775,0.000348,0.8,0.0,0.0,L,0,0,-0.0,0.4808,-0.0,0.4808
2026-05-26T12:49:24.336,34.117,769,FORWARD,0.030576,0.028316,-0.000565,0.8,0.0,0.0,L,0,0,-0.0,0.411,-0.0,0.411
2026-05-26T12:49:24.387,34.169,770,STOP,0.030776,0.028808,-0.000492,0.8,0.0,0.0,L,0,0,-0.0,0.1904,-0.0,0.0
2026-05-26T12:49:24.422,34.203,771,STOP,0.029813,0.029009,-0.000201,0.8,0.0,0.0,L,0,0,-0.0,0.1193,-0.0,0.0
2026-05-26T12:49:24.491,34.272,772,STOP,0.026356,0.028478,0.000531,0.8,0.0,0.0,L,0,0,-0.0,0.0667,-0.0,0.0
2026-05-26T12:49:24.531,34.312,773,STOP,0.023278,0.027438,0.00104,0.8,0.0,0.0,L,0,0,-0.0,0.0637,-0.0,0.0
2026-05-26T12:49:24.571,34.352,774,STOP,0.022217,0.026394,0.001044,0.8,0.0,0.0,L,0,0,-0.0,0.0643,-0.0,0.0
2026-05-26T12:49:24.614,34.395,775,STOP,0.019101,0.024935,0.001459,0.8,0.0,0.0,L,0,0,-0.0,0.0637,-0.0,0.0
2026-05-26T12:49:24.659,34.44,776,STOP,0.020019,0.023952,0.000983,0.8,0.0,0.0,L,0,0,-0.0,0.0643,-0.0,0.0
2026-05-26T12:49:24.689,34.471,777,STOP,0.020112,0.023184,0.000768,0.8,0.0,0.0,L,0,0,-0.0,0.0637,-0.0,0.0
2026-05-26T12:49:24.737,34.518,778,STOP,0.018576,0.022263,0.000922,0.8,0.0,0.0,L,0,0,-0.0,0.0637,-0.0,0.0
2026-05-26T12:49:24.777,34.558,779,STOP,0.019199,0.02165,0.000613,0.8,0.0,0.0,L,0,0,-0.0,0.0643,-0.0,0.0
2026-05-26T12:49:24.825,34.607,780,STOP,0.011506,0.019621,0.002029,0.8,0.0,0.0,L,0,0,-0.0,0.0643,-0.0,0.0
2026-05-26T12:49:24.867,34.649,781,STOP,0.005286,0.016754,0.002867,0.8,0.0,0.0,L,0,0,-0.0,0.0649,-0.0,0.0
2026-05-26T12:49:24.919,34.701,782,STOP,0.008046,0.015012,0.001742,0.8,0.0,0.0,L,0,0,-0.0,0.0643,-0.0,0.0
2026-05-26T12:49:24.951,34.732,783,STOP,0.004626,0.012935,0.002077,0.8,0.0,0.0,L,0,0,-0.0,0.0637,-0.0,0.0
2026-05-26T12:49:24.991,34.772,784,STOP,0.003143,0.010977,0.001958,0.8,0.0,0.0,L,0,0,-0.0,0.0637,-0.0,0.0
2026-05-26T12:49:25.029,34.81,785,STOP,0.002725,0.009326,0.00165,0.8,0.0,0.0,L,0,0,-0.0,0.0637,-0.0,0.0
2026-05-26T12:49:25.055,34.836,786,STOP,0.002885,0.008038,0.001288,0.8,0.0,0.0,L,0,0,-0.0,0.0643,-0.0,0.0
2026-05-26T12:49:25.093,34.874,787,STOP,0.004303,0.007291,0.000747,0.8,0.0,0.0,L,0,0,-0.0,0.0637,-0.0,0.0
2026-05-26T12:49:25.141,34.923,788,STOP,0.004423,0.006718,0.000574,0.8,0.0,0.0,L,0,0,-0.0,0.0637,-0.0,0.0
2026-05-26T12:49:25.192,34.974,789,STOP,0.00314,0.006002,0.000715,0.8,0.0,0.0,L,0,0,-0.0,0.0637,-0.0,0.0
2026-05-26T12:49:25.242,35.023,790,STOP,0.004363,0.005674,0.000328,0.8,0.0,0.0,L,0,0,-0.0,0.0643,0.1473,0.0
2026-05-26T12:49:25.284,35.066,791,STOP,0.003873,0.005314,0.00036,0.8,0.0,0.0,L,0,0,-0.0,0.0637,0.2728,0.0
2026-05-26T12:49:25.321,35.103,792,ROT_R,0.002055,0.004662,0.000652,0.8,0.0,0.0,L,0,0,-0.0,0.0643,0.3017,0.3017
2026-05-26T12:49:25.382,35.163,793,STOP,0.001949,0.00412,0.000543,0.8,0.0,0.0,L,0,0,-0.0,0.0637,0.1143,0.0
2026-05-26T12:49:25.422,35.203,794,STOP,0.00198,0.003692,0.000428,0.8,0.0,0.0,L,0,0,-0.0,0.0643,-0.0,0.0
2026-05-26T12:49:25.457,35.238,795,STOP,0.005041,0.003962,-0.00027,0.8,0.0,0.0,L,0,0,-0.0,0.0637,-0.0,0.0
2026-05-26T12:49:25.478,35.259,796,STOP,0.008742,0.004918,-0.000956,0.8,0.0,0.0,L,0,0,-0.0,0.063,-0.0,0.0
2026-05-26T12:49:25.516,35.297,797,STOP,0.009684,0.005871,-0.000953,0.8,0.0,0.0,L,0,0,-0.0,0.0637,-0.0,0.0
2026-05-26T12:49:25.569,35.35,798,STOP,0.011517,0.007,-0.001129,0.8,0.0,0.0,L,0,0,-0.0,0.0637,-0.0,0.0
2026-05-26T12:49:25.604,35.385,799,STOP,0.009342,0.007468,-0.000468,0.8,0.0,0.0,L,0,0,-0.0,0.0643,-0.0,0.0
2026-05-26T12:49:25.629,35.41,800,STOP,0.003979,0.006771,0.000698,0.8,0.0,0.0,L,0,0,-0.0,0.0637,-0.0,0.0
2026-05-26T12:49:25.685,35.467,801,STOP,0.003897,0.006196,0.000575,0.8,0.0,0.0,L,0,0,-0.0,0.0389,-0.0,0.0
2026-05-26T12:49:25.711,35.492,802,STOP,0.007695,0.006496,-0.0003,0.8,0.0,0.0,L,0,0,-0.0,0.0389,-0.0,0.0
2026-05-26T12:49:25.749,35.531,803,STOP,0.009609,0.007118,-0.000623,0.8,0.0,0.0,L,0,0,-0.0,0.0,-0.0,0.0
2026-05-26T12:49:25.814,35.595,804,STOP,0.00638,0.006971,0.000148,0.8,0.0,0.0,L,0,0,-0.0,0.0,-0.0,0.0
2026-05-26T12:49:25.853,35.634,805,STOP,0.005704,0.006717,0.000253,0.8,0.0,0.0,L,0,0,-0.0,0.0,-0.0,0.0
2026-05-26T12:49:25.878,35.659,806,STOP,0.004629,0.0063,0.000418,0.8,0.0,0.0,L,0,0,-0.0,0.0,-0.0,0.0
2026-05-26T12:49:25.903,35.684,807,STOP,0.002279,0.005495,0.000804,0.8,0.0,0.0,L,0,0,-0.0,0.0,-0.0,0.0
2026-05-26T12:49:25.953,35.734,808,STOP,0.001921,0.004781,0.000715,0.8,0.0,0.0,L,0,0,-0.0,0.0,-0.0,0.0
2026-05-26T12:49:25.985,35.766,809,STOP,0.00302,0.004429,0.000352,0.8,0.0,0.0,L,0,0,-0.0,0.0,-0.0,0.0
2026-05-26T12:49:26.025,35.806,810,STOP,0.001842,0.003911,0.000517,0.8,0.0,0.0,L,0,0,-0.0,0.0,-0.0,0.0
2026-05-26T12:49:26.069,35.85,811,STOP,0.001819,0.003493,0.000418,0.8,0.0,0.0,L,0,0,-0.0,0.0,-0.0,0.0
2026-05-26T12:49:26.092,35.873,812,STOP,0.001718,0.003138,0.000355,0.8,0.0,0.0,L,0,0,-0.0,0.0,-0.0,0.0
2026-05-26T12:49:26.126,35.907,813,STOP,0.001708,0.002852,0.000286,0.8,0.0,0.0,L,0,0,-0.0,0.0,-0.0,0.0
2026-05-26T12:49:26.155,35.936,814,STOP,0.0019,0.002661,0.00019,0.8,0.0,0.0,L,0,0,-0.0,0.0,-0.0,0.0
2026-05-26T12:49:26.191,35.972,815,STOP,0.00167,0.002463,0.000198,0.8,0.0,0.0,L,0,0,-0.0,0.0,-0.0,0.0
2026-05-26T12:49:26.236,36.017,816,STOP,0.002986,0.002568,-0.000105,0.8,0.0,0.0,L,0,0,-0.0,0.0,-0.0,0.0
2026-05-26T12:49:26.265,36.046,817,STOP,0.003079,0.00267,-0.000102,0.8,0.0,0.0,L,0,0,-0.0,0.0,0.2357,0.0
2026-05-26T12:49:26.309,36.09,818,STOP,0.001937,0.002523,0.000147,0.8,0.0,0.0,L,0,0,-0.0,0.0,0.2546,0.0
2026-05-26T12:49:26.349,36.131,819,STOP,0.001916,0.002402,0.000121,0.8,0.0,0.0,L,0,0,-0.0,0.0,0.2516,0.0
2026-05-26T12:49:26.399,36.18,820,STOP,0.002334,0.002388,1.4e-05,0.8,0.0,0.0,L,0,0,-0.0,0.0,0.1974,0.0
2026-05-26T12:49:26.460,36.241,821,STOP,0.00435,0.002781,-0.000392,0.8,0.0,0.0,L,0,0,-0.0,0.0,-0.0,0.0
2026-05-26T12:49:26.501,36.282,822,STOP,0.010031,0.004231,-0.00145,0.8,0.0,0.0,L,0,0,-0.0,0.0,-0.0,0.0
2026-05-26T12:49:26.543,36.324,823,STOP,0.011416,0.005668,-0.001437,0.8,0.0,0.0,L,0,0,-0.0,0.0,-0.0,0.0
2026-05-26T12:49:26.623,36.404,824,STOP,0.011906,0.006916,-0.001248,0.8,0.0,0.0,L,0,0,-0.0,0.0,-0.0,0.0
2026-05-26T12:49:26.663,36.445,825,STOP,0.009461,0.007425,-0.000509,0.8,0.0,0.0,L,0,0,-0.0,0.0,-0.0,0.0
2026-05-26T12:49:26.697,36.478,826,STOP,0.006336,0.007207,0.000218,0.8,0.0,0.0,L,0,0,-0.0,0.0,-0.0,0.0
2026-05-26T12:49:26.751,36.532,827,STOP,0.005028,0.006771,0.000436,0.8,0.0,0.0,L,0,0,-0.0,0.0,-0.0,0.0
2026-05-26T12:49:26.786,36.568,828,STOP,0.005096,0.006436,0.000335,0.8,0.0,0.0,L,0,0,-0.0,0.0,-0.0,0.0
2026-05-26T12:49:26.821,36.603,829,STOP,0.003932,0.005935,0.000501,0.8,0.0,0.0,L,0,0,-0.0,0.0,-0.0,0.0
2026-05-26T12:49:26.857,36.638,830,STOP,0.004768,0.005702,0.000233,0.8,0.0,0.0,L,0,0,-0.0,0.0,-0.0,0.0
2026-05-26T12:49:26.887,36.668,831,STOP,0.003665,0.005294,0.000407,0.8,0.0,0.0,L,0,0,-0.0,0.0,-0.0,0.0
2026-05-26T12:49:26.954,36.736,832,STOP,0.001725,0.00458,0.000714,0.8,0.0,0.0,L,0,0,-0.0,0.0,-0.0,0.0
2026-05-26T12:49:26.999,36.78,833,STOP,0.001906,0.004046,0.000535,0.8,0.0,0.0,L,0,0,-0.0,0.0,-0.0,0.0
2026-05-26T12:49:27.039,36.82,834,STOP,0.002336,0.003704,0.000342,0.8,0.0,0.0,L,0,0,-0.0,0.0,-0.0,0.0
2026-05-26T12:49:27.076,36.857,835,STOP,0.003029,0.003569,0.000135,0.8,0.0,0.0,L,0,0,-0.0,0.0,0.1267,0.0
2026-05-26T12:49:27.126,36.907,836,ROT_R,0.002963,0.003448,0.000121,0.8,0.0,0.0,L,0,0,-0.0,0.0,0.3654,0.3654
2026-05-26T12:49:27.188,36.969,837,ROT_R,0.002276,0.003213,0.000234,0.8,0.0,0.0,L,0,0,-0.0,0.0,0.3636,0.3636
2026-05-26T12:49:27.231,37.012,838,STOP,0.003614,0.003293,-8e-05,0.8,0.0,0.0,L,0,0,-0.0,0.0,-0.0,0.0
2026-05-26T12:49:27.281,37.062,839,STOP,0.00864,0.004363,-0.001069,0.8,0.0,0.0,L,0,0,-0.0,0.0,-0.0,0.0
2026-05-26T12:49:27.309,37.09,840,STOP,0.013291,0.006148,-0.001786,0.8,0.0,0.0,L,0,0,-0.0,0.0,-0.0,0.0
2026-05-26T12:49:27.352,37.134,841,STOP,0.01767,0.008453,-0.002304,0.8,0.0,0.0,L,0,0,-0.0,0.0,-0.0,0.0
2026-05-26T12:49:27.388,37.169,842,STOP,0.021732,0.011109,-0.002656,0.8,0.0,0.0,L,0,0,-0.0,0.0,-0.0,0.0
2026-05-26T12:49:27.433,37.214,843,STOP,0.032316,0.01535,-0.004241,0.8,0.0,0.0,L,0,0,-0.0,0.0,-0.0,0.0
2026-05-26T12:49:27.459,37.24,844,STOP,0.030101,0.0183,-0.00295,0.8,0.0,0.0,L,0,0,-0.0,0.0,-0.0,0.0
2026-05-26T12:49:27.502,37.284,845,STOP,0.023796,0.019399,-0.001099,0.8,0.0,0.0,L,0,0,-0.0,0.0,-0.0,0.0
2026-05-26T12:49:27.562,37.343,846,STOP,0.016793,0.018878,0.000521,0.8,0.0,0.0,L,0,0,-0.0,0.0,-0.0,0.0
2026-05-26T12:49:27.621,37.402,847,STOP,0.019513,0.019005,-0.000127,0.8,0.0,0.0,L,0,0,-0.0,0.0,-0.0,0.0
2026-05-26T12:49:27.660,37.441,848,STOP,0.024791,0.020162,-0.001157,0.8,0.0,0.0,L,0,0,-0.0,0.0,-0.0,0.0
2026-05-26T12:49:27.713,37.494,849,FORWARD,0.02195,0.02052,-0.000358,0.8,0.0,0.0,L,0,0,-0.0,0.4938,-0.0,0.4938
2026-05-26T12:49:27.732,37.513,850,FORWARD,0.014064,0.019229,0.001291,0.8,0.0,0.0,L,0,0,-0.0,0.4938,-0.0,0.4938
2026-05-26T12:49:27.779,37.56,851,FORWARD,0.020023,0.019387,-0.000159,0.8,0.0,0.0,L,0,0,-0.0,0.89,-0.0,0.89
2026-05-26T12:49:27.813,37.594,852,FORWARD,0.018354,0.019181,0.000207,0.8,0.0,0.0,L,0,0,-0.0,0.89,-0.0,0.89
2026-05-26T12:49:27.851,37.632,853,FORWARD,0.020126,0.01937,-0.000189,0.8,0.0,0.0,L,0,0,-0.0,0.9067,-0.0,0.9067
2026-05-26T12:49:27.878,37.659,854,FORWARD,0.017166,0.018929,0.000441,0.8,0.0,0.0,L,0,0,-0.0,0.9067,-0.0,0.9067
2026-05-26T12:49:27.911,37.692,855,FORWARD,0.023076,0.019759,-0.000829,0.8,0.0,0.0,L,0,0,-0.0,0.9067,-0.0,0.9067
2026-05-26T12:49:27.959,37.74,856,FORWARD,0.031633,0.022133,-0.002375,0.8,0.0,0.0,L,0,0,-0.0,0.9073,-0.0,0.9073
2026-05-26T12:49:28.002,37.783,857,FORWARD,0.033137,0.024334,-0.002201,0.8,0.0,0.0,L,0,0,-0.0,0.9073,-0.0,0.9073
2026-05-26T12:49:28.033,37.814,858,FORWARD,0.023464,0.02416,0.000174,0.8,0.0,0.0,L,0,0,-0.0,0.9067,-0.0,0.9067
2026-05-26T12:49:28.075,37.856,859,FORWARD,0.013725,0.022073,0.002087,0.8,0.0,0.0,L,0,0,-0.0,0.9079,-0.0,0.9079
2026-05-26T12:49:28.126,37.907,860,FORWARD,0.028819,0.023422,-0.001349,0.8,0.0,0.0,L,0,0,-0.0,0.9073,-0.0,0.9073
2026-05-26T12:49:28.164,37.945,861,FORWARD,0.031863,0.025111,-0.001688,0.8,0.0,0.0,L,0,0,-0.0,0.9073,-0.0,0.9073
2026-05-26T12:49:28.221,38.002,862,FORWARD,0.030761,0.026241,-0.00113,0.8,0.0,0.0,L,0,0,-0.0,0.9073,-0.0,0.9073
2026-05-26T12:49:28.271,38.052,863,FORWARD,0.028329,0.026658,-0.000418,0.8,0.0,0.0,L,0,0,-0.0,0.9073,-0.0,0.9073
2026-05-26T12:49:28.317,38.098,864,FORWARD,0.023361,0.025999,0.000659,0.8,0.0,0.0,L,0,0,-0.0,0.9067,-0.0,0.9067
2026-05-26T12:49:28.350,38.131,865,FORWARD,0.014599,0.023719,0.00228,0.8,0.0,0.0,L,0,0,-0.0,0.9073,-0.0,0.9073
2026-05-26T12:49:28.398,38.179,866,FORWARD,0.014671,0.021909,0.001809,0.8,0.0,0.0,L,0,0,-0.0,0.9067,-0.0,0.9067
2026-05-26T12:49:28.449,38.23,867,FORWARD,0.017512,0.02103,0.00088,0.8,0.0,0.0,L,0,0,-0.0,0.9073,-0.0,0.9073
2026-05-26T12:49:28.485,38.266,868,FORWARD,0.013913,0.019606,0.001423,0.8,0.0,0.0,L,0,0,-0.0,0.9073,-0.0,0.9073
2026-05-26T12:49:28.544,38.326,869,FORWARD,0.013317,0.018349,0.001258,0.8,0.0,0.0,L,0,0,-0.0,0.9079,-0.0,0.9079
2026-05-26T12:49:28.605,38.386,870,FORWARD,0.01408,0.017495,0.000854,0.8,0.0,0.0,L,0,0,-0.0,0.9079,-0.0,0.9079
2026-05-26T12:49:28.657,38.438,871,FORWARD,0.013169,0.01663,0.000865,0.8,0.0,0.0,L,0,0,-0.0,0.9073,-0.0,0.9073
2026-05-26T12:49:28.710,38.492,872,FORWARD,0.014094,0.016123,0.000507,0.8,0.0,0.0,L,0,0,-0.0,0.9073,-0.0,0.9073
2026-05-26T12:49:28.781,38.562,873,FORWARD,0.016092,0.016117,6e-06,0.8,0.0,0.0,L,0,0,-0.0,0.9079,-0.0,0.9079
2026-05-26T12:49:28.835,38.616,874,FORWARD,0.014232,0.01574,0.000377,0.8,0.0,0.0,L,0,0,-0.0,0.8721,-0.0,0.8721
2026-05-26T12:49:28.903,38.684,875,FORWARD,0.014157,0.015423,0.000317,0.8,0.0,0.0,L,0,0,-0.0,0.8257,-0.0,0.8257
2026-05-26T12:49:28.983,38.764,876,FORWARD,0.016133,0.015565,-0.000142,0.8,0.0,0.0,L,0,0,-0.0,0.3684,-0.0,0.3684
2026-05-26T12:49:29.044,38.825,877,STOP,0.018958,0.016244,-0.000679,0.8,0.0,0.0,L,0,0,-0.0,0.0,-0.0,0.0
2026-05-26T12:49:29.100,38.882,878,STOP,0.019243,0.016844,-0.0006,0.8,0.0,0.0,L,0,0,-0.0,0.0,-0.0,0.0
2026-05-26T12:49:29.141,38.922,879,STOP,0.018441,0.017163,-0.00032,0.8,0.0,0.0,L,0,0,-0.0,0.0,-0.0,0.0
2026-05-26T12:49:29.213,38.994,880,STOP,0.019559,0.017642,-0.000479,0.8,0.0,0.0,L,0,0,-0.0,0.0,-0.0,0.0
2026-05-26T12:49:29.265,39.047,881,STOP,0.028412,0.019796,-0.002154,0.8,0.0,0.0,L,0,0,-0.0,0.0,-0.0,0.0
2026-05-26T12:49:29.314,39.095,882,ROT_R,0.015739,0.018985,0.000812,0.8,0.0,0.0,L,0,0,-0.0,0.0,0.4042,0.4042
2026-05-26T12:49:29.386,39.167,883,ROT_R,0.032033,0.021594,-0.00261,0.8,0.0,0.0,L,0,0,-0.0,0.0,0.8886,0.8886
2026-05-26T12:49:29.430,39.211,884,ROT_R,0.031222,0.02352,-0.001926,0.8,0.0,0.0,L,0,0,-0.0,0.0,0.8869,0.8869
2026-05-26T12:49:29.468,39.25,885,ROT_R,0.02855,0.024526,-0.001006,0.8,0.0,0.0,L,0,0,-0.0,0.0,0.7631,0.7631
2026-05-26T12:49:29.522,39.303,886,STOP,0.031767,0.025974,-0.001448,0.8,0.0,0.0,L,0,0,-0.0,0.0,-0.0,0.0
2026-05-26T12:49:29.562,39.344,887,STOP,0.033098,0.027399,-0.001425,0.8,0.0,0.0,L,0,0,-0.0,0.0,-0.0,0.0
2026-05-26T12:49:29.590,39.371,888,STOP,0.027036,0.027326,7.3e-05,0.8,0.0,0.0,L,0,0,-0.0,0.0,-0.0,0.0
2026-05-26T12:49:29.629,39.41,889,STOP,0.037029,0.029267,-0.001941,0.8,0.0,0.0,L,0,0,-0.0,0.0,-0.0,0.0
2026-05-26T12:49:29.656,39.437,890,STOP,0.042934,0.032,-0.002733,0.8,0.0,0.0,L,0,0,-0.0,0.0,-0.0,0.0
2026-05-26T12:49:29.684,39.466,891,STOP,0.035761,0.032753,-0.000752,0.8,0.0,0.0,L,0,0,-0.0,0.0,-0.0,0.0
2026-05-26T12:49:29.733,39.514,892,STOP,0.030268,0.032256,0.000497,0.8,0.0,0.0,L,0,0,-0.0,0.0,-0.0,0.0
2026-05-26T12:49:29.768,39.55,893,STOP,0.038828,0.03357,-0.001314,0.8,0.0,0.0,L,0,0,-0.0,0.0,-0.0,0.0
2026-05-26T12:49:29.810,39.591,894,STOP,0.03953,0.034762,-0.001192,0.8,0.0,0.0,L,0,0,-0.0,0.0,-0.0,0.0
2026-05-26T12:49:29.849,39.63,895,STOP,0.031319,0.034073,0.000689,0.8,0.0,0.0,L,0,0,-0.0,0.0,-0.0,0.0
2026-05-26T12:49:29.898,39.679,896,STOP,0.025193,0.032297,0.001776,0.8,0.0,0.0,L,0,0,-0.0,0.0,-0.0,0.0
2026-05-26T12:49:29.941,39.722,897,STOP,0.030573,0.031953,0.000345,0.8,0.0,0.0,L,0,0,-0.0,0.0,-0.0,0.0
2026-05-26T12:49:29.961,39.742,898,STOP,0.021765,0.029915,0.002037,0.8,0.0,0.0,L,0,0,-0.0,0.0,-0.0,0.0
2026-05-26T12:49:30.012,39.793,899,STOP,0.01756,0.027444,0.002471,0.8,0.0,0.0,L,0,0,-0.0,0.0,-0.0,0.0
2026-05-26T12:49:30.028,39.809,900,STOP,0.021694,0.026294,0.00115,0.8,0.0,0.0,L,0,0,-0.0,0.0,-0.0,0.0
2026-05-26T12:49:30.062,39.843,901,STOP,0.022222,0.02548,0.000814,0.8,0.0,0.0,L,0,0,-0.0,0.0,-0.0,0.0
2026-05-26T12:49:30.100,39.881,902,STOP,0.010796,0.022543,0.002937,0.8,0.0,0.0,L,0,0,-0.0,0.0,-0.0,0.0
2026-05-26T12:49:30.132,39.913,903,STOP,0.022927,0.02262,-7.7e-05,0.8,0.0,0.0,L,0,0,-0.0,0.0,-0.0,0.0
2026-05-26T12:49:30.157,39.938,904,STOP,0.024289,0.022954,-0.000334,0.8,0.0,0.0,L,0,0,-0.0,0.0,-0.0,0.0
2026-05-26T12:49:30.194,39.975,905,STOP,0.011839,0.020731,0.002223,0.8,0.0,0.0,L,0,0,-0.0,0.0,-0.0,0.0
2026-05-26T12:49:30.242,40.023,906,STOP,0.013247,0.019234,0.001497,0.8,0.0,0.0,L,0,0,-0.0,0.0,-0.0,0.0
2026-05-26T12:49:30.268,40.049,907,STOP,0.022489,0.019885,-0.000651,0.8,0.0,0.0,L,0,0,-0.0,0.0,-0.0,0.0
2026-05-26T12:49:30.314,40.095,908,STOP,0.018518,0.019611,0.000273,0.8,0.0,0.0,L,0,0,-0.0,0.0,-0.0,0.0
2026-05-26T12:49:30.364,40.145,909,STOP,0.004458,0.016581,0.003031,0.8,0.0,0.0,L,0,0,-0.0,0.0,-0.0,0.0
2026-05-26T12:49:30.398,40.179,910,STOP,0.011444,0.015553,0.001027,0.8,0.0,0.0,L,0,0,-0.0,0.0,-0.0,0.0
2026-05-26T12:49:30.440,40.221,911,STOP,0.01123,0.014689,0.000865,0.8,0.0,0.0,L,0,0,-0.0,0.0,-0.0,0.0
2026-05-26T12:49:30.493,40.274,912,STOP,0.003707,0.012492,0.002196,0.8,0.0,0.0,L,0,0,-0.0,0.0,-0.0,0.0
2026-05-26T12:49:30.535,40.316,913,STOP,0.001634,0.010321,0.002172,0.8,0.0,0.0,L,0,0,-0.0,0.0,-0.0,0.0
2026-05-26T12:49:30.590,40.372,914,STOP,0.004282,0.009113,0.001208,0.8,0.0,0.0,L,0,0,-0.0,0.0,-0.0,0.0
2026-05-26T12:49:30.617,40.398,915,STOP,0.002934,0.007877,0.001236,0.8,0.0,0.0,L,0,0,-0.0,0.0,-0.0,0.0
2026-05-26T12:49:30.686,40.468,916,STOP,0.005503,0.007402,0.000475,0.8,0.0,0.0,L,0,0,-0.0,0.0,-0.0,0.0
2026-05-26T12:49:30.728,40.509,917,STOP,0.003269,0.006576,0.000827,0.8,0.0,0.0,L,0,0,-0.0,0.0,-0.0,0.0
2026-05-26T12:49:30.760,40.542,918,STOP,0.001542,0.005569,0.001007,0.8,0.0,0.0,L,0,0,-0.0,0.0,-0.0,0.0
2026-05-26T12:49:30.807,40.588,919,STOP,0.005527,0.005561,8e-06,0.8,0.0,0.0,L,0,0,-0.0,0.0,-0.0,0.0
2026-05-26T12:49:30.840,40.622,920,STOP,0.001698,0.004788,0.000773,0.8,0.0,0.0,L,0,0,-0.0,0.0,-0.0,0.0
2026-05-26T12:49:30.894,40.675,921,STOP,0.006249,0.00508,-0.000292,0.8,0.0,0.0,L,0,0,-0.0,0.0,-0.0,0.0
2026-05-26T12:49:30.919,40.7,922,STOP,0.002741,0.004612,0.000468,0.8,0.0,0.0,L,0,0,-0.0,0.0,-0.0,0.0
2026-05-26T12:49:30.970,40.752,923,STOP,0.003251,0.00434,0.000272,0.8,0.0,0.0,L,0,0,-0.0,0.0,-0.0,0.0
2026-05-26T12:49:30.994,40.775,924,STOP,0.005533,0.004579,-0.000238,0.8,0.0,0.0,L,0,0,-0.0,0.0,-0.0,0.0
2026-05-26T12:49:31.040,40.822,925,STOP,0.004223,0.004507,7.1e-05,0.8,0.0,0.0,L,0,0,-0.0,0.0,-0.0,0.0
2026-05-26T12:49:31.092,40.874,926,STOP,0.005631,0.004732,-0.000225,0.8,0.0,0.0,L,0,0,-0.0,0.0,-0.0,0.0
2026-05-26T12:49:31.128,40.909,927,STOP,0.00422,0.00463,0.000102,0.8,0.0,0.0,L,0,0,-0.0,0.0,-0.0,0.0
2026-05-26T12:49:31.172,40.953,928,STOP,0.002082,0.00412,0.00051,0.8,0.0,0.0,L,0,0,-0.0,0.0,-0.0,0.0
2026-05-26T12:49:31.218,40.999,929,STOP,0.002558,0.003808,0.000312,0.8,0.0,0.0,L,0,0,-0.0,0.0,-0.0,0.0
2026-05-26T12:49:31.242,41.024,930,STOP,0.003725,0.003791,1.7e-05,0.8,0.0,0.0,L,0,0,-0.0,0.0,-0.0,0.0
2026-05-26T12:49:31.268,41.049,931,STOP,0.002759,0.003585,0.000207,0.8,0.0,0.0,L,0,0,-0.0,0.0,-0.0,0.0
2026-05-26T12:49:31.304,41.085,932,STOP,0.004492,0.003766,-0.000181,0.8,0.0,0.0,L,0,0,-0.0,0.0,-0.0,0.0
2026-05-26T12:49:31.330,41.111,933,STOP,0.004973,0.004008,-0.000241,0.8,0.0,0.0,L,0,0,-0.0,0.0,-0.0,0.0
2026-05-26T12:49:31.366,41.147,934,STOP,0.002237,0.003653,0.000354,0.8,0.0,0.0,L,0,0,-0.0,0.0,-0.0,0.0
2026-05-26T12:49:31.427,41.208,935,STOP,0.002064,0.003336,0.000318,0.8,0.0,0.0,L,0,0,-0.0,0.0,-0.0,0.0
2026-05-26T12:49:31.463,41.244,936,STOP,0.002608,0.00319,0.000146,0.8,0.0,0.0,L,0,0,-0.0,0.0,-0.0,0.0
2026-05-26T12:49:31.499,41.28,937,STOP,0.001982,0.002949,0.000242,0.8,0.0,0.0,L,0,0,-0.0,0.0,-0.0,0.0
2026-05-26T12:49:31.536,41.317,938,STOP,0.001654,0.00269,0.000259,0.8,0.0,0.0,L,0,0,-0.0,0.0,-0.0,0.0
2026-05-26T12:49:31.592,41.373,939,STOP,0.001388,0.002429,0.00026,0.8,0.0,0.0,L,0,0,-0.0,0.0,-0.0,0.0
2026-05-26T12:49:31.642,41.423,940,STOP,0.001439,0.002231,0.000198,0.8,0.0,0.0,L,0,0,-0.0,0.0,-0.0,0.0
2026-05-26T12:49:31.672,41.454,941,STOP,0.001942,0.002173,5.8e-05,0.8,0.0,0.0,L,0,0,-0.0,0.0,-0.0,0.0
2026-05-26T12:49:31.711,41.493,942,STOP,0.001931,0.002125,4.8e-05,0.8,0.0,0.0,L,0,0,-0.0,0.0,-0.0,0.0
2026-05-26T12:49:31.757,41.538,943,STOP,0.001991,0.002098,2.7e-05,0.8,0.0,0.0,L,0,0,-0.0,0.0,-0.0,0.0
2026-05-26T12:49:31.784,41.566,944,STOP,0.001666,0.002012,8.6e-05,0.8,0.0,0.0,L,0,0,-0.0,0.0,-0.0,0.0
2026-05-26T12:49:31.825,41.607,945,STOP,0.001588,0.001927,8.5e-05,0.8,0.0,0.0,L,0,0,-0.0,0.0,-0.0,0.0
2026-05-26T12:49:31.872,41.653,946,STOP,0.001504,0.001842,8.5e-05,0.8,0.0,0.0,L,0,0,-0.0,0.0,-0.0,0.0
2026-05-26T12:49:31.906,41.687,947,STOP,0.001704,0.001815,2.8e-05,0.8,0.0,0.0,L,0,0,-0.0,0.0,-0.0,0.0
2026-05-26T12:49:31.938,41.719,948,STOP,0.001483,0.001748,6.6e-05,0.8,0.0,0.0,L,0,0,-0.0,0.0,-0.0,0.0
2026-05-26T12:49:31.965,41.747,949,STOP,0.001948,0.001788,-4e-05,0.8,0.0,0.0,L,0,0,-0.0,0.0,-0.0,0.0
2026-05-26T12:49:31.998,41.779,950,STOP,0.002842,0.001999,-0.000211,0.8,0.0,0.0,L,0,0,-0.0,0.0,-0.0,0.0
2026-05-26T12:49:32.056,41.837,951,STOP,0.023527,0.006305,-0.004306,0.8,0.0,0.0,L,0,0,-0.0,0.0,-0.0,0.0
2026-05-26T12:49:32.092,41.873,952,STOP,0.03605,0.012254,-0.005949,0.8,0.0,0.0,L,0,0,-0.0,0.0,-0.0,0.0
2026-05-26T12:49:32.130,41.911,953,STOP,0.048298,0.019463,-0.007209,0.8,0.0,0.0,L,0,0,-0.0,0.0,-0.0,0.0
2026-05-26T12:49:32.179,41.96,954,STOP,0.057975,0.027165,-0.007702,0.8,0.0,0.0,L,0,0,-0.0,0.0,-0.0,0.0
2026-05-26T12:49:32.203,41.984,955,STOP,0.062883,0.034309,-0.007144,0.8,0.0,0.0,L,0,0,-0.0,0.0,-0.0,0.0
2026-05-26T12:49:32.231,42.012,956,STOP,0.048155,0.037078,-0.002769,0.8,0.0,0.0,L,0,0,-0.0,0.0,-0.0,0.0
2026-05-26T12:49:32.260,42.041,957,STOP,0.027125,0.035087,0.00199,0.8,0.0,0.0,L,0,0,-0.0,0.0,-0.0,0.0
2026-05-26T12:49:32.294,42.075,958,STOP,0.011084,0.030287,0.004801,0.8,0.0,0.0,L,0,0,-0.0,0.0,-0.0,0.0
2026-05-26T12:49:32.334,42.115,959,STOP,0.016259,0.027481,0.002805,0.8,0.0,0.0,L,0,0,-0.0,0.0,-0.0,0.0
2026-05-26T12:49:32.382,42.163,960,STOP,0.021893,0.026364,0.001118,0.8,0.0,0.0,L,0,0,-0.0,0.0,-0.0,0.0
2026-05-26T12:49:32.410,42.191,961,STOP,0.015973,0.024286,0.002078,0.8,0.0,0.0,L,0,0,-0.0,0.0,-0.0,0.0
2026-05-26T12:49:32.447,42.229,962,STOP,0.005875,0.020603,0.003682,0.8,0.0,0.0,L,0,0,-0.0,0.0,-0.0,0.0
2026-05-26T12:49:32.477,42.258,963,STOP,0.013189,0.019121,0.001483,0.8,0.0,0.0,L,0,0,-0.0,0.0,-0.0,0.0
2026-05-26T12:49:32.522,42.303,964,STOP,0.00915,0.017127,0.001994,0.8,0.0,0.0,L,0,0,-0.0,0.0,-0.0,0.0
2026-05-26T12:49:32.551,42.332,965,STOP,0.009697,0.015641,0.001486,0.8,0.0,0.0,L,0,0,-0.0,0.0,-0.0,0.0
2026-05-26T12:49:32.592,42.373,966,STOP,0.0136,0.015233,0.000408,0.8,0.0,0.0,L,0,0,-0.0,0.0,-0.0,0.0
2026-05-26T12:49:32.618,42.399,967,STOP,0.013571,0.0149,0.000332,0.8,0.0,0.0,L,0,0,-0.0,0.0,-0.0,0.0
2026-05-26T12:49:32.662,42.444,968,STOP,0.002257,0.012372,0.002529,0.8,0.0,0.0,L,0,0,-0.0,0.0,-0.0,0.0
2026-05-26T12:49:32.692,42.473,969,STOP,0.012043,0.012306,6.6e-05,0.8,0.0,0.0,L,0,0,-0.0,0.0,-0.0,0.0
2026-05-26T12:49:32.719,42.5,970,STOP,0.010061,0.011857,0.000449,0.8,0.0,0.0,L,0,0,-0.0,0.0,-0.0,0.0
2026-05-26T12:49:32.756,42.537,971,STOP,0.001809,0.009847,0.00201,0.8,0.0,0.0,L,0,0,-0.0,0.0,-0.0,0.0
2026-05-26T12:49:32.824,42.605,972,STOP,0.005336,0.008945,0.000902,0.8,0.0,0.0,L,0,0,-0.0,0.0,-0.0,0.0
2026-05-26T12:49:32.866,42.647,973,STOP,0.00499,0.008154,0.000791,0.8,0.0,0.0,L,0,0,-0.0,0.0,-0.0,0.0
2026-05-26T12:49:32.918,42.699,974,STOP,0.001675,0.006858,0.001296,0.8,0.0,0.0,L,0,0,-0.0,0.0,-0.0,0.0
2026-05-26T12:49:32.965,42.747,975,STOP,0.010022,0.007491,-0.000633,0.8,0.0,0.0,L,0,0,-0.0,0.0,-0.0,0.0
2026-05-26T12:49:33.009,42.79,976,STOP,0.008918,0.007776,-0.000285,0.8,0.0,0.0,L,0,0,-0.0,0.0,-0.0,0.0
2026-05-26T12:49:33.055,42.836,977,STOP,0.010062,0.008233,-0.000457,0.8,0.0,0.0,L,0,0,-0.0,0.0,-0.0,0.0
2026-05-26T12:49:33.092,42.874,978,STOP,0.009029,0.008393,-0.000159,0.8,0.0,0.0,L,0,0,-0.0,0.0,-0.0,0.0
2026-05-26T12:49:33.138,42.919,979,STOP,0.010226,0.008759,-0.000367,0.8,0.0,0.0,L,0,0,-0.0,0.0,-0.0,0.0
2026-05-26T12:49:33.165,42.946,980,STOP,0.003463,0.0077,0.001059,0.8,0.0,0.0,L,0,0,-0.0,0.0,-0.0,0.0
2026-05-26T12:49:33.212,42.993,981,STOP,0.002145,0.006589,0.001111,0.8,0.0,0.0,L,0,0,-0.0,0.0,-0.0,0.0
2026-05-26T12:49:33.266,43.047,982,STOP,0.002757,0.005823,0.000766,0.8,0.0,0.0,L,0,0,-0.0,0.0,-0.0,0.0
2026-05-26T12:49:33.303,43.084,983,STOP,0.003528,0.005364,0.000459,0.8,0.0,0.0,L,0,0,-0.0,0.0,-0.0,0.0
2026-05-26T12:49:33.348,43.129,984,STOP,0.002635,0.004818,0.000546,0.8,0.0,0.0,L,0,0,-0.0,0.0,-0.0,0.0
2026-05-26T12:49:33.390,43.171,985,STOP,0.002305,0.004316,0.000503,0.8,0.0,0.0,L,0,0,-0.0,0.0,-0.0,0.0
2026-05-26T12:49:33.448,43.229,986,STOP,0.002872,0.004027,0.000289,0.8,0.0,0.0,L,0,0,-0.0,0.0,-0.0,0.0
2026-05-26T12:49:33.482,43.263,987,STOP,0.002489,0.003719,0.000308,0.8,0.0,0.0,L,0,0,-0.0,0.0,-0.0,0.0
2026-05-26T12:49:33.538,43.319,988,STOP,0.001939,0.003363,0.000356,0.8,0.0,0.0,L,0,0,-0.0,0.0,-0.0,0.0
2026-05-26T12:49:33.577,43.358,989,STOP,0.001621,0.003015,0.000348,0.8,0.0,0.0,L,0,0,-0.0,0.0,-0.0,0.0
2026-05-26T12:49:33.611,43.393,990,STOP,0.001745,0.002761,0.000254,0.8,0.0,0.0,L,0,0,-0.0,0.0,-0.0,0.0
2026-05-26T12:49:33.661,43.443,991,STOP,0.001588,0.002526,0.000235,0.8,0.0,0.0,L,0,0,-0.0,0.0,-0.0,0.0
2026-05-26T12:49:33.716,43.497,992,STOP,0.002243,0.00247,5.7e-05,0.8,0.0,0.0,L,0,0,-0.0,0.0,-0.0,0.0
2026-05-26T12:49:33.772,43.553,993,STOP,0.008008,0.003577,-0.001108,0.8,0.0,0.0,L,0,0,-0.0,0.0,-0.0,0.0
2026-05-26T12:49:33.814,43.595,994,STOP,0.018689,0.0066,-0.003022,0.8,0.0,0.0,L,0,0,-0.0,0.0,-0.0,0.0
2026-05-26T12:49:33.856,43.637,995,STOP,0.041945,0.013669,-0.007069,0.8,0.0,0.0,L,0,0,-0.0,0.0,-0.0,0.0
2026-05-26T12:49:33.906,43.687,996,STOP,0.049285,0.020792,-0.007123,0.8,0.0,0.0,L,0,0,-0.0,0.0,-0.0,0.0
2026-05-26T12:49:33.950,43.731,997,STOP,0.045287,0.025691,-0.004899,0.8,0.0,0.0,L,0,0,-0.0,0.0,-0.0,0.0
2026-05-26T12:49:33.994,43.775,998,STOP,0.038553,0.028263,-0.002572,0.8,0.0,0.0,L,0,0,-0.0,0.0,-0.0,0.0
2026-05-26T12:49:34.054,43.836,999,STOP,0.027669,0.028145,0.000119,0.8,0.0,0.0,L,0,0,-0.0,0.0,-0.0,0.0
2026-05-26T12:49:34.084,43.865,1000,STOP,0.009069,0.024329,0.003815,0.8,0.0,0.0,L,0,0,-0.0,0.0,-0.0,0.0
2026-05-26T12:49:34.136,43.917,1001,STOP,0.010326,0.021529,0.002801,0.8,0.0,0.0,L,0,0,-0.0,0.0,-0.0,0.0
2026-05-26T12:49:34.172,43.954,1002,STOP,0.002071,0.017637,0.003892,0.8,0.0,0.0,L,0,0,-0.0,0.0,-0.0,0.0
2026-05-26T12:49:34.198,43.979,1003,STOP,0.005976,0.015305,0.002332,0.8,0.0,0.0,L,0,0,-0.0,0.0,-0.0,0.0
2026-05-26T12:49:34.256,44.037,1004,STOP,0.007829,0.01381,0.001495,0.8,0.0,0.0,L,0,0,-0.0,0.0,-0.0,0.0
2026-05-26T12:49:34.309,44.09,1005,STOP,0.003762,0.0118,0.00201,0.8,0.0,0.0,L,0,0,-0.0,0.0,-0.0,0.0
2026-05-26T12:49:34.355,44.136,1006,STOP,0.001583,0.009757,0.002043,0.8,0.0,0.0,L,0,0,-0.0,0.0,-0.0,0.0
2026-05-26T12:49:34.387,44.168,1007,STOP,0.002788,0.008363,0.001394,0.8,0.0,0.0,L,0,0,-0.0,0.0,-0.0,0.0
2026-05-26T12:49:34.427,44.209,1008,STOP,0.003022,0.007295,0.001068,0.8,0.0,0.0,L,0,0,-0.0,0.0,-0.0,0.0
2026-05-26T12:49:34.479,44.261,1009,STOP,0.001838,0.006203,0.001091,0.8,0.0,0.0,L,0,0,-0.0,0.0,-0.0,0.0
2026-05-26T12:49:34.490,44.271,1010,STOP,0.002801,0.005523,0.000681,0.8,0.0,0.0,L,0,0,-0.0,0.0,-0.0,0.0
2026-05-26T12:49:34.552,44.333,1011,STOP,0.008909,0.0062,-0.000677,0.8,0.0,0.0,L,0,0,-0.0,0.0,-0.0,0.0
2026-05-26T12:49:34.587,44.368,1012,STOP,0.00829,0.006618,-0.000418,0.8,0.0,0.0,L,0,0,-0.0,0.0,-0.0,0.0
2026-05-26T12:49:34.613,44.394,1013,STOP,0.002188,0.005732,0.000886,0.8,0.0,0.0,L,0,0,-0.0,0.0,-0.0,0.0
2026-05-26T12:49:34.670,44.451,1014,STOP,0.003848,0.005355,0.000377,0.8,0.0,0.0,L,0,0,-0.0,0.0,-0.0,0.0
2026-05-26T12:49:34.700,44.481,1015,STOP,0.004237,0.005131,0.000224,0.8,0.0,0.0,L,0,0,-0.0,0.0,-0.0,0.0
2026-05-26T12:49:34.746,44.528,1016,STOP,0.002866,0.004678,0.000453,0.8,0.0,0.0,L,0,0,-0.0,0.0,-0.0,0.0
2026-05-26T12:49:34.793,44.575,1017,STOP,0.003558,0.004454,0.000224,0.8,0.0,0.0,L,0,0,-0.0,0.0,-0.0,0.0
2026-05-26T12:49:34.847,44.629,1018,STOP,0.008585,0.00528,-0.000826,0.8,0.0,0.0,L,0,0,-0.0,0.0,-0.0,0.0
2026-05-26T12:49:34.883,44.665,1019,STOP,0.032653,0.010755,-0.005475,0.8,0.0,0.0,L,0,0,-0.0,0.0,-0.0,0.0
2026-05-26T12:49:34.940,44.721,1020,STOP,0.046253,0.017855,-0.0071,0.8,0.0,0.0,L,0,0,-0.0,0.0,-0.0,0.0
2026-05-26T12:49:34.983,44.765,1021,STOP,0.060415,0.026367,-0.008512,0.8,0.0,0.0,L,0,0,-0.0,0.0,-0.0,0.0
2026-05-26T12:49:35.028,44.809,1022,STOP,0.06694,0.034481,-0.008115,0.8,0.0,0.0,L,0,0,-0.0,0.0,-0.0,0.0
2026-05-26T12:49:35.087,44.868,1023,STOP,0.063794,0.040344,-0.005863,0.8,0.0,0.0,L,0,0,-0.0,0.0,-0.0,0.0
2026-05-26T12:49:35.112,44.893,1024,STOP,0.048869,0.042049,-0.001705,0.8,0.0,0.0,L,0,0,-0.0,0.0,-0.0,0.0
2026-05-26T12:49:35.164,44.945,1025,STOP,0.056641,0.044967,-0.002918,0.8,0.0,0.0,L,0,0,-0.0,0.0,-0.0,0.0
2026-05-26T12:49:35.199,44.98,1026,STOP,0.053987,0.046771,-0.001804,0.8,0.0,0.0,L,0,0,-0.0,0.0,-0.0,0.0
2026-05-26T12:49:35.236,45.017,1027,STOP,0.06183,0.049783,-0.003012,0.8,0.0,0.0,L,0,0,-0.0,0.0,-0.0,0.0
2026-05-26T12:49:35.276,45.057,1028,STOP,0.066856,0.053197,-0.003415,0.8,0.0,0.0,M,0,0,-0.0,0.0,-0.0,0.0
2026-05-26T12:49:35.320,45.101,1029,STOP,0.059444,0.054447,-0.001249,0.8,0.0,0.0,M,0,0,-0.0,0.0,-0.0,0.0
2026-05-26T12:49:35.357,45.138,1030,STOP,0.011363,0.04583,0.008617,0.8,0.0,0.0,L,0,0,-0.0,0.0,-0.0,0.0
2026-05-26T12:49:35.407,45.189,1031,STOP,0.010957,0.038855,0.006975,0.8,0.0,0.0,L,0,0,-0.0,0.0,-0.0,0.0
2026-05-26T12:49:35.441,45.222,1032,STOP,0.01075,0.033234,0.005621,0.8,0.0,0.0,L,0,0,-0.0,0.0,-0.0,0.0
2026-05-26T12:49:35.490,45.271,1033,STOP,0.002136,0.027014,0.00622,0.8,0.0,0.0,L,0,0,-0.0,0.0,-0.0,0.0
2026-05-26T12:49:35.544,45.325,1034,STOP,0.013385,0.024289,0.002726,0.8,0.0,0.0,L,0,0,-0.0,0.0,-0.0,0.0
2026-05-26T12:49:35.600,45.381,1035,STOP,0.013309,0.022093,0.002196,0.8,0.0,0.0,L,0,0,-0.0,0.0,-0.0,0.0
2026-05-26T12:49:35.626,45.407,1036,STOP,0.01274,0.020222,0.001871,0.8,0.0,0.0,L,0,0,-0.0,0.0,-0.0,0.0
2026-05-26T12:49:35.659,45.44,1037,STOP,0.011743,0.018526,0.001696,0.8,0.0,0.0,L,0,0,-0.0,0.0,-0.0,0.0
2026-05-26T12:49:35.690,45.471,1038,STOP,0.011877,0.017196,0.00133,0.8,0.0,0.0,L,0,0,-0.0,0.0,-0.0,0.0
2026-05-26T12:49:35.720,45.501,1039,STOP,0.007841,0.015325,0.001871,0.8,0.0,0.0,L,0,0,-0.0,0.0,-0.0,0.0
2026-05-26T12:49:35.773,45.555,1040,STOP,0.005798,0.01342,0.001905,0.8,0.0,0.0,L,0,0,-0.0,0.0,-0.0,0.0
2026-05-26T12:49:35.816,45.597,1041,STOP,0.004107,0.011557,0.001863,0.8,0.0,0.0,L,0,0,-0.0,0.0,-0.0,0.0
2026-05-26T12:49:35.865,45.647,1042,STOP,0.028447,0.014935,-0.003378,0.8,0.0,0.0,L,0,0,-0.0,0.0,-0.0,0.0
2026-05-26T12:49:35.918,45.699,1043,STOP,0.056416,0.023231,-0.008296,0.8,0.0,0.0,L,0,0,-0.0,0.0,-0.0,0.0
2026-05-26T12:49:35.969,45.75,1044,STOP,0.06009,0.030603,-0.007372,0.8,0.0,0.0,L,0,0,-0.0,0.0,-0.0,0.0
2026-05-26T12:49:36.019,45.8,1045,STOP,0.065674,0.037617,-0.007014,0.8,0.0,0.0,L,0,0,-0.0,0.0,-0.0,0.0
2026-05-26T12:49:36.057,45.839,1046,STOP,0.063367,0.042767,-0.00515,0.8,0.0,0.0,L,0,0,-0.0,0.0,-0.0,0.0
2026-05-26T12:49:36.098,45.879,1047,STOP,0.05503,0.04522,-0.002453,0.8,0.0,0.0,L,0,0,-0.0,0.0,-0.0,0.0
2026-05-26T12:49:36.139,45.92,1048,STOP,0.058855,0.047947,-0.002727,0.8,0.0,0.0,L,0,0,-0.0,0.0,-0.0,0.0
2026-05-26T12:49:36.179,45.96,1049,STOP,0.076229,0.053603,-0.005657,0.8,0.0,0.0,M,0,0,-0.0,0.0,-0.0,0.0
2026-05-26T12:49:36.233,46.014,1050,STOP,0.073812,0.057645,-0.004042,0.8,0.0,0.0,M,0,0,-0.0,0.0,-0.0,0.0
2026-05-26T12:49:36.275,46.057,1051,STOP,0.030198,0.052156,0.005489,0.8,0.0,0.0,M,0,0,-0.0,0.0,-0.0,0.0
2026-05-26T12:49:36.306,46.087,1052,STOP,0.0307,0.047864,0.004291,0.8,0.0,0.0,L,0,0,-0.0,0.0,-0.0,0.0
2026-05-26T12:49:36.346,46.127,1053,STOP,0.03728,0.045748,0.002117,0.8,0.0,0.0,L,0,0,-0.0,0.0,-0.0,0.0
2026-05-26T12:49:36.387,46.169,1054,STOP,0.015652,0.039728,0.006019,0.8,0.0,0.0,L,0,0,-0.0,0.0,-0.0,0.0
2026-05-26T12:49:36.461,46.242,1055,STOP,0.023952,0.036573,0.003155,0.8,0.0,0.0,L,0,0,-0.0,0.0,-0.0,0.0
2026-05-26T12:49:36.504,46.285,1056,STOP,0.010293,0.031317,0.005256,0.8,0.0,0.0,L,0,0,-0.0,0.0,-0.0,0.0
2026-05-26T12:49:36.543,46.324,1057,STOP,0.007518,0.026557,0.00476,0.8,0.0,0.0,L,0,0,-0.0,0.0,-0.0,0.0
2026-05-26T12:49:36.592,46.373,1058,STOP,0.003994,0.022045,0.004513,0.8,0.0,0.0,L,0,0,-0.0,0.0,-0.0,0.0
2026-05-26T12:49:36.665,46.446,1059,STOP,0.006602,0.018956,0.003088,0.8,0.0,0.0,L,0,0,-0.0,0.0,-0.0,0.0
2026-05-26T12:49:36.695,46.476,1060,STOP,0.006597,0.016484,0.002472,0.8,0.0,0.0,L,0,0,-0.0,0.0,-0.0,0.0
2026-05-26T12:49:36.731,46.512,1061,STOP,0.003036,0.013795,0.00269,0.8,0.0,0.0,L,0,0,-0.0,0.0,-0.0,0.0
2026-05-26T12:49:36.757,46.538,1062,STOP,0.002291,0.011494,0.002301,0.8,0.0,0.0,L,0,0,-0.0,0.0,-0.0,0.0
2026-05-26T12:49:36.798,46.579,1063,STOP,0.007578,0.010711,0.000783,0.8,0.0,0.0,L,0,0,-0.0,0.0,-0.0,0.0
2026-05-26T12:49:36.864,46.645,1064,STOP,0.012395,0.011048,-0.000337,0.8,0.0,0.0,L,0,0,-0.0,0.0,-0.0,0.0
2026-05-26T12:49:36.915,46.696,1065,STOP,0.022373,0.013313,-0.002265,0.8,0.0,0.0,L,0,0,-0.0,0.0,-0.0,0.0
2026-05-26T12:49:36.969,46.75,1066,STOP,0.059205,0.022491,-0.009179,0.8,0.0,0.0,L,0,0,-0.0,0.0,-0.0,0.0
2026-05-26T12:49:37.033,46.815,1067,STOP,0.096114,0.037216,-0.014725,0.8,0.0,0.0,L,0,0,-0.0,0.0,-0.0,0.0
2026-05-26T12:49:37.093,46.874,1068,STOP,0.095578,0.048888,-0.011672,0.8,0.0,0.0,L,0,0,-0.0,0.0,-0.0,0.0
2026-05-26T12:49:37.132,46.913,1069,STOP,0.084878,0.056086,-0.007198,0.8,0.0,0.0,M,0,0,-0.0,0.0,-0.0,0.0
2026-05-26T12:49:37.182,46.963,1070,STOP,0.085593,0.061988,-0.005901,0.8,0.0,0.0,M,0,0,-0.0,0.0,-0.0,0.0
2026-05-26T12:49:37.217,46.999,1071,STOP,0.072209,0.064032,-0.002044,0.8,0.0,0.0,M,0,0,-0.0,0.0,-0.0,0.0
2026-05-26T12:49:37.249,47.03,1072,STOP,0.085588,0.068343,-0.004311,0.8,0.0,0.0,M,0,0,-0.0,0.0,-0.0,0.0
2026-05-26T12:49:37.293,47.075,1073,STOP,0.046284,0.063931,0.004412,0.8,0.0,0.0,M,0,0,-0.0,0.0,-0.0,0.0
2026-05-26T12:49:37.323,47.104,1074,STOP,0.046038,0.060353,0.003579,0.8,0.0,0.0,M,0,0,-0.0,0.0,-0.0,0.0
2026-05-26T12:49:37.383,47.164,1075,STOP,0.035267,0.055335,0.005017,0.8,0.0,0.0,M,0,0,-0.0,0.1143,-0.0,0.0
2026-05-26T12:49:37.442,47.223,1076,FORWARD,0.023703,0.049009,0.006326,0.8,0.0,0.0,L,0,0,-0.0,0.6119,-0.0,0.6119
2026-05-26T12:49:37.491,47.273,1077,FORWARD,0.013512,0.04191,0.007099,0.8,0.0,0.0,L,0,0,-0.0,0.9413,-0.0,0.9413
2026-05-26T12:49:37.526,47.307,1078,FORWARD,0.01281,0.03609,0.00582,0.8,0.0,0.0,L,0,0,-0.0,0.9413,-0.0,0.9413
2026-05-26T12:49:37.561,47.343,1079,FORWARD,0.015834,0.032039,0.004051,0.8,0.0,0.0,L,0,0,-0.0,0.9419,-0.0,0.9419
2026-05-26T12:49:37.596,47.378,1080,FORWARD,0.02929,0.031489,0.00055,0.8,0.0,0.0,L,0,0,-0.0,0.9425,-0.0,0.9425
2026-05-26T12:49:37.635,47.416,1081,FORWARD,0.05204,0.035599,-0.00411,0.8,0.0,0.0,L,0,0,-0.0,0.9413,-0.0,0.9413
2026-05-26T12:49:37.661,47.442,1082,FORWARD,0.051444,0.038768,-0.003169,0.8,0.0,0.0,L,0,0,-0.0,0.9419,-0.0,0.9419
2026-05-26T12:49:37.715,47.496,1083,FORWARD,0.038483,0.038711,5.7e-05,0.8,0.0,0.0,L,0,0,-0.0,0.9419,-0.0,0.9419
2026-05-26T12:49:37.761,47.543,1084,FORWARD,0.01797,0.034563,0.004148,0.8,0.0,0.0,L,0,0,-0.0,0.9419,-0.0,0.9419
2026-05-26T12:49:37.811,47.592,1085,FORWARD,0.035925,0.034835,-0.000272,0.8,0.0,0.0,L,0,0,-0.0,0.9425,-0.0,0.9425
2026-05-26T12:49:37.851,47.632,1086,FORWARD,0.063584,0.040585,-0.00575,0.8,0.0,0.0,L,0,0,-0.0,0.9574,-0.0,0.9574
2026-05-26T12:49:37.885,47.667,1087,FORWARD,0.064823,0.045433,-0.004848,0.8,0.0,0.0,L,0,0,-0.0,0.9685,-0.0,0.9685
2026-05-26T12:49:37.927,47.708,1088,FORWARD,0.059501,0.048246,-0.002814,0.8,0.0,0.0,L,0,0,-0.0,0.9771,-0.0,0.9771
2026-05-26T12:49:37.980,47.761,1089,FORWARD,0.048195,0.048236,1e-05,0.8,0.0,0.0,L,0,0,-0.0,0.9876,-0.0,0.9876
2026-05-26T12:49:38.037,47.818,1090,FORWARD,0.035169,0.045623,0.002613,0.8,0.0,0.0,L,0,0,-0.0,0.9975,-0.0,0.9975
2026-05-26T12:49:38.101,47.882,1091,FORWARD,0.015531,0.039604,0.006018,0.8,0.0,0.0,L,0,0,-0.0,0.9975,-0.0,0.9975
2026-05-26T12:49:38.155,47.936,1092,FORWARD,0.014486,0.034581,0.005024,0.8,0.0,0.0,L,0,0,-0.0,1.0,-0.0,1.0
2026-05-26T12:49:38.183,47.964,1093,FORWARD,0.015847,0.030834,0.003747,0.8,0.0,0.0,L,0,0,-0.0,1.0,-0.0,1.0
2026-05-26T12:49:38.209,47.991,1094,FORWARD,0.016086,0.027884,0.00295,0.8,0.0,0.0,L,0,0,-0.0,1.0,-0.0,1.0
2026-05-26T12:49:38.239,48.021,1095,FORWARD,0.018916,0.026091,0.001794,0.8,0.0,0.0,L,0,0,-0.0,1.0,-0.0,1.0
2026-05-26T12:49:38.309,48.091,1096,FORWARD,0.013343,0.023541,0.00255,0.8,0.0,0.0,L,0,0,-0.0,1.0,-0.0,1.0
2026-05-26T12:49:38.373,48.155,1097,FORWARD,0.014751,0.021783,0.001758,0.8,0.0,0.0,L,0,0,-0.0,1.0,-0.0,1.0
2026-05-26T12:49:38.468,48.249,1098,FORWARD,0.017876,0.021001,0.000781,0.8,0.0,0.0,L,0,0,-0.0,1.0,-0.0,1.0
2026-05-26T12:49:38.511,48.292,1099,FORWARD,0.023254,0.021452,-0.00045,0.8,0.0,0.0,L,0,0,-0.0,1.0,-0.0,1.0
2026-05-26T12:49:38.555,48.337,1100,FORWARD,0.02433,0.022027,-0.000576,0.8,0.0,0.0,L,0,0,-0.0,1.0,-0.0,1.0
2026-05-26T12:49:38.597,48.378,1101,FORWARD,0.026862,0.022994,-0.000967,0.8,0.0,0.0,L,0,0,-0.0,1.0,-0.0,1.0
2026-05-26T12:49:38.633,48.414,1102,FORWARD,0.02477,0.02335,-0.000355,0.8,0.0,0.0,L,0,0,-0.0,1.0,-0.0,1.0
2026-05-26T12:49:38.663,48.445,1103,FORWARD,0.017173,0.022114,0.001235,0.8,0.0,0.0,L,0,0,-0.0,1.0,-0.0,1.0
2026-05-26T12:49:38.709,48.49,1104,FORWARD,0.016342,0.02096,0.001154,0.8,0.0,0.0,L,0,0,-0.0,1.0,-0.0,1.0
2026-05-26T12:49:38.748,48.529,1105,FORWARD,0.015359,0.01984,0.00112,0.8,0.0,0.0,L,0,0,-0.0,1.0,-0.0,1.0
2026-05-26T12:49:38.797,48.578,1106,FORWARD,0.012617,0.018395,0.001444,0.8,0.0,0.0,L,0,0,-0.0,1.0,-0.0,1.0
2026-05-26T12:49:38.844,48.625,1107,FORWARD,0.014862,0.017689,0.000707,0.8,0.0,0.0,L,0,0,-0.0,1.0,-0.0,1.0
2026-05-26T12:49:38.875,48.656,1108,FORWARD,0.014939,0.017139,0.00055,0.8,0.0,0.0,L,0,0,-0.0,1.0,-0.0,1.0
2026-05-26T12:49:38.902,48.683,1109,FORWARD,0.014992,0.016709,0.000429,0.8,0.0,0.0,L,0,0,-0.0,1.0,-0.0,1.0
2026-05-26T12:49:38.959,48.74,1110,FORWARD,0.021237,0.017615,-0.000905,0.8,0.0,0.0,L,0,0,-0.0,1.0,-0.0,1.0
2026-05-26T12:49:38.998,48.779,1111,FORWARD,0.021938,0.018479,-0.000865,0.8,0.0,0.0,L,0,0,-0.0,1.0,-0.0,1.0
2026-05-26T12:49:39.036,48.818,1112,FORWARD,0.023367,0.019457,-0.000978,0.8,0.0,0.0,L,0,0,-0.0,1.0,-0.0,1.0
2026-05-26T12:49:39.101,48.882,1113,FORWARD,0.023168,0.020199,-0.000742,0.8,0.0,0.0,L,0,0,-0.0,1.0,-0.0,1.0
2026-05-26T12:49:39.159,48.94,1114,FORWARD,0.026819,0.021523,-0.001324,0.8,0.0,0.0,L,0,0,-0.0,1.0,-0.0,1.0
2026-05-26T12:49:39.215,48.996,1115,FORWARD,0.030261,0.023271,-0.001747,0.8,0.0,0.0,L,0,0,-0.0,1.0,-0.0,1.0
2026-05-26T12:49:39.261,49.042,1116,FORWARD,0.024908,0.023598,-0.000327,0.8,0.0,0.0,L,0,0,-0.0,1.0,-0.0,1.0
2026-05-26T12:49:39.311,49.092,1117,FORWARD,0.020809,0.02304,0.000558,0.8,0.0,0.0,L,0,0,-0.0,1.0,-0.0,1.0
2026-05-26T12:49:39.342,49.123,1118,FORWARD,0.0178,0.021992,0.001048,0.8,0.0,0.0,L,0,0,-0.0,1.0,-0.0,1.0
2026-05-26T12:49:39.403,49.184,1119,FORWARD,0.037224,0.025039,-0.003046,0.8,0.0,0.0,L,0,0,-0.0,1.0,-0.0,1.0
2026-05-26T12:49:39.465,49.246,1120,FORWARD,0.022391,0.024509,0.00053,0.8,0.0,0.0,L,0,0,-0.0,1.0,-0.0,1.0
2026-05-26T12:49:39.484,49.266,1121,FORWARD,0.04279,0.028165,-0.003656,0.8,0.0,0.0,L,0,0,-0.0,1.0,-0.0,1.0
2026-05-26T12:49:39.544,49.326,1122,FORWARD,0.06471,0.035474,-0.007309,0.8,0.0,0.0,L,0,0,-0.0,1.0,-0.0,1.0
2026-05-26T12:49:39.564,49.345,1123,FORWARD,0.068395,0.042058,-0.006584,0.8,0.0,0.0,L,0,0,-0.0,1.0,-0.0,1.0
2026-05-26T12:49:39.623,49.404,1124,FORWARD,0.044549,0.042557,-0.000498,0.8,0.0,0.0,L,0,0,-0.0,1.0,-0.0,1.0
2026-05-26T12:49:39.671,49.452,1125,FORWARD,0.022046,0.038454,0.004102,0.8,0.0,0.0,L,0,0,-0.0,1.0,-0.0,1.0
2026-05-26T12:49:39.717,49.499,1126,FORWARD,0.029703,0.036704,0.00175,0.8,0.0,0.0,L,0,0,-0.0,1.0,0.8468,1.0
2026-05-26T12:49:39.753,49.534,1127,FORWARD,0.049724,0.039308,-0.002604,0.8,0.0,0.0,L,0,0,-0.0,1.0,0.9287,1.0
2026-05-26T12:49:39.784,49.565,1128,FORWARD,0.053795,0.042206,-0.002897,0.8,0.0,0.0,L,0,0,-0.0,1.0,0.9287,1.0
2026-05-26T12:49:39.823,49.604,1129,FORWARD,0.023055,0.038375,0.00383,0.8,0.0,0.0,L,0,0,-0.0,1.0,0.9269,1.0
2026-05-26T12:49:39.845,49.627,1130,FORWARD,0.019983,0.034697,0.003678,0.8,0.0,0.0,L,0,0,-0.0,1.0,0.2351,1.0
2026-05-26T12:49:39.889,49.67,1131,FORWARD,0.017319,0.031221,0.003476,0.8,0.0,0.0,L,0,0,-0.0,1.0,-0.0,1.0
2026-05-26T12:49:39.914,49.695,1132,FORWARD,0.021385,0.029254,0.001967,0.8,0.0,0.0,L,0,0,-0.0,1.0,-0.0,1.0
2026-05-26T12:49:39.947,49.729,1133,FORWARD,0.03042,0.029487,-0.000233,0.8,0.0,0.0,L,0,0,-0.0,1.0,-0.0,1.0
2026-05-26T12:49:39.991,49.772,1134,FORWARD,0.04403,0.032396,-0.002908,0.8,0.0,0.0,L,0,0,-0.0,1.0,-0.0,1.0
2026-05-26T12:49:40.037,49.819,1135,FORWARD,0.058794,0.037675,-0.00528,0.8,0.0,0.0,L,0,0,-0.0,1.0,-0.0,1.0
2026-05-26T12:49:40.067,49.848,1136,FORWARD,0.06919,0.043978,-0.006303,0.8,0.0,0.0,L,0,0,-0.0,1.0,-0.0,1.0
2026-05-26T12:49:40.088,49.869,1137,FORWARD,0.059823,0.047147,-0.003169,0.8,0.0,0.0,L,0,0,-0.0,1.0,-0.0,1.0
2026-05-26T12:49:40.135,49.916,1138,FORWARD,0.050345,0.047787,-0.000639,0.8,0.0,0.0,L,0,0,-0.0,1.0,-0.0,1.0
2026-05-26T12:49:40.172,49.954,1139,FORWARD,0.044497,0.047129,0.000658,0.8,0.0,0.0,L,0,0,-0.0,1.0,-0.0,1.0
2026-05-26T12:49:40.205,49.986,1140,FORWARD,0.045794,0.046862,0.000267,0.8,0.0,0.0,L,0,0,-0.0,1.0,-0.0,1.0
2026-05-26T12:49:40.255,50.036,1141,FORWARD,0.055332,0.048556,-0.001694,0.8,0.0,0.0,L,0,0,-0.0,1.0,-0.0,1.0
2026-05-26T12:49:40.289,50.07,1142,FORWARD,0.049007,0.048646,-9e-05,0.8,0.0,0.0,L,0,0,-0.0,1.0,-0.0,1.0
2026-05-26T12:49:40.331,50.112,1143,FORWARD,0.048485,0.048614,3.2e-05,0.8,0.0,0.0,L,0,0,-0.0,1.0,-0.0,1.0
2026-05-26T12:49:40.388,50.169,1144,FORWARD,0.025068,0.043905,0.004709,0.8,0.0,0.0,L,0,0,-0.0,1.0,-0.0,1.0
2026-05-26T12:49:40.439,50.22,1145,FORWARD,0.033835,0.041891,0.002014,0.8,0.0,0.0,L,0,0,-0.0,1.0,-0.0,1.0
2026-05-26T12:49:40.496,50.277,1146,FORWARD,0.030863,0.039685,0.002205,0.8,0.0,0.0,L,0,0,-0.0,1.0,-0.0,1.0
2026-05-26T12:49:40.527,50.308,1147,FORWARD,0.026247,0.036998,0.002688,0.8,0.0,0.0,L,0,0,-0.0,1.0,-0.0,1.0
2026-05-26T12:49:40.573,50.354,1148,FORWARD,0.018145,0.033227,0.003771,0.8,0.0,0.0,L,0,0,-0.0,1.0,-0.0,1.0
2026-05-26T12:49:40.614,50.395,1149,FORWARD,0.030032,0.032588,0.000639,0.8,0.0,0.0,L,0,0,-0.0,1.0,-0.0,1.0
2026-05-26T12:49:40.640,50.422,1150,FORWARD,0.023214,0.030713,0.001875,0.8,0.0,0.0,L,0,0,-0.0,1.0,-0.0,1.0
2026-05-26T12:49:40.685,50.466,1151,FORWARD,0.02947,0.030465,0.000249,0.8,0.0,0.0,L,0,0,-0.0,1.0,-0.0,1.0
2026-05-26T12:49:40.710,50.492,1152,FORWARD,0.031985,0.030769,-0.000304,0.8,0.0,0.0,L,0,0,-0.0,1.0,-0.0,1.0
2026-05-26T12:49:40.773,50.554,1153,FORWARD,0.025444,0.029704,0.001065,0.8,0.0,0.0,L,0,0,-0.0,1.0,-0.0,1.0
2026-05-26T12:49:40.803,50.584,1154,FORWARD,0.015594,0.026882,0.002822,0.8,0.0,0.0,L,0,0,-0.0,1.0,-0.0,1.0
2026-05-26T12:49:40.857,50.638,1155,FORWARD,0.025248,0.026555,0.000327,0.8,0.0,0.0,L,0,0,-0.0,1.0,-0.0,1.0
2026-05-26T12:49:40.893,50.675,1156,FORWARD,0.025974,0.026439,0.000116,0.8,0.0,0.0,L,0,0,-0.0,1.0,-0.0,1.0
2026-05-26T12:49:40.938,50.72,1157,FORWARD,0.021552,0.025462,0.000977,0.8,0.0,0.0,L,0,0,-0.0,1.0,-0.0,1.0
2026-05-26T12:49:40.985,50.766,1158,FORWARD,0.018236,0.024016,0.001445,0.8,0.0,0.0,L,0,0,-0.0,1.0,-0.0,1.0
2026-05-26T12:49:41.019,50.8,1159,FORWARD,0.015732,0.02236,0.001657,0.8,0.0,0.0,L,0,0,-0.0,1.0,-0.0,1.0
2026-05-26T12:49:41.049,50.83,1160,FORWARD,0.013325,0.020553,0.001807,0.8,0.0,0.0,L,0,0,-0.0,1.0,-0.0,1.0
2026-05-26T12:49:41.087,50.868,1161,FORWARD,0.015405,0.019523,0.001029,0.8,0.0,0.0,L,0,0,-0.0,1.0,-0.0,1.0
2026-05-26T12:49:41.121,50.902,1162,FORWARD,0.015449,0.018708,0.000815,0.8,0.0,0.0,L,0,0,-0.0,1.0,-0.0,1.0
2026-05-26T12:49:41.159,50.941,1163,FORWARD,0.015515,0.01807,0.000639,0.8,0.0,0.0,L,0,0,-0.0,1.0,-0.0,1.0
2026-05-26T12:49:41.185,50.966,1164,FORWARD,0.020256,0.018507,-0.000437,0.8,0.0,0.0,L,0,0,-0.0,1.0,-0.0,1.0
2026-05-26T12:49:41.229,51.01,1165,FORWARD,0.023011,0.019408,-0.000901,0.8,0.0,0.0,L,0,0,-0.0,1.0,-0.0,1.0
2026-05-26T12:49:41.248,51.03,1166,FORWARD,0.025407,0.020608,-0.0012,0.8,0.0,0.0,L,0,0,-0.0,1.0,-0.0,1.0
2026-05-26T12:49:41.281,51.062,1167,FORWARD,0.020015,0.020489,0.000119,0.8,0.0,0.0,L,0,0,-0.0,1.0,-0.0,1.0
2026-05-26T12:49:41.337,51.118,1168,FORWARD,0.014938,0.019379,0.00111,0.8,0.0,0.0,L,0,0,-0.0,1.0,-0.0,1.0
2026-05-26T12:49:41.380,51.161,1169,FORWARD,0.01804,0.019111,0.000268,0.8,0.0,0.0,L,0,0,-0.0,1.0,-0.0,1.0
2026-05-26T12:49:41.417,51.198,1170,FORWARD,0.0197,0.019229,-0.000118,0.8,0.0,0.0,L,0,0,-0.0,1.0,-0.0,1.0
2026-05-26T12:49:41.460,51.242,1171,FORWARD,0.01713,0.018809,0.00042,0.8,0.0,0.0,L,0,0,-0.0,1.0,-0.0,1.0
2026-05-26T12:49:41.492,51.273,1172,FORWARD,0.016009,0.018249,0.00056,0.8,0.0,0.0,L,0,0,-0.0,1.0,-0.0,1.0
2026-05-26T12:49:41.540,51.322,1173,FORWARD,0.015979,0.017795,0.000454,0.8,0.0,0.0,L,0,0,-0.0,1.0,-0.0,1.0
2026-05-26T12:49:41.572,51.353,1174,FORWARD,0.017558,0.017748,4.7e-05,0.8,0.0,0.0,L,0,0,-0.0,1.0,-0.0,1.0
2026-05-26T12:49:41.648,51.43,1175,FORWARD,0.016309,0.01746,0.000288,0.8,0.0,0.0,L,0,0,-0.0,1.0,-0.0,1.0
2026-05-26T12:49:41.672,51.454,1176,FORWARD,0.016087,0.017185,0.000275,0.8,0.0,0.0,L,0,0,-0.0,1.0,-0.0,1.0
2026-05-26T12:49:41.725,51.506,1177,FORWARD,0.017419,0.017232,-4.7e-05,0.8,0.0,0.0,L,0,0,-0.0,1.0,-0.0,1.0
2026-05-26T12:49:41.756,51.538,1178,FORWARD,0.013928,0.016571,0.000661,0.8,0.0,0.0,L,0,0,-0.0,1.0,-0.0,1.0
2026-05-26T12:49:41.798,51.58,1179,FORWARD,0.014092,0.016075,0.000496,0.8,0.0,0.0,L,0,0,-0.0,1.0,-0.0,1.0
2026-05-26T12:49:41.838,51.62,1180,FORWARD,0.015541,0.015968,0.000107,0.8,0.0,0.0,L,0,0,-0.0,1.0,-0.0,1.0
2026-05-26T12:49:41.884,51.665,1181,FORWARD,0.015474,0.01587,9.9e-05,0.8,0.0,0.0,L,0,0,-0.0,1.0,-0.0,1.0
2026-05-26T12:49:41.920,51.701,1182,FORWARD,0.015555,0.015807,6.3e-05,0.8,0.0,0.0,L,0,0,-0.0,1.0,-0.0,1.0
2026-05-26T12:49:41.957,51.738,1183,FORWARD,0.015647,0.015775,3.2e-05,0.8,0.0,0.0,L,0,0,-0.0,1.0,-0.0,1.0
2026-05-26T12:49:42.008,51.789,1184,FORWARD,0.019402,0.0165,-0.000726,0.8,0.0,0.0,L,0,0,-0.0,1.0,-0.0,1.0
2026-05-26T12:49:42.055,51.837,1185,FORWARD,0.019914,0.017183,-0.000683,0.8,0.0,0.0,L,0,0,-0.0,1.0,-0.0,1.0
2026-05-26T12:49:42.103,51.884,1186,FORWARD,0.018996,0.017546,-0.000363,0.8,0.0,0.0,L,0,0,-0.0,1.0,-0.0,1.0
2026-05-26T12:49:42.171,51.952,1187,FORWARD,0.017096,0.017456,9e-05,0.8,0.0,0.0,L,0,0,-0.0,1.0,-0.0,1.0
2026-05-26T12:49:42.220,52.002,1188,FORWARD,0.016981,0.017361,9.5e-05,0.8,0.0,0.0,L,0,0,-0.0,1.0,-0.0,1.0
2026-05-26T12:49:42.258,52.04,1189,FORWARD,0.017097,0.017308,5.3e-05,0.8,0.0,0.0,L,0,0,-0.0,1.0,-0.0,1.0
2026-05-26T12:49:42.285,52.066,1190,FORWARD,0.017868,0.01742,-0.000112,0.8,0.0,0.0,L,0,0,-0.0,1.0,-0.0,1.0
2026-05-26T12:49:42.332,52.114,1191,FORWARD,0.018663,0.017669,-0.000249,0.8,0.0,0.0,L,0,0,-0.0,1.0,-0.0,1.0
2026-05-26T12:49:42.389,52.17,1192,FORWARD,0.016663,0.017467,0.000201,0.8,0.0,0.0,L,0,0,-0.0,1.0,-0.0,1.0
2026-05-26T12:49:42.443,52.224,1193,FORWARD,0.021588,0.018291,-0.000824,0.8,0.0,0.0,L,0,0,-0.0,1.0,-0.0,1.0
2026-05-26T12:49:42.497,52.278,1194,FORWARD,0.021653,0.018964,-0.000672,0.8,0.0,0.0,L,0,0,-0.0,1.0,-0.0,1.0
2026-05-26T12:49:42.546,52.327,1195,FORWARD,0.043223,0.023816,-0.004852,0.8,0.0,0.0,L,0,0,-0.0,1.0,-0.0,1.0
2026-05-26T12:49:42.592,52.374,1196,FORWARD,0.053453,0.029743,-0.005928,0.8,0.0,0.0,L,0,0,-0.0,1.0,-0.0,1.0
2026-05-26T12:49:42.615,52.396,1197,FORWARD,0.053052,0.034405,-0.004662,0.8,0.0,0.0,L,0,0,-0.0,1.0,-0.0,1.0
2026-05-26T12:49:42.658,52.439,1198,FORWARD,0.048674,0.037259,-0.002854,0.8,0.0,0.0,L,0,0,-0.0,1.0,-0.0,1.0
2026-05-26T12:49:42.692,52.473,1199,FORWARD,0.032477,0.036302,0.000956,0.8,0.0,0.0,L,0,0,-0.0,1.0,-0.0,1.0
2026-05-26T12:49:42.737,52.518,1200,FORWARD,0.035673,0.036176,0.000126,0.8,0.0,0.0,L,0,0,-0.0,1.0,-0.0,1.0
2026-05-26T12:49:42.789,52.57,1201,FORWARD,0.051238,0.039189,-0.003012,0.8,0.0,0.0,L,0,0,-0.0,1.0,-0.0,1.0
2026-05-26T12:49:42.818,52.6,1202,FORWARD,0.055522,0.042456,-0.003267,0.8,0.0,0.0,L,0,0,-0.0,1.0,-0.0,1.0
2026-05-26T12:49:42.863,52.644,1203,FORWARD,0.046931,0.043351,-0.000895,0.8,0.0,0.0,L,0,0,-0.0,1.0,-0.0,1.0
2026-05-26T12:49:42.907,52.688,1204,FORWARD,0.032247,0.04113,0.002221,0.8,0.0,0.0,L,0,0,-0.0,1.0,-0.0,1.0
2026-05-26T12:49:42.942,52.723,1205,FORWARD,0.020642,0.037032,0.004098,0.8,0.0,0.0,L,0,0,-0.0,1.0,-0.0,1.0
2026-05-26T12:49:42.993,52.774,1206,FORWARD,0.015956,0.032817,0.004215,0.8,0.0,0.0,L,0,0,-0.0,1.0,-0.0,1.0
2026-05-26T12:49:43.021,52.802,1207,FORWARD,0.014888,0.029231,0.003586,0.8,0.0,0.0,L,0,0,-0.0,1.0,-0.0,1.0
2026-05-26T12:49:43.077,52.858,1208,FORWARD,0.020494,0.027484,0.001747,0.8,0.0,0.0,L,0,0,-0.0,1.0,-0.0,1.0
2026-05-26T12:49:43.134,52.915,1209,FORWARD,0.025193,0.027026,0.000458,0.8,0.0,0.0,L,0,0,-0.0,1.0,-0.0,1.0
2026-05-26T12:49:43.159,52.94,1210,FORWARD,0.029745,0.027569,-0.000544,0.8,0.0,0.0,L,0,0,0.0961,1.0,-0.0,1.0
2026-05-26T12:49:43.197,52.978,1211,FORWARD,0.026049,0.027265,0.000304,0.8,0.0,0.0,L,0,0,0.0961,1.0,-0.0,1.0
2026-05-26T12:49:43.239,53.02,1212,FORWARD,0.024824,0.026777,0.000488,0.8,0.0,0.0,L,0,0,0.1868,1.0,-0.0,1.0
2026-05-26T12:49:43.293,53.074,1213,FORWARD,0.026628,0.026747,3e-05,0.8,0.0,0.0,L,0,0,-0.0,1.0,-0.0,1.0
2026-05-26T12:49:43.345,53.126,1214,FORWARD,0.034526,0.028303,-0.001556,0.8,0.0,0.0,L,0,0,-0.0,1.0,-0.0,1.0
2026-05-26T12:49:43.376,53.158,1215,FORWARD,0.04722,0.032086,-0.003783,0.8,0.0,0.0,L,0,0,-0.0,1.0,-0.0,1.0
2026-05-26T12:49:43.422,53.204,1216,FORWARD,0.052148,0.036099,-0.004012,0.8,0.0,0.0,L,0,0,-0.0,1.0,-0.0,1.0
2026-05-26T12:49:43.463,53.244,1217,FORWARD,0.045489,0.037977,-0.001878,0.8,0.0,0.0,L,0,0,-0.0,1.0,-0.0,1.0
2026-05-26T12:49:43.494,53.275,1218,FORWARD,0.043585,0.039098,-0.001122,0.8,0.0,0.0,L,0,0,-0.0,1.0,-0.0,1.0
2026-05-26T12:49:43.523,53.304,1219,FORWARD,0.022961,0.035871,0.003227,0.8,0.0,0.0,L,0,0,-0.0,1.0,-0.0,1.0
2026-05-26T12:49:43.574,53.356,1220,FORWARD,0.025881,0.033873,0.001998,0.8,0.0,0.0,L,0,0,-0.0,1.0,-0.0,1.0
2026-05-26T12:49:43.620,53.401,1221,FORWARD,0.041436,0.035385,-0.001513,0.8,0.0,0.0,L,0,0,-0.0,1.0,-0.0,1.0
2026-05-26T12:49:43.666,53.447,1222,FORWARD,0.048269,0.037962,-0.002577,0.8,0.0,0.0,L,0,0,-0.0,1.0,-0.0,1.0
2026-05-26T12:49:43.704,53.485,1223,FORWARD,0.049791,0.040328,-0.002366,0.8,0.0,0.0,L,0,0,-0.0,1.0,-0.0,1.0
2026-05-26T12:49:43.736,53.518,1224,FORWARD,0.032487,0.03876,0.001568,0.8,0.0,0.0,L,0,0,-0.0,1.0,-0.0,1.0
2026-05-26T12:49:43.777,53.559,1225,FORWARD,0.033973,0.037802,0.000957,0.8,0.0,0.0,L,0,0,-0.0,1.0,-0.0,1.0
2026-05-26T12:49:43.832,53.614,1226,FORWARD,0.051557,0.040553,-0.002751,0.8,0.0,0.0,L,0,0,-0.0,1.0,-0.0,1.0
2026-05-26T12:49:43.885,53.666,1227,FORWARD,0.052184,0.04288,-0.002326,0.8,0.0,0.0,L,0,0,-0.0,1.0,-0.0,1.0
2026-05-26T12:49:43.929,53.71,1228,FORWARD,0.045872,0.043478,-0.000598,0.8,0.0,0.0,L,0,0,-0.0,1.0,-0.0,1.0
2026-05-26T12:49:43.971,53.752,1229,FORWARD,0.030822,0.040947,0.002531,0.8,0.0,0.0,L,0,0,-0.0,1.0,-0.0,1.0
2026-05-26T12:49:44.015,53.796,1230,FORWARD,0.030872,0.038932,0.002015,0.8,0.0,0.0,L,0,0,-0.0,1.0,-0.0,1.0
2026-05-26T12:49:44.038,53.819,1231,FORWARD,0.045947,0.040335,-0.001403,0.8,0.0,0.0,L,0,0,-0.0,1.0,-0.0,1.0
2026-05-26T12:49:44.075,53.857,1232,FORWARD,0.048342,0.041936,-0.001601,0.8,0.0,0.0,L,0,0,-0.0,1.0,-0.0,1.0
2026-05-26T12:49:44.122,53.903,1233,FORWARD,0.043746,0.042298,-0.000362,0.8,0.0,0.0,L,0,0,-0.0,1.0,-0.0,1.0
2026-05-26T12:49:44.154,53.935,1234,FORWARD,0.036059,0.04105,0.001248,0.8,0.0,0.0,L,0,0,-0.0,1.0,-0.0,1.0
2026-05-26T12:49:44.197,53.979,1235,FORWARD,0.056176,0.044075,-0.003025,0.8,0.0,0.0,L,0,0,-0.0,1.0,-0.0,1.0
2026-05-26T12:49:44.226,54.007,1236,FORWARD,0.053647,0.04599,-0.001914,0.8,0.0,0.0,L,0,0,-0.0,1.0,-0.0,1.0
2026-05-26T12:49:44.272,54.053,1237,FORWARD,0.024926,0.041777,0.004213,0.8,0.0,0.0,L,0,0,-0.0,1.0,-0.0,1.0
2026-05-26T12:49:44.315,54.096,1238,FORWARD,0.050033,0.043428,-0.001651,0.8,0.0,0.0,L,0,0,-0.0,1.0,-0.0,1.0
2026-05-26T12:49:44.352,54.133,1239,FORWARD,0.050323,0.044807,-0.001379,0.8,0.0,0.0,L,0,0,-0.0,1.0,-0.0,1.0
2026-05-26T12:49:44.404,54.185,1240,FORWARD,0.030972,0.04204,0.002767,0.8,0.0,0.0,L,0,0,-0.0,1.0,-0.0,1.0
2026-05-26T12:49:44.454,54.235,1241,FORWARD,0.021349,0.037902,0.004138,0.8,0.0,0.0,L,0,0,-0.0,1.0,-0.0,1.0
2026-05-26T12:49:44.478,54.259,1242,FORWARD,0.044141,0.03915,-0.001248,0.8,0.0,0.0,L,0,0,-0.0,1.0,-0.0,1.0
2026-05-26T12:49:44.525,54.306,1243,FORWARD,0.038676,0.039055,9.5e-05,0.8,0.0,0.0,L,0,0,-0.0,1.0,-0.0,1.0
2026-05-26T12:49:44.562,54.343,1244,FORWARD,0.036719,0.038588,0.000467,0.8,0.0,0.0,L,0,0,-0.0,1.0,-0.0,1.0
2026-05-26T12:49:44.604,54.385,1245,FORWARD,0.043207,0.039512,-0.000924,0.8,0.0,0.0,L,0,0,-0.0,1.0,-0.0,1.0
2026-05-26T12:49:44.637,54.419,1246,FORWARD,0.033192,0.038248,0.001264,0.8,0.0,0.0,L,0,0,-0.0,1.0,-0.0,1.0
2026-05-26T12:49:44.694,54.476,1247,FORWARD,0.018906,0.034379,0.003868,0.8,0.0,0.0,L,0,0,-0.0,1.0,-0.0,1.0
2026-05-26T12:49:44.744,54.525,1248,FORWARD,0.024228,0.032349,0.00203,0.8,0.0,0.0,L,0,0,-0.0,1.0,-0.0,1.0
2026-05-26T12:49:44.784,54.565,1249,FORWARD,0.028544,0.031588,0.000761,0.8,0.0,0.0,L,0,0,-0.0,1.0,-0.0,1.0
2026-05-26T12:49:44.814,54.595,1250,FORWARD,0.017859,0.028842,0.002746,0.8,0.0,0.0,L,0,0,-0.0,1.0,-0.0,1.0
2026-05-26T12:49:44.866,54.648,1251,FORWARD,0.028242,0.028722,0.00012,0.8,0.0,0.0,L,0,0,-0.0,1.0,-0.0,1.0
2026-05-26T12:49:44.924,54.705,1252,FORWARD,0.045247,0.032027,-0.003305,0.8,0.0,0.0,L,0,0,-0.0,1.0,-0.0,1.0
2026-05-26T12:49:44.944,54.725,1253,FORWARD,0.037868,0.033195,-0.001168,0.8,0.0,0.0,L,0,0,-0.0,1.0,-0.0,1.0
2026-05-26T12:49:44.988,54.77,1254,FORWARD,0.021052,0.030767,0.002429,0.8,0.0,0.0,L,0,0,-0.0,1.0,-0.0,1.0
2026-05-26T12:49:45.028,54.81,1255,FORWARD,0.047912,0.034196,-0.003429,0.8,0.0,0.0,L,0,0,-0.0,1.0,-0.0,1.0
2026-05-26T12:49:45.075,54.856,1256,FORWARD,0.071963,0.041749,-0.007554,0.8,0.0,0.0,L,0,0,-0.0,1.0,-0.0,1.0
2026-05-26T12:49:45.118,54.899,1257,FORWARD,0.060302,0.04546,-0.003711,0.8,0.0,0.0,L,0,0,-0.0,1.0,-0.0,1.0
2026-05-26T12:49:45.162,54.943,1258,FORWARD,0.034689,0.043305,0.002154,0.8,0.0,0.0,L,0,0,-0.0,1.0,-0.0,1.0
2026-05-26T12:49:45.200,54.982,1259,FORWARD,0.021666,0.038978,0.004328,0.8,0.0,0.0,L,0,0,-0.0,1.0,-0.0,1.0
2026-05-26T12:49:45.231,55.012,1260,FORWARD,0.043446,0.039871,-0.000894,0.8,0.0,0.0,L,0,0,-0.0,1.0,-0.0,1.0
2026-05-26T12:49:45.268,55.05,1261,FORWARD,0.057041,0.043305,-0.003434,0.8,0.0,0.0,L,0,0,-0.0,1.0,-0.0,1.0
2026-05-26T12:49:45.309,55.09,1262,FORWARD,0.042573,0.043159,0.000146,0.8,0.0,0.0,L,0,0,-0.0,1.0,-0.0,1.0
2026-05-26T12:49:45.354,55.135,1263,FORWARD,0.029739,0.040475,0.002684,0.8,0.0,0.0,L,0,0,-0.0,1.0,-0.0,1.0
2026-05-26T12:49:45.417,55.198,1264,FORWARD,0.024077,0.037195,0.00328,0.8,0.0,0.0,L,0,0,-0.0,1.0,-0.0,1.0
2026-05-26T12:49:45.467,55.248,1265,FORWARD,0.021671,0.03409,0.003105,0.8,0.0,0.0,L,0,0,-0.0,1.0,-0.0,1.0
2026-05-26T12:49:45.510,55.291,1266,FORWARD,0.025684,0.032409,0.001681,0.8,0.0,0.0,L,0,0,-0.0,1.0,-0.0,1.0
2026-05-26T12:49:45.540,55.321,1267,FORWARD,0.019739,0.029875,0.002534,0.8,0.0,0.0,L,0,0,-0.0,1.0,-0.0,1.0
2026-05-26T12:49:45.610,55.391,1268,FORWARD,0.020924,0.028085,0.00179,0.8,0.0,0.0,L,0,0,-0.0,1.0,-0.0,1.0
2026-05-26T12:49:45.697,55.478,1269,FORWARD,0.023999,0.027268,0.000817,0.8,0.0,0.0,L,0,0,-0.0,1.0,-0.0,1.0
2026-05-26T12:49:45.734,55.515,1270,FORWARD,0.032029,0.02822,-0.000952,0.8,0.0,0.0,L,0,0,-0.0,1.0,-0.0,1.0
2026-05-26T12:49:45.790,55.571,1271,FORWARD,0.038037,0.030183,-0.001963,0.8,0.0,0.0,L,0,0,-0.0,1.0,-0.0,1.0
2026-05-26T12:49:45.818,55.599,1272,FORWARD,0.045868,0.03332,-0.003137,0.8,0.0,0.0,L,0,0,-0.0,1.0,-0.0,1.0
2026-05-26T12:49:45.869,55.65,1273,FORWARD,0.041203,0.034897,-0.001577,0.8,0.0,0.0,L,0,0,-0.0,1.0,-0.0,1.0
2026-05-26T12:49:45.910,55.692,1274,FORWARD,0.025258,0.032969,0.001928,0.8,0.0,0.0,L,0,0,-0.0,1.0,-0.0,1.0
2026-05-26T12:49:45.972,55.753,1275,FORWARD,0.055788,0.037533,-0.004564,0.8,0.0,0.0,L,0,0,-0.0,1.0,-0.0,1.0
2026-05-26T12:49:46.005,55.786,1276,FORWARD,0.061123,0.042251,-0.004718,0.8,0.0,0.0,L,0,0,-0.0,1.0,0.4184,1.0
2026-05-26T12:49:46.037,55.818,1277,FORWARD,0.057753,0.045351,-0.0031,0.8,0.0,0.0,L,0,0,-0.0,1.0,0.4184,1.0
2026-05-26T12:49:46.082,55.863,1278,FORWARD,0.053479,0.046977,-0.001625,0.8,0.0,0.0,L,0,0,-0.0,1.0,0.9263,1.0
2026-05-26T12:49:46.118,55.899,1279,FORWARD,0.023577,0.042297,0.00468,0.8,0.0,0.0,L,0,0,-0.0,1.0,0.9287,1.0
2026-05-26T12:49:46.156,55.937,1280,FORWARD,0.051075,0.044052,-0.001756,0.8,0.0,0.0,L,0,0,-0.0,1.0,0.3618,1.0
2026-05-26T12:49:46.186,55.967,1281,FORWARD,0.047352,0.044712,-0.00066,0.8,0.0,0.0,L,0,0,-0.0,1.0,0.3618,1.0
2026-05-26T12:49:46.214,55.995,1282,FORWARD,0.039011,0.043572,0.00114,0.8,0.0,0.0,L,0,0,-0.0,1.0,-0.0,1.0
2026-05-26T12:49:46.270,56.051,1283,FORWARD,0.042027,0.043263,0.000309,0.8,0.0,0.0,L,0,0,-0.0,1.0,-0.0,1.0
2026-05-26T12:49:46.316,56.098,1284,FORWARD,0.082376,0.051086,-0.007823,0.8,0.0,0.0,M,0,0,-0.0,1.0,-0.0,1.0
2026-05-26T12:49:46.368,56.149,1285,FORWARD,0.073812,0.055631,-0.004545,0.8,0.0,0.0,M,0,0,-0.0,1.0,-0.0,1.0
2026-05-26T12:49:46.426,56.207,1286,FORWARD,0.062416,0.056988,-0.001357,0.8,0.0,0.0,M,0,0,-0.0,1.0,-0.0,1.0
2026-05-26T12:49:46.470,56.252,1287,FORWARD,0.053622,0.056315,0.000673,0.8,0.0,0.0,M,0,0,-0.0,1.0,-0.0,1.0
2026-05-26T12:49:46.522,56.303,1288,FORWARD,0.039151,0.052882,0.003433,0.8,0.0,0.0,M,0,0,-0.0,1.0,-0.0,1.0
2026-05-26T12:49:46.579,56.36,1289,FORWARD,0.050592,0.052424,0.000458,0.8,0.0,0.0,M,0,0,-0.0,1.0,-0.0,1.0
2026-05-26T12:49:46.630,56.412,1290,FORWARD,0.037538,0.049447,0.002977,0.8,0.0,0.0,L,0,0,-0.0,1.0,-0.0,1.0
2026-05-26T12:49:46.677,56.458,1291,FORWARD,0.044392,0.048436,0.001011,0.8,0.0,0.0,L,0,0,-0.0,1.0,-0.0,1.0
2026-05-26T12:49:46.740,56.521,1292,FORWARD,0.02964,0.044677,0.003759,0.8,0.0,0.0,L,0,0,-0.0,1.0,-0.0,1.0
2026-05-26T12:49:46.784,56.565,1293,FORWARD,0.028556,0.041453,0.003224,0.8,0.0,0.0,L,0,0,-0.0,1.0,-0.0,1.0
2026-05-26T12:49:46.840,56.622,1294,FORWARD,0.029772,0.039116,0.002336,0.8,0.0,0.0,L,0,0,-0.0,1.0,-0.0,1.0
2026-05-26T12:49:46.901,56.682,1295,FORWARD,0.026363,0.036566,0.002551,0.8,0.0,0.0,L,0,0,0.0006,1.0,-0.0,1.0
2026-05-26T12:49:46.954,56.735,1296,FORWARD,0.031503,0.035553,0.001013,0.8,0.0,0.0,L,0,0,-0.0,1.0,-0.0,1.0
2026-05-26T12:49:47.030,56.812,1297,FORWARD,0.018188,0.03208,0.003473,0.8,0.0,0.0,L,0,0,-0.0,1.0,-0.0,1.0
2026-05-26T12:49:47.094,56.875,1298,FORWARD,0.020739,0.029812,0.002268,0.8,0.0,0.0,L,0,0,-0.0,1.0,-0.0,1.0
2026-05-26T12:49:47.153,56.934,1299,FORWARD,0.01979,0.027808,0.002004,0.8,0.0,0.0,L,0,0,-0.0,1.0,-0.0,1.0
2026-05-26T12:49:47.217,56.999,1300,FORWARD,0.030467,0.02834,-0.000532,0.8,0.0,0.0,L,0,0,-0.0,1.0,-0.0,1.0
2026-05-26T12:49:47.282,57.063,1301,FORWARD,0.025123,0.027696,0.000643,0.8,0.0,0.0,L,0,0,-0.0,1.0,-0.0,1.0
2026-05-26T12:49:47.358,57.139,1302,FORWARD,0.034228,0.029003,-0.001306,0.8,0.0,0.0,L,0,0,-0.0,1.0,-0.0,1.0
2026-05-26T12:49:47.404,57.185,1303,FORWARD,0.019533,0.027109,0.001894,0.8,0.0,0.0,L,0,0,-0.0,1.0,-0.0,1.0
2026-05-26T12:49:47.454,57.235,1304,FORWARD,0.032684,0.028224,-0.001115,0.8,0.0,0.0,L,0,0,-0.0,1.0,-0.0,1.0
2026-05-26T12:49:47.502,57.283,1305,FORWARD,0.019705,0.02652,0.001704,0.8,0.0,0.0,L,0,0,-0.0,1.0,0.3813,1.0
2026-05-26T12:49:47.555,57.336,1306,FORWARD,0.029707,0.027157,-0.000637,0.8,0.0,0.0,L,0,0,-0.0,1.0,0.8998,1.0
2026-05-26T12:49:47.587,57.368,1307,FORWARD,0.026014,0.026928,0.000229,0.8,0.0,0.0,L,0,0,-0.0,1.0,0.8763,1.0
2026-05-26T12:49:47.621,57.402,1308,FORWARD,0.031167,0.027776,-0.000848,0.8,0.0,0.0,L,0,0,-0.0,1.0,0.8763,1.0
2026-05-26T12:49:47.656,57.437,1309,FORWARD,0.022483,0.026717,0.001059,0.8,0.0,0.0,L,0,0,-0.0,1.0,0.2858,1.0
2026-05-26T12:49:47.706,57.488,1310,FORWARD,0.034763,0.028327,-0.001609,0.8,0.0,0.0,L,0,0,-0.0,1.0,-0.0,1.0
2026-05-26T12:49:47.732,57.513,1311,FORWARD,0.040065,0.030674,-0.002348,0.8,0.0,0.0,L,0,0,-0.0,1.0,-0.0,1.0
2026-05-26T12:49:47.764,57.545,1312,FORWARD,0.050462,0.034632,-0.003958,0.8,0.0,0.0,L,0,0,-0.0,1.0,-0.0,1.0
2026-05-26T12:49:47.800,57.581,1313,FORWARD,0.066106,0.040927,-0.006295,0.8,0.0,0.0,L,0,0,-0.0,1.0,-0.0,1.0
2026-05-26T12:49:47.844,57.625,1314,FORWARD,0.078939,0.048529,-0.007603,0.8,0.0,0.0,L,0,0,-0.0,1.0,-0.0,1.0
2026-05-26T12:49:47.880,57.661,1315,FORWARD,0.079575,0.054738,-0.006209,0.8,0.0,0.0,M,0,0,-0.0,1.0,-0.0,1.0
2026-05-26T12:49:47.923,57.704,1316,FORWARD,0.059921,0.055775,-0.001037,0.8,0.0,0.0,M,0,0,-0.0,1.0,-0.0,1.0
2026-05-26T12:49:47.968,57.749,1317,FORWARD,0.021703,0.048961,0.006814,0.8,0.0,0.0,L,0,0,-0.0,1.0,-0.0,1.0
2026-05-26T12:49:48.037,57.818,1318,FORWARD,0.043058,0.04778,0.00118,0.8,0.0,0.0,L,0,1,-0.0,1.0,-0.0,1.0
2026-05-26T12:49:48.076,57.857,1319,FORWARD,0.057405,0.049705,-0.001925,0.8,0.0,0.0,L,0,1,-0.0,1.0,-0.0,1.0
2026-05-26T12:49:48.126,57.907,1320,FORWARD,0.056387,0.051041,-0.001336,0.8,0.0,0.0,M,0,1,-0.0,1.0,-0.0,1.0
2026-05-26T12:49:48.139,57.921,1321,FORWARD,0.030387,0.046911,0.004131,0.8,0.0,0.0,L,0,1,-0.0,1.0,-0.0,1.0
2026-05-26T12:49:48.184,57.965,1322,FORWARD,0.037074,0.044943,0.001967,0.8,0.0,0.0,L,0,1,-0.0,1.0,-0.0,1.0
2026-05-26T12:49:48.208,57.99,1323,FORWARD,0.035378,0.04303,0.001913,0.8,0.0,0.0,L,0,1,-0.0,1.0,-0.0,1.0
2026-05-26T12:49:48.242,58.023,1324,FORWARD,0.032057,0.040836,0.002195,0.8,0.0,0.0,L,0,1,-0.0,1.0,-0.0,1.0
2026-05-26T12:49:48.283,58.064,1325,FORWARD,0.030987,0.038866,0.00197,0.8,0.0,0.0,L,0,1,-0.0,1.0,-0.0,1.0
2026-05-26T12:49:48.332,58.113,1326,FORWARD,0.033055,0.037704,0.001162,0.8,0.0,0.0,L,0,1,-0.0,1.0,-0.0,1.0
2026-05-26T12:49:48.348,58.129,1327,FORWARD,0.024623,0.035088,0.002616,0.8,0.0,0.0,L,0,1,-0.0,1.0,-0.0,1.0
2026-05-26T12:49:48.398,58.179,1328,FORWARD,0.025146,0.033099,0.001988,0.8,0.0,0.0,L,0,1,-0.0,1.0,-0.0,1.0
2026-05-26T12:49:48.450,58.231,1329,FORWARD,0.020847,0.030649,0.00245,0.8,0.0,0.0,L,0,1,-0.0,1.0,-0.0,1.0
2026-05-26T12:49:48.472,58.253,1330,FORWARD,0.01774,0.028067,0.002582,0.8,0.0,0.0,L,0,1,-0.0,1.0,-0.0,1.0
2026-05-26T12:49:48.522,58.303,1331,FORWARD,0.018488,0.026151,0.001916,0.8,0.0,0.0,L,0,1,-0.0,1.0,-0.0,1.0
2026-05-26T12:49:48.553,58.334,1332,FORWARD,0.016083,0.024138,0.002014,0.8,0.0,0.0,L,0,1,-0.0,1.0,-0.0,1.0
2026-05-26T12:49:48.575,58.356,1333,FORWARD,0.015458,0.022402,0.001736,0.8,0.0,0.0,L,0,1,-0.0,1.0,-0.0,1.0
2026-05-26T12:49:48.638,58.419,1334,FORWARD,0.023509,0.022623,-0.000221,0.8,0.0,0.0,L,0,1,-0.0,1.0,-0.0,1.0
2026-05-26T12:49:48.685,58.466,1335,FORWARD,0.02596,0.023291,-0.000667,0.8,0.0,0.0,L,0,1,-0.0,1.0,-0.0,1.0
2026-05-26T12:49:48.722,58.503,1336,FORWARD,0.019193,0.022471,0.00082,0.8,0.0,0.0,L,0,1,-0.0,1.0,-0.0,1.0
2026-05-26T12:49:48.750,58.531,1337,FORWARD,0.015028,0.020982,0.001489,0.8,0.0,0.0,L,0,1,-0.0,1.0,-0.0,1.0
2026-05-26T12:49:48.800,58.581,1338,FORWARD,0.018165,0.020419,0.000563,0.8,0.0,0.0,L,0,1,-0.0,1.0,-0.0,1.0
2026-05-26T12:49:48.834,58.615,1339,FORWARD,0.019337,0.020203,0.000216,0.8,0.0,0.0,L,0,1,-0.0,1.0,-0.0,1.0
2026-05-26T12:49:48.866,58.647,1340,FORWARD,0.016296,0.019421,0.000781,0.8,0.0,0.0,L,0,1,-0.0,1.0,-0.0,1.0
2026-05-26T12:49:48.914,58.695,1341,FORWARD,0.01538,0.018613,0.000808,0.8,0.0,0.0,L,0,1,-0.0,1.0,-0.0,1.0
2026-05-26T12:49:48.962,58.743,1342,FORWARD,0.016622,0.018215,0.000398,0.8,0.0,0.0,L,0,1,-0.0,1.0,-0.0,1.0
2026-05-26T12:49:49.022,58.803,1343,FORWARD,0.018062,0.018184,3.1e-05,0.8,0.0,0.0,L,0,1,-0.0,1.0,-0.0,1.0
2026-05-26T12:49:49.043,58.824,1344,FORWARD,0.019521,0.018452,-0.000267,0.8,0.0,0.0,L,0,1,-0.0,1.0,-0.0,1.0
2026-05-26T12:49:49.095,58.876,1345,FORWARD,0.020946,0.01895,-0.000499,0.8,0.0,0.0,L,0,1,-0.0,1.0,-0.0,1.0
2026-05-26T12:49:49.166,58.947,1346,FORWARD,0.021192,0.019399,-0.000448,0.8,0.0,0.0,L,0,1,-0.0,1.0,-0.0,1.0
2026-05-26T12:49:49.212,58.993,1347,FORWARD,0.020162,0.019551,-0.000153,0.8,0.0,0.0,L,0,1,-0.0,1.0,-0.0,1.0
2026-05-26T12:49:49.278,59.059,1348,FORWARD,0.019342,0.01951,4.2e-05,0.8,0.0,0.0,L,0,1,-0.0,1.0,-0.0,1.0
2026-05-26T12:49:49.338,59.12,1349,FORWARD,0.019215,0.019451,5.9e-05,0.8,0.0,0.0,L,0,1,-0.0,1.0,-0.0,1.0
2026-05-26T12:49:49.400,59.181,1350,FORWARD,0.027355,0.021032,-0.001581,0.8,0.0,0.0,L,0,1,-0.0,1.0,-0.0,1.0
2026-05-26T12:49:49.433,59.214,1351,FORWARD,0.026269,0.022079,-0.001047,0.8,0.0,0.0,L,0,1,-0.0,1.0,-0.0,1.0
2026-05-26T12:49:49.475,59.257,1352,FORWARD,0.030096,0.023682,-0.001603,0.8,0.0,0.0,L,0,1,-0.0,1.0,-0.0,1.0
2026-05-26T12:49:49.515,59.297,1353,FORWARD,0.030979,0.025142,-0.001459,0.8,0.0,0.0,L,0,1,-0.0,1.0,-0.0,1.0
2026-05-26T12:49:49.552,59.333,1354,FORWARD,0.020505,0.024214,0.000927,0.8,0.0,0.0,L,0,1,-0.0,1.0,-0.0,1.0
2026-05-26T12:49:49.594,59.375,1355,FORWARD,0.026111,0.024594,-0.000379,0.8,0.0,0.0,L,0,1,-0.0,1.0,-0.0,1.0
2026-05-26T12:49:49.642,59.423,1356,FORWARD,0.028892,0.025453,-0.00086,0.8,0.0,0.0,L,0,1,-0.0,1.0,-0.0,1.0
2026-05-26T12:49:49.677,59.458,1357,FORWARD,0.0291,0.026183,-0.000729,0.8,0.0,0.0,L,0,1,-0.0,1.0,-0.0,1.0
2026-05-26T12:49:49.730,59.512,1358,FORWARD,0.023102,0.025567,0.000616,0.8,0.0,0.0,L,0,1,-0.0,1.0,-0.0,1.0
2026-05-26T12:49:49.774,59.555,1359,FORWARD,0.021091,0.024672,0.000895,0.8,0.0,0.0,L,0,1,-0.0,1.0,-0.0,1.0
2026-05-26T12:49:49.822,59.603,1360,FORWARD,0.021879,0.024113,0.000559,0.8,0.0,0.0,L,0,1,-0.0,1.0,-0.0,1.0
2026-05-26T12:49:49.869,59.651,1361,FORWARD,0.02265,0.02382,0.000293,0.8,0.0,0.0,L,0,1,-0.0,1.0,-0.0,1.0
2026-05-26T12:49:49.918,59.699,1362,FORWARD,0.039163,0.026889,-0.003069,0.8,0.0,0.0,L,0,1,-0.0,1.0,-0.0,1.0
2026-05-26T12:49:49.953,59.735,1363,FORWARD,0.032534,0.028018,-0.001129,0.8,0.0,0.0,L,0,1,-0.0,1.0,-0.0,1.0
2026-05-26T12:49:49.988,59.769,1364,FORWARD,0.022993,0.027013,0.001005,0.8,0.0,0.0,L,0,1,-0.0,1.0,-0.0,1.0
2026-05-26T12:49:50.038,59.819,1365,FORWARD,0.057546,0.03312,-0.006107,0.8,0.0,0.0,L,0,1,-0.0,1.0,-0.0,1.0
2026-05-26T12:49:50.085,59.866,1366,FORWARD,0.055977,0.037691,-0.004571,0.8,0.0,0.0,L,0,1,-0.0,1.0,-0.0,1.0
2026-05-26T12:49:50.109,59.89,1367,FORWARD,0.056666,0.041486,-0.003795,0.8,0.0,0.0,L,0,1,-0.0,1.0,-0.0,1.0
2026-05-26T12:49:50.134,59.915,1368,FORWARD,0.045501,0.042289,-0.000803,0.8,0.0,0.0,L,0,1,-0.0,1.0,-0.0,1.0
2026-05-26T12:49:50.197,59.978,1369,FORWARD,0.025165,0.038864,0.003425,0.8,0.0,0.0,L,0,1,-0.0,1.0,-0.0,1.0
2026-05-26T12:49:50.234,60.015,1370,FORWARD,0.037195,0.03853,0.000334,0.8,0.0,0.0,L,0,1,-0.0,1.0,-0.0,1.0
2026-05-26T12:49:50.270,60.051,1371,FORWARD,0.042662,0.039357,-0.000826,0.8,0.0,0.0,L,0,1,-0.0,1.0,-0.0,1.0
2026-05-26T12:49:50.296,60.077,1372,FORWARD,0.044839,0.040453,-0.001096,0.8,0.0,0.0,L,0,1,-0.0,1.0,-0.0,1.0
2026-05-26T12:49:50.354,60.135,1373,FORWARD,0.049922,0.042347,-0.001894,0.8,0.0,0.0,L,0,1,-0.0,1.0,-0.0,1.0
2026-05-26T12:49:50.417,60.198,1374,FORWARD,0.055709,0.045019,-0.002672,0.8,0.0,0.0,L,0,1,-0.0,1.0,-0.0,1.0
2026-05-26T12:49:50.472,60.253,1375,FORWARD,0.05079,0.046174,-0.001154,0.8,0.0,0.0,L,0,1,-0.0,1.0,-0.0,1.0
2026-05-26T12:49:50.510,60.291,1376,FORWARD,0.038256,0.04459,0.001584,0.8,0.0,0.0,L,0,1,-0.0,1.0,-0.0,1.0
2026-05-26T12:49:50.553,60.334,1377,FORWARD,0.024575,0.040587,0.004003,0.8,0.0,0.0,L,0,1,-0.0,1.0,-0.0,1.0
2026-05-26T12:49:50.613,60.394,1378,FORWARD,0.02042,0.036553,0.004033,0.8,0.0,0.0,L,0,1,-0.0,1.0,-0.0,1.0
2026-05-26T12:49:50.643,60.424,1379,FORWARD,0.029676,0.035178,0.001375,0.8,0.0,0.0,L,0,1,-0.0,1.0,-0.0,1.0
2026-05-26T12:49:50.687,60.468,1380,FORWARD,0.020426,0.032228,0.00295,0.8,0.0,0.0,L,0,1,-0.0,1.0,-0.0,1.0
2026-05-26T12:49:50.718,60.499,1381,FORWARD,0.02146,0.030074,0.002154,0.8,0.0,0.0,L,0,1,-0.0,1.0,-0.0,1.0
2026-05-26T12:49:50.783,60.564,1382,FORWARD,0.016313,0.027322,0.002752,0.8,0.0,0.0,L,0,1,-0.0,1.0,-0.0,1.0
2026-05-26T12:49:50.826,60.607,1383,FORWARD,0.022915,0.026441,0.000881,0.8,0.0,0.0,L,0,1,-0.0,1.0,-0.0,1.0
2026-05-26T12:49:50.861,60.643,1384,FORWARD,0.021461,0.025445,0.000996,0.8,0.0,0.0,L,0,1,-0.0,1.0,-0.0,1.0
2026-05-26T12:49:50.898,60.679,1385,FORWARD,0.018264,0.024009,0.001436,0.8,0.0,0.0,L,0,1,-0.0,1.0,-0.0,1.0
2026-05-26T12:49:50.940,60.721,1386,FORWARD,0.019753,0.023158,0.000851,0.8,0.0,0.0,L,0,1,-0.0,1.0,-0.0,1.0
2026-05-26T12:49:51.002,60.783,1387,FORWARD,0.01814,0.022154,0.001004,0.8,0.0,0.0,L,0,1,-0.0,1.0,-0.0,1.0
2026-05-26T12:49:51.041,60.822,1388,FORWARD,0.017351,0.021193,0.000961,0.8,0.0,0.0,L,0,1,-0.0,1.0,-0.0,1.0
2026-05-26T12:49:51.088,60.869,1389,FORWARD,0.016373,0.020229,0.000964,0.8,0.0,0.0,L,0,1,-0.0,1.0,-0.0,1.0
2026-05-26T12:49:51.143,60.925,1390,FORWARD,0.018163,0.019816,0.000413,0.8,0.0,0.0,L,0,1,-0.0,1.0,-0.0,1.0
2026-05-26T12:49:51.182,60.964,1391,FORWARD,0.017352,0.019323,0.000493,0.8,0.0,0.0,L,0,1,-0.0,1.0,-0.0,1.0
2026-05-26T12:49:51.234,61.015,1392,FORWARD,0.013557,0.01817,0.001153,0.8,0.0,0.0,L,0,1,-0.0,1.0,-0.0,1.0
2026-05-26T12:49:51.270,61.051,1393,FORWARD,0.014357,0.017407,0.000763,0.8,0.0,0.0,L,0,1,-0.0,1.0,-0.0,1.0
2026-05-26T12:49:51.301,61.082,1394,FORWARD,0.015841,0.017094,0.000313,0.8,0.0,0.0,L,0,1,-0.0,1.0,-0.0,1.0
2026-05-26T12:49:51.340,61.121,1395,FORWARD,0.015449,0.016765,0.000329,0.8,0.0,0.0,L,0,1,-0.0,1.0,-0.0,1.0
2026-05-26T12:49:51.384,61.165,1396,FORWARD,0.023325,0.018077,-0.001312,0.8,0.0,0.0,L,0,1,-0.0,1.0,-0.0,1.0
2026-05-26T12:49:51.426,61.207,1397,FORWARD,0.027655,0.019993,-0.001916,0.8,0.0,0.0,L,0,1,-0.0,1.0,-0.0,1.0
2026-05-26T12:49:51.470,61.251,1398,FORWARD,0.023702,0.020735,-0.000742,0.8,0.0,0.0,L,0,1,-0.0,1.0,-0.0,1.0
2026-05-26T12:49:51.508,61.289,1399,FORWARD,0.038888,0.024365,-0.003631,0.8,0.0,0.0,L,0,1,-0.0,1.0,-0.0,1.0
2026-05-26T12:49:51.549,61.33,1400,FORWARD,0.038636,0.027219,-0.002854,0.8,0.0,0.0,L,0,1,-0.0,1.0,-0.0,1.0
2026-05-26T12:49:51.584,61.365,1401,FORWARD,0.024833,0.026742,0.000477,0.8,0.0,0.0,L,0,1,-0.0,1.0,-0.0,1.0
2026-05-26T12:49:51.643,61.424,1402,FORWARD,0.072286,0.035851,-0.009109,0.8,0.0,0.0,L,0,1,-0.0,1.0,-0.0,1.0
2026-05-26T12:49:51.684,61.466,1403,FORWARD,0.072714,0.043223,-0.007373,0.8,0.0,0.0,L,0,1,-0.0,1.0,-0.0,1.0
2026-05-26T12:49:51.731,61.512,1404,FORWARD,0.062111,0.047001,-0.003777,0.8,0.0,0.0,L,0,1,-0.0,1.0,-0.0,1.0
2026-05-26T12:49:51.796,61.577,1405,FORWARD,0.062284,0.050058,-0.003057,0.8,0.0,0.0,M,0,1,-0.0,1.0,-0.0,1.0
2026-05-26T12:49:51.829,61.61,1406,FORWARD,0.037335,0.047513,0.002544,0.8,0.0,0.0,L,0,1,-0.0,1.0,-0.0,1.0
2026-05-26T12:49:51.877,61.659,1407,FORWARD,0.062555,0.050521,-0.003008,0.8,0.0,0.0,M,0,0,-0.0,1.0,-0.0,1.0
2026-05-26T12:49:51.916,61.697,1408,FORWARD,0.065311,0.053479,-0.002958,0.8,0.0,0.0,M,0,0,-0.0,1.0,-0.0,1.0
2026-05-26T12:49:51.946,61.727,1409,FORWARD,0.057031,0.05419,-0.00071,0.8,0.0,0.0,M,0,0,-0.0,1.0,-0.0,1.0
2026-05-26T12:49:51.979,61.761,1410,FORWARD,0.058024,0.054957,-0.000767,0.8,0.0,0.0,M,0,0,-0.0,1.0,-0.0,1.0
2026-05-26T12:49:52.003,61.784,1411,FORWARD,0.046238,0.053213,0.001744,0.8,0.0,0.0,M,0,0,-0.0,1.0,-0.0,1.0
2026-05-26T12:49:52.027,61.809,1412,FORWARD,0.071149,0.0568,-0.003587,0.8,0.0,0.0,M,0,0,-0.0,1.0,-0.0,1.0
2026-05-26T12:49:52.079,61.86,1413,FORWARD,0.050652,0.055571,0.00123,0.8,0.0,0.0,M,0,0,-0.0,1.0,-0.0,1.0
2026-05-26T12:49:52.129,61.91,1414,FORWARD,0.078396,0.060136,-0.004565,0.8,0.0,0.0,M,0,0,-0.0,1.0,-0.0,1.0
2026-05-26T12:49:52.166,61.947,1415,FORWARD,0.080257,0.06416,-0.004024,0.8,0.0,0.0,M,0,0,-0.0,1.0,-0.0,1.0
2026-05-26T12:49:52.211,61.992,1416,FORWARD,0.055016,0.062331,0.001829,0.8,0.0,0.0,M,0,0,-0.0,1.0,-0.0,1.0
2026-05-26T12:49:52.246,62.027,1417,FORWARD,0.026847,0.055234,0.007097,0.8,0.0,0.0,M,0,0,-0.0,1.0,-0.0,1.0
2026-05-26T12:49:52.299,62.08,1418,FORWARD,0.041146,0.052417,0.002818,0.8,0.0,0.0,M,0,0,-0.0,1.0,-0.0,1.0
2026-05-26T12:49:52.346,62.127,1419,FORWARD,0.062958,0.054525,-0.002108,0.8,0.0,0.0,M,0,0,-0.0,1.0,-0.0,1.0
2026-05-26T12:49:52.383,62.164,1420,FORWARD,0.067066,0.057033,-0.002508,0.8,0.0,0.0,M,0,0,-0.0,1.0,-0.0,1.0
2026-05-26T12:49:52.418,62.199,1421,FORWARD,0.043036,0.054234,0.002799,0.8,0.0,0.0,M,0,0,-0.0,1.0,-0.0,1.0
2026-05-26T12:49:52.483,62.264,1422,FORWARD,0.019601,0.047307,0.006926,0.8,0.0,0.0,L,0,0,-0.0,1.0,-0.0,1.0
2026-05-26T12:49:52.531,62.312,1423,FORWARD,0.014753,0.040796,0.006511,0.8,0.0,0.0,L,0,1,-0.0,1.0,-0.0,1.0
2026-05-26T12:49:52.581,62.363,1424,FORWARD,0.014844,0.035606,0.005191,0.8,0.0,0.0,L,0,1,-0.0,1.0,-0.0,1.0
2026-05-26T12:49:52.631,62.412,1425,FORWARD,0.017265,0.031938,0.003668,0.8,0.0,0.0,L,0,1,-0.0,1.0,-0.0,1.0
2026-05-26T12:49:52.669,62.45,1426,FORWARD,0.017574,0.029065,0.002873,0.8,0.0,0.0,L,0,1,-0.0,1.0,-0.0,1.0
2026-05-26T12:49:52.721,62.502,1427,FORWARD,0.019644,0.027181,0.001884,0.8,0.0,0.0,L,0,1,-0.0,1.0,-0.0,1.0
2026-05-26T12:49:52.757,62.539,1428,FORWARD,0.029499,0.027644,-0.000464,0.8,0.0,0.0,L,0,1,-0.0,1.0,-0.0,1.0
2026-05-26T12:49:52.789,62.57,1429,FORWARD,0.030242,0.028164,-0.000519,0.8,0.0,0.0,L,0,1,-0.0,1.0,-0.0,1.0
2026-05-26T12:49:52.826,62.607,1430,FORWARD,0.020627,0.026656,0.001507,0.8,0.0,0.0,L,0,1,-0.0,1.0,-0.0,1.0
2026-05-26T12:49:52.863,62.644,1431,FORWARD,0.021038,0.025533,0.001124,0.8,0.0,0.0,L,0,1,-0.0,1.0,-0.0,1.0
2026-05-26T12:49:52.911,62.693,1432,FORWARD,0.021331,0.024692,0.00084,0.8,0.0,0.0,L,0,1,-0.0,1.0,-0.0,1.0
2026-05-26T12:49:52.930,62.711,1433,FORWARD,0.019511,0.023656,0.001036,0.8,0.0,0.0,L,0,1,-0.0,1.0,-0.0,1.0
2026-05-26T12:49:52.969,62.75,1434,FORWARD,0.020361,0.022997,0.000659,0.8,0.0,0.0,L,0,1,0.0896,1.0,-0.0,1.0
2026-05-26T12:49:52.997,62.778,1435,FORWARD,0.022444,0.022886,0.000111,0.8,0.0,0.0,L,0,1,0.0896,1.0,-0.0,1.0
2026-05-26T12:49:53.059,62.84,1436,FORWARD,0.014315,0.021172,0.001714,0.8,0.0,0.0,L,0,1,0.1061,1.0,-0.0,1.0
2026-05-26T12:49:53.110,62.891,1437,FORWARD,0.01911,0.02076,0.000412,0.8,0.0,0.0,L,0,1,0.0094,1.0,-0.0,1.0
2026-05-26T12:49:53.152,62.934,1438,FORWARD,0.025142,0.021636,-0.000876,0.8,0.0,0.0,L,0,1,-0.0,1.0,-0.0,1.0
2026-05-26T12:49:53.191,62.972,1439,FORWARD,0.034736,0.024256,-0.00262,0.8,0.0,0.0,L,0,1,-0.0,1.0,-0.0,1.0
2026-05-26T12:49:53.219,63.0,1440,FORWARD,0.040748,0.027554,-0.003298,0.8,0.0,0.0,L,0,1,-0.0,1.0,-0.0,1.0
2026-05-26T12:49:53.253,63.034,1441,FORWARD,0.03414,0.028872,-0.001317,0.8,0.0,0.0,L,0,1,-0.0,1.0,-0.0,1.0
2026-05-26T12:49:53.307,63.088,1442,FORWARD,0.028651,0.028827,4.4e-05,0.8,0.0,0.0,L,0,1,-0.0,1.0,-0.0,1.0
2026-05-26T12:49:53.333,63.114,1443,FORWARD,0.036895,0.030441,-0.001613,0.8,0.0,0.0,L,0,1,-0.0,1.0,-0.0,1.0
2026-05-26T12:49:53.371,63.152,1444,FORWARD,0.042351,0.032823,-0.002382,0.8,0.0,0.0,L,0,1,-0.0,1.0,-0.0,1.0
2026-05-26T12:49:53.400,63.181,1445,FORWARD,0.020103,0.030279,0.002544,0.8,0.0,0.0,L,0,1,-0.0,1.0,-0.0,1.0
2026-05-26T12:49:53.433,63.215,1446,FORWARD,0.056387,0.035501,-0.005222,0.8,0.0,0.0,L,0,1,-0.0,1.0,-0.0,1.0
2026-05-26T12:49:53.465,63.246,1447,FORWARD,0.085082,0.045417,-0.009916,0.8,0.0,0.0,L,0,1,-0.0,1.0,-0.0,1.0
2026-05-26T12:49:53.496,63.277,1448,FORWARD,0.071321,0.050598,-0.005181,0.8,0.0,0.0,M,0,1,-0.0,1.0,-0.0,1.0
2026-05-26T12:49:53.530,63.312,1449,FORWARD,0.025977,0.045673,0.004924,0.8,0.0,0.0,L,0,1,-0.0,1.0,-0.0,1.0
2026-05-26T12:49:53.579,63.36,1450,FORWARD,0.07991,0.052521,-0.006847,0.8,0.0,0.0,M,0,0,-0.0,1.0,-0.0,1.0
2026-05-26T12:49:53.605,63.386,1451,FORWARD,0.100306,0.062078,-0.009557,0.8,0.0,0.0,M,0,0,-0.0,1.0,-0.0,1.0
2026-05-26T12:49:53.642,63.424,1452,FORWARD,0.102988,0.07026,-0.008182,0.8,0.0,0.0,M,0,0,-0.0,1.0,-0.0,1.0
2026-05-26T12:49:53.681,63.462,1453,FORWARD,0.078533,0.071915,-0.001655,0.8,0.0,0.0,M,0,0,-0.0,1.0,-0.0,1.0
2026-05-26T12:49:53.717,63.498,1454,FORWARD,0.032327,0.063997,0.007917,0.8,0.0,0.0,M,0,0,-0.0,1.0,-0.0,1.0
2026-05-26T12:49:53.749,63.53,1455,FORWARD,0.067532,0.064704,-0.000707,0.8,0.0,0.0,M,0,0,-0.0,1.0,-0.0,1.0
2026-05-26T12:49:53.804,63.585,1456,FORWARD,0.068913,0.065546,-0.000842,0.8,0.0,0.0,M,0,0,-0.0,1.0,-0.0,1.0
2026-05-26T12:49:53.852,63.633,1457,FORWARD,0.056471,0.063731,0.001815,0.8,0.0,0.0,M,0,0,-0.0,1.0,-0.0,1.0
2026-05-26T12:49:53.888,63.669,1458,FORWARD,0.041414,0.059268,0.004463,0.8,0.0,0.0,M,0,0,-0.0,1.0,-0.0,1.0
2026-05-26T12:49:53.932,63.714,1459,FORWARD,0.044086,0.056231,0.003036,0.8,0.0,0.0,M,0,0,-0.0,1.0,-0.0,1.0
2026-05-26T12:49:53.960,63.741,1460,FORWARD,0.045823,0.05415,0.002082,0.8,0.0,0.0,M,0,0,-0.0,1.0,-0.0,1.0
2026-05-26T12:49:54.003,63.784,1461,FORWARD,0.056218,0.054563,-0.000414,0.8,0.0,0.0,M,0,0,-0.0,1.0,-0.0,1.0
2026-05-26T12:49:54.043,63.824,1462,FORWARD,0.031611,0.049973,0.00459,0.8,0.0,0.0,L,0,0,-0.0,1.0,-0.0,1.0
2026-05-26T12:49:54.075,63.856,1463,FORWARD,0.017651,0.043508,0.006464,0.8,0.0,0.0,L,0,0,-0.0,1.0,-0.0,1.0
2026-05-26T12:49:54.129,63.91,1464,FORWARD,0.030331,0.040873,0.002636,0.8,0.0,0.0,L,0,0,-0.0,1.0,-0.0,1.0
2026-05-26T12:49:54.187,63.969,1465,FORWARD,0.028396,0.038377,0.002495,0.8,0.0,0.0,L,0,0,-0.0,1.0,-0.0,1.0
2026-05-26T12:49:54.247,64.028,1466,FORWARD,0.034858,0.037674,0.000704,0.8,0.0,0.0,L,0,0,-0.0,1.0,-0.0,1.0
2026-05-26T12:49:54.276,64.057,1467,FORWARD,0.035095,0.037158,0.000516,0.8,0.0,0.0,L,0,0,-0.0,1.0,-0.0,1.0
2026-05-26T12:49:54.305,64.086,1468,FORWARD,0.032657,0.036258,0.0009,0.8,0.0,0.0,L,0,0,-0.0,1.0,-0.0,1.0
2026-05-26T12:49:54.341,64.122,1469,FORWARD,0.031141,0.035234,0.001023,0.8,0.0,0.0,L,0,0,-0.0,1.0,-0.0,1.0
2026-05-26T12:49:54.377,64.158,1470,FORWARD,0.045265,0.037241,-0.002006,0.8,0.0,0.0,L,0,0,-0.0,1.0,-0.0,1.0
2026-05-26T12:49:54.404,64.185,1471,FORWARD,0.032895,0.036372,0.000869,0.8,0.0,0.0,L,0,0,-0.0,1.0,-0.0,1.0
2026-05-26T12:49:54.443,64.224,1472,FORWARD,0.020095,0.033116,0.003255,0.8,0.0,0.0,L,0,0,-0.0,1.0,-0.0,1.0
2026-05-26T12:49:54.493,64.274,1473,FORWARD,0.033114,0.033116,1e-06,0.8,0.0,0.0,L,0,0,-0.0,1.0,-0.0,1.0
2026-05-26T12:49:54.528,64.309,1474,FORWARD,0.027503,0.031993,0.001122,0.8,0.0,0.0,L,0,0,-0.0,1.0,-0.0,1.0
2026-05-26T12:49:54.579,64.36,1475,FORWARD,0.02429,0.030453,0.001541,0.8,0.0,0.0,L,0,0,-0.0,1.0,-0.0,1.0
2026-05-26T12:49:54.621,64.402,1476,FORWARD,0.025415,0.029445,0.001008,0.8,0.0,0.0,L,0,0,-0.0,1.0,-0.0,1.0
2026-05-26T12:49:54.637,64.418,1477,FORWARD,0.023953,0.028347,0.001098,0.8,0.0,0.0,L,0,0,-0.0,1.0,-0.0,1.0
2026-05-26T12:49:54.687,64.468,1478,FORWARD,0.027072,0.028092,0.000255,0.8,0.0,0.0,L,0,0,-0.0,1.0,-0.0,1.0
2026-05-26T12:49:54.736,64.517,1479,FORWARD,0.042819,0.031037,-0.002946,0.8,0.0,0.0,L,0,0,-0.0,1.0,-0.0,1.0
2026-05-26T12:49:54.804,64.586,1480,FORWARD,0.043792,0.033588,-0.002551,0.8,0.0,0.0,L,0,0,-0.0,1.0,-0.0,1.0
2026-05-26T12:49:54.841,64.622,1481,FORWARD,0.0273,0.032331,0.001258,0.8,0.0,0.0,L,0,0,-0.0,1.0,-0.0,1.0
2026-05-26T12:49:54.889,64.671,1482,FORWARD,0.022046,0.030274,0.002057,0.8,0.0,0.0,L,0,0,-0.0,1.0,-0.0,1.0
2026-05-26T12:49:54.927,64.708,1483,FORWARD,0.023482,0.028915,0.001358,0.8,0.0,0.0,L,0,0,-0.0,1.0,-0.0,1.0
2026-05-26T12:49:54.975,64.757,1484,FORWARD,0.028179,0.028768,0.000147,0.8,0.0,0.0,L,0,0,-0.0,1.0,-0.0,1.0
2026-05-26T12:49:55.009,64.79,1485,FORWARD,0.030699,0.029154,-0.000386,0.8,0.0,0.0,L,0,0,-0.0,1.0,-0.0,1.0
2026-05-26T12:49:55.070,64.851,1486,FORWARD,0.03378,0.030079,-0.000925,0.8,0.0,0.0,L,0,0,-0.0,1.0,-0.0,1.0
2026-05-26T12:49:55.093,64.874,1487,FORWARD,0.049377,0.033939,-0.00386,0.8,0.0,0.0,L,0,0,-0.0,1.0,-0.0,1.0
2026-05-26T12:49:55.124,64.906,1488,FORWARD,0.065836,0.040318,-0.006379,0.8,0.0,0.0,L,0,0,-0.0,1.0,-0.0,1.0
2026-05-26T12:49:55.155,64.936,1489,FORWARD,0.070892,0.046433,-0.006115,0.8,0.0,0.0,L,0,0,-0.0,1.0,-0.0,1.0
2026-05-26T12:49:55.222,65.003,1490,FORWARD,0.038643,0.044875,0.001558,0.8,0.0,0.0,L,0,0,-0.0,1.0,-0.0,1.0
2026-05-26T12:49:55.254,65.035,1491,FORWARD,0.081264,0.052153,-0.007278,0.8,0.0,0.0,M,0,0,-0.0,1.0,-0.0,1.0
2026-05-26T12:49:55.293,65.074,1492,FORWARD,0.112912,0.064305,-0.012152,0.8,0.0,0.0,M,0,0,-0.0,1.0,-0.0,1.0
2026-05-26T12:49:55.339,65.12,1493,FORWARD,0.118719,0.075188,-0.010883,0.8,0.0,0.0,M,0,0,-0.0,1.0,-0.0,1.0
2026-05-26T12:49:55.395,65.176,1494,FORWARD,0.097231,0.079596,-0.004409,0.8,0.0,0.0,M,0,0,-0.0,1.0,-0.0,1.0
2026-05-26T12:49:55.435,65.216,1495,FORWARD,0.062123,0.076102,0.003495,0.8,0.0,0.0,M,0,0,-0.0,1.0,-0.0,1.0
2026-05-26T12:49:55.507,65.288,1496,FORWARD,0.094664,0.079814,-0.003712,0.8,0.0,0.0,M,0,0,-0.0,1.0,-0.0,1.0
2026-05-26T12:49:55.553,65.334,1497,FORWARD,0.106877,0.085227,-0.005413,0.8,0.0,0.0,M,0,0,-0.0,1.0,-0.0,1.0
2026-05-26T12:49:55.589,65.37,1498,FORWARD,0.108757,0.089933,-0.004706,0.8,0.0,0.0,M,0,0,-0.0,1.0,-0.0,1.0
2026-05-26T12:49:55.630,65.412,1499,FORWARD,0.070872,0.086121,0.003812,0.8,0.0,0.0,M,0,0,-0.0,1.0,-0.0,1.0
2026-05-26T12:49:55.669,65.45,1500,FORWARD,0.067782,0.082453,0.003668,0.8,0.0,0.0,M,0,0,-0.0,1.0,-0.0,1.0
2026-05-26T12:49:55.692,65.473,1501,FORWARD,0.079169,0.081796,0.000657,0.8,0.0,0.0,M,0,0,-0.0,1.0,-0.0,1.0
2026-05-26T12:49:55.732,65.514,1502,FORWARD,0.104313,0.0863,-0.004503,0.8,0.0,0.0,M,0,0,-0.0,1.0,-0.0,1.0
2026-05-26T12:49:55.763,65.544,1503,FORWARD,0.108262,0.090692,-0.004392,0.8,0.0,0.0,M,0,0,-0.0,1.0,-0.0,1.0
2026-05-26T12:49:55.792,65.573,1504,FORWARD,0.090428,0.090639,5.3e-05,0.8,0.0,0.0,M,0,0,-0.0,1.0,-0.0,1.0
2026-05-26T12:49:55.825,65.606,1505,FORWARD,0.039817,0.080475,0.010164,0.8,0.0,0.0,M,0,0,-0.0,1.0,-0.0,1.0
2026-05-26T12:49:55.904,65.686,1506,FORWARD,0.048969,0.074174,0.006301,0.8,0.0,0.0,M,0,0,-0.0,1.0,-0.0,1.0
2026-05-26T12:49:55.942,65.723,1507,FORWARD,0.080082,0.075355,-0.001182,0.8,0.0,0.0,M,0,0,-0.0,1.0,-0.0,1.0
2026-05-26T12:49:55.979,65.76,1508,FORWARD,0.079744,0.076233,-0.000878,0.8,0.0,0.0,M,0,0,-0.0,1.0,-0.0,1.0
2026-05-26T12:49:56.035,65.816,1509,FORWARD,0.078871,0.07676,-0.000528,0.8,0.0,0.0,M,0,0,-0.0,1.0,-0.0,1.0
2026-05-26T12:49:56.081,65.862,1510,FORWARD,0.057362,0.072881,0.00388,0.8,0.0,0.0,M,0,0,-0.0,1.0,-0.0,1.0
2026-05-26T12:49:56.136,65.918,1511,FORWARD,0.034118,0.065128,0.007752,0.8,0.0,0.0,M,0,0,-0.0,1.0,-0.0,1.0
2026-05-26T12:49:56.169,65.95,1512,FORWARD,0.030317,0.058166,0.006962,0.8,0.0,0.0,M,0,0,-0.0,1.0,-0.0,1.0
2026-05-26T12:49:56.199,65.98,1513,FORWARD,0.028948,0.052322,0.005844,0.8,0.0,0.0,M,0,0,-0.0,1.0,-0.0,1.0
2026-05-26T12:49:56.263,66.044,1514,FORWARD,0.036213,0.049101,0.003222,0.8,0.0,0.0,L,0,0,-0.0,1.0,-0.0,1.0
2026-05-26T12:49:56.315,66.096,1515,FORWARD,0.036297,0.04654,0.002561,0.8,0.0,0.0,L,0,0,-0.0,1.0,-0.0,1.0
2026-05-26T12:49:56.365,66.146,1516,FORWARD,0.049224,0.047077,-0.000537,0.8,0.0,0.0,L,0,0,-0.0,1.0,-0.0,1.0
2026-05-26T12:49:56.400,66.181,1517,FORWARD,0.052497,0.048161,-0.001084,0.8,0.0,0.0,L,0,0,-0.0,1.0,-0.0,1.0
2026-05-26T12:49:56.455,66.236,1518,FORWARD,0.044381,0.047405,0.000756,0.8,0.0,0.0,L,0,0,-0.0,1.0,-0.0,1.0
2026-05-26T12:49:56.501,66.282,1519,FORWARD,0.03443,0.04481,0.002595,0.8,0.0,0.0,L,0,0,-0.0,1.0,-0.0,1.0
2026-05-26T12:49:56.557,66.338,1520,FORWARD,0.035275,0.042903,0.001907,0.8,0.0,0.0,L,0,0,-0.0,1.0,-0.0,1.0
2026-05-26T12:49:56.607,66.388,1521,FORWARD,0.03667,0.041656,0.001247,0.8,0.0,0.0,L,0,0,-0.0,1.0,-0.0,1.0
2026-05-26T12:49:56.642,66.424,1522,FORWARD,0.034436,0.040212,0.001444,0.8,0.0,0.0,L,0,0,-0.0,1.0,-0.0,1.0
2026-05-26T12:49:56.681,66.462,1523,FORWARD,0.031602,0.03849,0.001722,0.8,0.0,0.0,L,0,0,-0.0,1.0,-0.0,1.0
2026-05-26T12:49:56.709,66.49,1524,FORWARD,0.037016,0.038195,0.000295,0.8,0.0,0.0,L,0,0,-0.0,1.0,-0.0,1.0
2026-05-26T12:49:56.776,66.557,1525,FORWARD,0.07312,0.04518,-0.006985,0.8,0.0,0.0,L,0,0,-0.0,1.0,-0.0,1.0
2026-05-26T12:49:56.859,66.64,1526,FORWARD,0.051436,0.046431,-0.001251,0.8,0.0,0.0,L,0,0,-0.0,1.0,-0.0,1.0
2026-05-26T12:49:56.912,66.694,1527,FORWARD,0.082318,0.053609,-0.007177,0.8,0.0,0.0,M,0,0,-0.0,1.0,-0.0,1.0
2026-05-26T12:49:56.963,66.744,1528,FORWARD,0.08944,0.060775,-0.007166,0.8,0.0,0.0,M,0,0,-0.0,1.0,-0.0,1.0
2026-05-26T12:49:57.025,66.806,1529,FORWARD,0.051203,0.058861,0.001915,0.8,0.0,0.0,M,0,0,-0.0,1.0,0.076,1.0
2026-05-26T12:49:57.076,66.858,1530,FORWARD,0.072569,0.061602,-0.002742,0.8,0.0,0.0,M,0,0,-0.0,1.0,0.076,1.0
2026-05-26T12:49:57.125,66.906,1531,FORWARD,0.054919,0.060266,0.001337,0.8,0.0,0.0,M,0,0,-0.0,1.0,0.7307,1.0
2026-05-26T12:49:57.162,66.943,1532,FORWARD,0.059949,0.060202,6.3e-05,0.8,0.0,0.0,M,0,0,-0.0,1.0,0.8874,1.0
2026-05-26T12:49:57.205,66.986,1533,FORWARD,0.081231,0.064408,-0.004206,0.8,0.0,0.0,M,0,0,-0.0,1.0,0.8821,1.0
2026-05-26T12:49:57.251,67.032,1534,FORWARD,0.059334,0.063393,0.001015,0.8,0.0,0.0,M,0,0,-0.0,1.0,0.6488,1.0
2026-05-26T12:49:57.298,67.079,1535,FORWARD,0.07255,0.065225,-0.001831,0.8,0.0,0.0,M,0,0,-0.0,1.0,-0.0,1.0
2026-05-26T12:49:57.339,67.12,1536,FORWARD,0.10008,0.072196,-0.006971,0.8,0.0,0.0,M,0,0,-0.0,1.0,-0.0,1.0
2026-05-26T12:49:57.417,67.198,1537,FORWARD,0.11093,0.079943,-0.007747,0.8,0.0,0.0,M,0,0,-0.0,1.0,-0.0,1.0
2026-05-26T12:49:57.481,67.262,1538,FORWARD,0.121986,0.088351,-0.008409,0.8,0.0,0.0,M,0,0,-0.0,1.0,-0.0,1.0
2026-05-26T12:49:57.528,67.309,1539,FORWARD,0.13275,0.097231,-0.00888,0.8,0.0,0.0,M,0,0,-0.0,1.0,-0.0,1.0
2026-05-26T12:49:57.572,67.354,1540,FORWARD,0.127011,0.103187,-0.005956,0.8,0.0,0.0,M,0,0,-0.0,1.0,-0.0,1.0
2026-05-26T12:49:57.604,67.385,1541,FORWARD,0.108351,0.10422,-0.001033,0.8,0.0,0.0,M,0,0,-0.0,1.0,-0.0,1.0
2026-05-26T12:49:57.627,67.408,1542,FORWARD,0.063394,0.096055,0.008165,0.8,0.0,0.0,M,0,0,-0.0,1.0,-0.0,1.0
2026-05-26T12:49:57.672,67.453,1543,FORWARD,0.104204,0.097684,-0.00163,0.8,0.0,0.0,M,0,0,-0.0,1.0,-0.0,1.0
2026-05-26T12:49:57.707,67.488,1544,FORWARD,0.100217,0.098191,-0.000507,0.8,0.0,0.0,M,0,0,-0.0,1.0,-0.0,1.0
2026-05-26T12:49:57.731,67.513,1545,FORWARD,0.055037,0.08956,0.008631,0.8,0.0,0.0,M,0,0,-0.0,1.0,-0.0,1.0
2026-05-26T12:49:57.775,67.556,1546,FORWARD,0.069573,0.085563,0.003997,0.8,0.0,0.0,M,0,0,-0.0,0.9289,-0.0,0.9289
2026-05-26T12:49:57.819,67.6,1547,FORWARD,0.080141,0.084478,0.001084,0.8,0.0,0.0,M,0,0,-0.0,0.7361,-0.0,0.7361
2026-05-26T12:49:57.854,67.635,1548,STOP,0.051486,0.07788,0.006598,0.8,0.0,0.0,M,0,0,-0.0,0.0,-0.0,0.0
2026-05-26T12:49:57.900,67.682,1549,STOP,0.021409,0.066586,0.011294,0.8,0.0,0.0,M,0,0,-0.0,0.0,-0.0,0.0
2026-05-26T12:49:57.948,67.729,1550,STOP,0.04217,0.061703,0.004883,0.8,0.0,0.0,M,0,0,-0.0,0.0,-0.0,0.0
2026-05-26T12:49:57.984,67.766,1551,STOP,0.05325,0.060012,0.00169,0.8,0.0,0.0,M,0,0,-0.0,0.0,-0.0,0.0
2026-05-26T12:49:58.012,67.793,1552,STOP,0.047158,0.057441,0.002571,0.8,0.0,0.0,M,0,0,-0.0,0.0,-0.0,0.0
2026-05-26T12:49:58.047,67.828,1553,STOP,0.073107,0.060574,-0.003133,0.8,0.0,0.0,M,0,0,-0.0,0.0,-0.0,0.0
2026-05-26T12:49:58.066,67.848,1554,STOP,0.080743,0.064608,-0.004034,0.8,0.0,0.0,M,0,0,-0.0,0.0,-0.0,0.0
2026-05-26T12:49:58.106,67.887,1555,STOP,0.087517,0.06919,-0.004582,0.8,0.0,0.0,M,0,0,-0.0,0.0,-0.0,0.0
2026-05-26T12:49:58.140,67.921,1556,STOP,0.088874,0.073127,-0.003937,0.8,0.0,0.0,M,0,0,-0.0,0.0,-0.0,0.0
2026-05-26T12:49:58.192,67.974,1557,STOP,0.068859,0.072273,0.000854,0.8,0.0,0.0,M,0,0,-0.0,0.0,-0.0,0.0
2026-05-26T12:49:58.233,68.014,1558,STOP,0.11016,0.07985,-0.007577,0.8,0.0,0.0,M,0,0,-0.0,0.0,-0.0,0.0
2026-05-26T12:49:58.288,68.069,1559,STOP,0.118352,0.087551,-0.0077,0.8,0.0,0.0,M,0,0,-0.0,0.0,-0.0,0.0
2026-05-26T12:49:58.318,68.099,1560,STOP,0.121363,0.094313,-0.006762,0.8,0.0,0.0,M,0,0,-0.0,0.0,-0.0,0.0
2026-05-26T12:49:58.344,68.126,1561,STOP,0.110451,0.097541,-0.003228,0.8,0.0,0.0,M,0,0,-0.0,0.0,-0.0,0.0
2026-05-26T12:49:58.392,68.173,1562,STOP,0.083832,0.094799,0.002742,0.8,0.0,0.0,M,0,0,-0.0,0.0,-0.0,0.0
2026-05-26T12:49:58.440,68.221,1563,STOP,0.049501,0.085739,0.00906,0.8,0.0,0.0,M,0,0,-0.0,0.0,-0.0,0.0
2026-05-26T12:49:58.482,68.264,1564,STOP,0.067396,0.082071,0.003669,0.8,0.0,0.0,M,0,0,-0.0,0.0,-0.0,0.0
2026-05-26T12:49:58.512,68.294,1565,STOP,0.062453,0.078147,0.003924,0.8,0.0,0.0,M,0,0,-0.0,0.0,-0.0,0.0
2026-05-26T12:49:58.553,68.334,1566,STOP,0.029882,0.068494,0.009653,0.8,0.0,0.0,M,0,0,-0.0,0.0,-0.0,0.0
2026-05-26T12:49:58.597,68.378,1567,STOP,0.02933,0.060661,0.007833,0.8,0.0,0.0,M,0,0,-0.0,0.0,-0.0,0.0
2026-05-26T12:49:58.640,68.422,1568,STOP,0.018453,0.052219,0.008442,0.8,0.0,0.0,M,0,0,-0.0,0.0,-0.0,0.0
2026-05-26T12:49:58.681,68.462,1569,STOP,0.01659,0.045094,0.007126,0.8,0.0,0.0,L,0,0,-0.0,0.0,-0.0,0.0
2026-05-26T12:49:58.707,68.489,1570,STOP,0.032657,0.042606,0.002487,0.8,0.0,0.0,L,0,0,-0.0,0.0,-0.0,0.0
2026-05-26T12:49:58.761,68.542,1571,STOP,0.023126,0.03871,0.003896,0.8,0.0,0.0,L,0,0,-0.0,0.0,-0.0,0.0
2026-05-26T12:49:58.796,68.578,1572,STOP,0.002437,0.031456,0.007255,0.8,0.0,0.0,L,0,0,-0.0,0.0,-0.0,0.0
2026-05-26T12:49:58.842,68.623,1573,STOP,0.016381,0.028441,0.003015,0.8,0.0,0.0,L,0,0,-0.0,0.0,-0.0,0.0
2026-05-26T12:49:58.882,68.664,1574,STOP,0.018957,0.026544,0.001897,0.8,0.0,0.0,L,0,0,-0.0,0.0,-0.0,0.0
2026-05-26T12:49:58.908,68.69,1575,STOP,0.007264,0.022688,0.003856,0.8,0.0,0.0,L,0,0,-0.0,0.0,-0.0,0.0
2026-05-26T12:49:58.942,68.723,1576,STOP,0.026168,0.023384,-0.000696,0.8,0.0,0.0,L,0,0,-0.0,0.0,-0.0,0.0
2026-05-26T12:49:59.002,68.783,1577,STOP,0.022134,0.023134,0.00025,0.8,0.0,0.0,L,0,0,-0.0,0.0,-0.0,0.0
2026-05-26T12:49:59.032,68.814,1578,STOP,0.011106,0.020728,0.002406,0.8,0.0,0.0,L,0,0,-0.0,0.0,-0.0,0.0
2026-05-26T12:49:59.072,68.853,1579,ROT_R,0.004633,0.017509,0.003219,0.8,0.0,0.0,L,0,0,-0.0,0.0,0.4903,0.4903
2026-05-26T12:49:59.117,68.898,1580,ROT_R,0.013669,0.016741,0.000768,0.8,0.0,0.0,L,0,0,-0.0,0.0,0.914,0.914
2026-05-26T12:49:59.162,68.943,1581,ROT_R,0.006758,0.014745,0.001997,0.8,0.0,0.0,L,0,0,-0.0,0.0,0.9193,0.9193
2026-05-26T12:49:59.202,68.984,1582,ROT_R,0.019114,0.015618,-0.000874,0.8,0.0,0.0,L,0,0,-0.0,0.0,0.9169,0.9169
2026-05-26T12:49:59.238,69.019,1583,ROT_R,0.043986,0.021292,-0.005674,0.8,0.0,0.0,L,0,0,-0.0,0.0,0.574,0.574
2026-05-26T12:49:59.277,69.058,1584,STOP,0.074923,0.032018,-0.010726,0.8,0.0,0.0,L,0,0,-0.0,0.0,-0.0,0.0
2026-05-26T12:49:59.309,69.091,1585,STOP,0.091863,0.043987,-0.011969,0.8,0.0,0.0,L,0,0,-0.0,0.0,-0.0,0.0
2026-05-26T12:49:59.346,69.127,1586,STOP,0.109509,0.057092,-0.013104,0.8,0.0,0.0,M,0,0,-0.0,0.0,-0.0,0.0
2026-05-26T12:49:59.370,69.151,1587,STOP,0.112574,0.068188,-0.011096,0.8,0.0,0.0,M,0,0,-0.0,0.0,-0.0,0.0
2026-05-26T12:49:59.410,69.191,1588,STOP,0.09609,0.073768,-0.00558,0.8,0.0,0.0,M,0,0,-0.0,0.0,-0.0,0.0
2026-05-26T12:49:59.448,69.23,1589,STOP,0.106854,0.080386,-0.006617,0.8,0.0,0.0,M,0,0,-0.0,0.0,-0.0,0.0
2026-05-26T12:49:59.478,69.259,1590,STOP,0.108241,0.085957,-0.005571,0.8,0.0,0.0,M,0,0,-0.0,0.0,-0.0,0.0
2026-05-26T12:49:59.515,69.296,1591,STOP,0.096496,0.088065,-0.002108,0.8,0.0,0.0,M,0,0,-0.0,0.0,-0.0,0.0
2026-05-26T12:49:59.553,69.334,1592,STOP,0.085832,0.087618,0.000447,0.8,0.0,0.0,M,0,0,-0.0,0.0,-0.0,0.0
2026-05-26T12:49:59.588,69.37,1593,STOP,0.064453,0.082985,0.004633,0.8,0.0,0.0,M,0,0,-0.0,0.0,-0.0,0.0
2026-05-26T12:49:59.633,69.414,1594,STOP,0.030318,0.072452,0.010533,0.8,0.0,0.0,M,0,0,-0.0,0.0,-0.0,0.0
2026-05-26T12:49:59.654,69.435,1595,STOP,0.054816,0.068925,0.003527,0.8,0.0,0.0,M,0,0,-0.0,0.0,-0.0,0.0
2026-05-26T12:49:59.697,69.478,1596,STOP,0.076947,0.070529,-0.001604,0.8,0.0,0.0,M,0,0,-0.0,0.0,-0.0,0.0
2026-05-26T12:49:59.755,69.537,1597,STOP,0.069893,0.070402,0.000127,0.8,0.0,0.0,M,0,0,-0.0,0.0,-0.0,0.0
2026-05-26T12:49:59.804,69.586,1598,STOP,0.067282,0.069778,0.000624,0.8,0.0,0.0,M,0,0,-0.0,0.0,-0.0,0.0
2026-05-26T12:49:59.856,69.638,1599,STOP,0.070238,0.06987,-9.2e-05,0.8,0.0,0.0,M,0,0,-0.0,0.0,-0.0,0.0
2026-05-26T12:49:59.889,69.67,1600,STOP,0.020879,0.060072,0.009798,0.8,0.0,0.0,M,0,0,-0.0,0.0,0.1744,0.0
2026-05-26T12:49:59.939,69.72,1601,ROT_R,0.050789,0.058215,0.001857,0.8,0.0,0.0,M,0,0,-0.0,0.0,0.5433,0.5433
2026-05-26T12:49:59.994,69.775,1602,ROT_R,0.052926,0.057157,0.001058,0.8,0.0,0.0,M,0,0,-0.0,0.0,0.8073,0.8073
2026-05-26T12:50:00.040,69.822,1603,ROT_R,0.04194,0.054114,0.003043,0.8,0.0,0.0,M,0,0,-0.0,0.0,0.7655,0.7655
2026-05-26T12:50:00.064,69.845,1604,STOP,0.020279,0.047347,0.006767,0.8,0.0,0.0,L,0,0,-0.0,0.0,0.1367,0.0
2026-05-26T12:50:00.108,69.889,1605,STOP,0.034324,0.044742,0.002605,0.8,0.0,0.0,L,0,0,-0.0,0.0,-0.0,0.0
2026-05-26T12:50:00.149,69.93,1606,STOP,0.0611,0.048014,-0.003271,0.8,0.0,0.0,L,0,0,-0.0,0.0,-0.0,0.0
2026-05-26T12:50:00.206,69.987,1607,STOP,0.083351,0.055081,-0.007067,0.8,0.0,0.0,M,0,0,-0.0,0.0,-0.0,0.0
2026-05-26T12:50:00.248,70.029,1608,STOP,0.083309,0.060727,-0.005646,0.8,0.0,0.0,M,0,0,-0.0,0.0,-0.0,0.0
2026-05-26T12:50:00.286,70.067,1609,STOP,0.095186,0.067619,-0.006892,0.8,0.0,0.0,M,0,0,-0.0,0.0,-0.0,0.0
2026-05-26T12:50:00.352,70.134,1610,STOP,0.079654,0.070026,-0.002407,0.8,0.0,0.0,M,0,0,-0.0,0.0,0.0365,0.0
2026-05-26T12:50:00.386,70.167,1611,STOP,0.065118,0.069044,0.000982,0.8,0.0,0.0,M,0,0,-0.0,0.0,0.2546,0.0
2026-05-26T12:50:00.434,70.215,1612,ROT_R,0.036729,0.062581,0.006463,0.8,0.0,0.0,M,0,0,-0.0,0.0,0.6953,0.6953
2026-05-26T12:50:00.486,70.267,1613,ROT_R,0.04778,0.059621,0.00296,0.8,0.0,0.0,M,0,0,-0.0,0.0,0.6506,0.6506
2026-05-26T12:50:00.530,70.311,1614,STOP,0.02444,0.052585,0.007036,0.8,0.0,0.0,M,0,0,-0.0,0.0,0.1621,0.0
2026-05-26T12:50:00.584,70.365,1615,STOP,0.048565,0.051781,0.000804,0.8,0.0,0.0,M,0,0,-0.0,0.0,-0.0,0.0
2026-05-26T12:50:00.618,70.399,1616,STOP,0.056559,0.052736,-0.000956,0.8,0.0,0.0,M,0,0,-0.0,0.0,-0.0,0.0
2026-05-26T12:50:00.652,70.433,1617,STOP,0.07066,0.056321,-0.003585,0.8,0.0,0.0,M,0,0,-0.0,0.0,-0.0,0.0
2026-05-26T12:50:00.689,70.471,1618,STOP,0.086184,0.062294,-0.005973,0.8,0.0,0.0,M,0,0,-0.0,0.0,-0.0,0.0
2026-05-26T12:50:00.726,70.507,1619,STOP,0.078765,0.065588,-0.003294,0.8,0.0,0.0,M,0,0,-0.0,0.0,-0.0,0.0
2026-05-26T12:50:00.771,70.552,1620,STOP,0.073015,0.067073,-0.001485,0.8,0.0,0.0,M,0,0,-0.0,0.0,-0.0,0.0
2026-05-26T12:50:00.817,70.598,1621,ROT_R,0.084527,0.070564,-0.003491,0.8,0.0,0.0,M,0,0,-0.0,0.0,0.6111,0.6111
2026-05-26T12:50:00.839,70.62,1622,ROT_R,0.070052,0.070462,0.000102,0.8,0.0,0.0,M,0,0,-0.0,0.0,0.6111,0.6111
2026-05-26T12:50:00.894,70.675,1623,ROT_R,0.034671,0.063304,0.007158,0.8,0.0,0.0,M,0,0,-0.0,0.0,0.9039,0.9039
2026-05-26T12:50:00.938,70.72,1624,ROT_R,0.027123,0.056067,0.007236,0.8,0.0,0.0,M,0,0,-0.0,0.0,0.9028,0.9028
2026-05-26T12:50:00.984,70.765,1625,STOP,0.043276,0.053509,0.002558,0.8,0.0,0.0,M,0,0,-0.0,0.0,-0.0,0.0
2026-05-26T12:50:01.040,70.821,1626,STOP,0.047518,0.052311,0.001198,0.8,0.0,0.0,M,0,0,-0.0,0.0,-0.0,0.0
2026-05-26T12:50:01.074,70.855,1627,STOP,0.055662,0.052981,-0.00067,0.8,0.0,0.0,M,0,0,-0.0,0.0,-0.0,0.0
2026-05-26T12:50:01.121,70.902,1628,STOP,0.062617,0.054908,-0.001927,0.8,0.0,0.0,M,0,0,-0.0,0.0,-0.0,0.0
2026-05-26T12:50:01.191,70.972,1629,STOP,0.08052,0.060031,-0.005122,0.8,0.0,0.0,M,0,0,-0.0,0.0,-0.0,0.0
2026-05-26T12:50:01.229,71.01,1630,STOP,0.068816,0.061788,-0.001757,0.8,0.0,0.0,M,0,0,-0.0,0.0,-0.0,0.0
2026-05-26T12:50:01.292,71.073,1631,STOP,0.071327,0.063696,-0.001908,0.8,0.0,0.0,M,0,0,-0.0,0.0,-0.0,0.0
2026-05-26T12:50:01.359,71.14,1632,STOP,0.061751,0.063307,0.000389,0.8,0.0,0.0,M,0,0,-0.0,0.0,0.2381,0.0
2026-05-26T12:50:01.400,71.182,1633,ROT_R,0.061552,0.062956,0.000351,0.8,0.0,0.0,M,0,0,-0.0,0.0,0.8957,0.8957
2026-05-26T12:50:01.436,71.217,1634,ROT_R,0.078376,0.06604,-0.003084,0.8,0.0,0.0,M,0,0,-0.0,0.0,0.901,0.901
2026-05-26T12:50:01.484,71.265,1635,ROT_R,0.052999,0.063432,0.002608,0.8,0.0,0.0,M,0,0,-0.0,0.0,0.8998,0.8998
2026-05-26T12:50:01.543,71.324,1636,STOP,0.04244,0.059233,0.004198,0.8,0.0,0.0,M,0,0,-0.0,0.0,-0.0,0.0
2026-05-26T12:50:01.590,71.371,1637,STOP,0.047628,0.056912,0.002321,0.8,0.0,0.0,M,0,0,-0.0,0.0,-0.0,0.0
2026-05-26T12:50:01.642,71.423,1638,STOP,0.065771,0.058684,-0.001772,0.8,0.0,0.0,M,0,0,-0.0,0.0,-0.0,0.0
2026-05-26T12:50:01.681,71.462,1639,STOP,0.067541,0.060455,-0.001771,0.8,0.0,0.0,M,0,0,-0.0,0.0,-0.0,0.0
2026-05-26T12:50:01.741,71.522,1640,STOP,0.061748,0.060714,-0.000259,0.8,0.0,0.0,M,0,0,-0.0,0.0,-0.0,0.0
2026-05-26T12:50:01.765,71.546,1641,STOP,0.06314,0.061199,-0.000485,0.8,0.0,0.0,M,0,0,-0.0,0.0,-0.0,0.0
2026-05-26T12:50:01.790,71.572,1642,STOP,0.06173,0.061305,-0.000106,0.8,0.0,0.0,M,0,0,-0.0,0.0,-0.0,0.0
2026-05-26T12:50:01.816,71.597,1643,STOP,0.049958,0.059036,0.002269,0.8,0.0,0.0,M,0,0,-0.0,0.0,-0.0,0.0
2026-05-26T12:50:01.864,71.645,1644,STOP,0.036185,0.054466,0.00457,0.8,0.0,0.0,M,0,0,-0.0,0.0,-0.0,0.0
2026-05-26T12:50:01.915,71.696,1645,STOP,0.043275,0.052228,0.002238,0.8,0.0,0.0,M,0,0,-0.0,0.0,-0.0,0.0
2026-05-26T12:50:01.990,71.771,1646,STOP,0.023556,0.046493,0.005734,0.8,0.0,0.0,L,0,0,-0.0,0.0,-0.0,0.0
2026-05-26T12:50:02.037,71.819,1647,STOP,0.045808,0.046356,0.000137,0.8,0.0,0.0,L,0,0,-0.0,0.0,-0.0,0.0
2026-05-26T12:50:02.089,71.87,1648,STOP,0.04308,0.045701,0.000655,0.8,0.0,0.0,L,0,0,-0.0,0.0,-0.0,0.0
2026-05-26T12:50:02.129,71.911,1649,STOP,0.033007,0.043162,0.002539,0.8,0.0,0.0,L,0,0,-0.0,0.0,-0.0,0.0
2026-05-26T12:50:02.194,71.975,1650,STOP,0.032274,0.040984,0.002178,0.8,0.0,0.0,L,0,0,-0.0,0.0,-0.0,0.0
2026-05-26T12:50:02.234,72.015,1651,STOP,0.045706,0.041929,-0.000944,0.8,0.0,0.0,L,0,0,-0.0,0.0,-0.0,0.0
2026-05-26T12:50:02.262,72.043,1652,STOP,0.039285,0.0414,0.000529,0.8,0.0,0.0,L,0,0,-0.0,0.0,-0.0,0.0
2026-05-26T12:50:02.332,72.113,1653,STOP,0.008975,0.034915,0.006485,0.8,0.0,0.0,L,0,0,-0.0,0.0,0.0607,0.0
2026-05-26T12:50:02.379,72.161,1654,ROT_R,0.031996,0.034331,0.000584,0.8,0.0,0.0,L,0,0,-0.0,0.0,0.5027,0.5027
2026-05-26T12:50:02.400,72.181,1655,ROT_R,0.033636,0.034192,0.000139,0.8,0.0,0.0,L,0,0,-0.0,0.0,0.749,0.749
2026-05-26T12:50:02.435,72.217,1656,ROT_R,0.030969,0.033547,0.000645,0.8,0.0,0.0,L,0,0,-0.0,0.0,0.8751,0.8751
2026-05-26T12:50:02.486,72.267,1657,ROT_R,0.021141,0.031066,0.002481,0.8,0.0,0.0,L,0,0,-0.0,0.0,0.8798,0.8798
2026-05-26T12:50:02.535,72.316,1658,ROT_R,0.029163,0.030685,0.000381,0.8,0.0,0.0,L,0,0,-0.0,0.0,0.8821,0.8821
2026-05-26T12:50:02.602,72.383,1659,ROT_R,0.078476,0.040244,-0.009558,0.8,0.0,0.0,L,0,0,-0.0,0.0,0.8939,0.8939
2026-05-26T12:50:02.649,72.431,1660,ROT_R,0.098633,0.051921,-0.011678,0.8,0.0,0.0,M,0,0,-0.0,0.0,0.8975,0.8975
2026-05-26T12:50:02.679,72.46,1661,ROT_R,0.086697,0.058877,-0.006955,0.8,0.0,0.0,M,0,0,-0.0,0.0,0.8986,0.8986
2026-05-26T12:50:02.744,72.525,1662,ROT_R,0.100983,0.067298,-0.008421,0.8,0.0,0.0,M,0,0,-0.0,0.0,0.9004,0.9004
2026-05-26T12:50:02.789,72.571,1663,ROT_R,0.108903,0.075619,-0.008321,0.8,0.0,0.0,M,0,0,-0.0,0.0,0.9016,0.9016
2026-05-26T12:50:02.840,72.621,1664,ROT_R,0.105617,0.081618,-0.006,0.8,0.0,0.0,M,0,0,-0.0,0.0,0.9034,0.9034
2026-05-26T12:50:02.879,72.661,1665,ROT_R,0.098475,0.08499,-0.003371,0.8,0.0,0.0,M,0,0,-0.0,0.0,0.9039,0.9039
2026-05-26T12:50:02.913,72.694,1666,ROT_R,0.088477,0.085687,-0.000697,0.8,0.0,0.0,M,0,0,-0.0,0.0,0.9039,0.9039
2026-05-26T12:50:02.957,72.739,1667,ROT_R,0.101391,0.088828,-0.003141,0.8,0.0,0.0,M,0,0,-0.0,0.0,0.9045,0.9045
2026-05-26T12:50:02.985,72.766,1668,ROT_R,0.083587,0.08778,0.001048,0.8,0.0,0.0,M,0,0,-0.0,0.0,0.9045,0.9045
2026-05-26T12:50:03.054,72.835,1669,ROT_R,0.082916,0.086807,0.000973,0.8,0.0,0.0,M,0,0,-0.0,0.0,0.9039,0.9039
2026-05-26T12:50:03.098,72.879,1670,ROT_R,0.094729,0.088391,-0.001584,0.8,0.0,0.0,M,0,0,-0.0,0.0,0.9045,0.9045
2026-05-26T12:50:03.136,72.917,1671,ROT_R,0.089111,0.088535,-0.000144,0.8,0.0,0.0,M,0,0,-0.0,0.0,0.9045,0.9045
2026-05-26T12:50:03.180,72.961,1672,ROT_R,0.084596,0.087747,0.000788,0.8,0.0,0.0,M,0,0,-0.0,0.0,0.9045,0.9045
2026-05-26T12:50:03.232,73.013,1673,ROT_R,0.096247,0.089447,-0.0017,0.8,0.0,0.0,M,0,0,-0.0,0.0,0.9045,0.9045
2026-05-26T12:50:03.265,73.046,1674,ROT_R,0.088233,0.089204,0.000243,0.8,0.0,0.0,M,0,0,-0.0,0.0,0.9045,0.9045
2026-05-26T12:50:03.325,73.106,1675,ROT_R,0.083761,0.088116,0.001089,0.8,0.0,0.0,M,0,0,-0.0,0.0,0.9045,0.9045
2026-05-26T12:50:03.373,73.154,1676,ROT_R,0.085469,0.087586,0.000529,0.8,0.0,0.0,M,0,0,-0.0,0.0,0.9045,0.9045
2026-05-26T12:50:03.394,73.175,1677,ROT_R,0.090354,0.08814,-0.000554,0.8,0.0,0.0,M,0,0,-0.0,0.0,0.9045,0.9045
2026-05-26T12:50:03.440,73.221,1678,ROT_R,0.083718,0.087256,0.000884,0.8,0.0,0.0,M,0,0,-0.0,0.0,0.9045,0.9045
2026-05-26T12:50:03.519,73.3,1679,ROT_R,0.091401,0.088085,-0.000829,0.8,0.0,0.0,M,0,0,-0.0,0.0,0.9039,0.9039
2026-05-26T12:50:03.579,73.36,1680,ROT_R,0.087466,0.087961,0.000124,0.8,0.0,0.0,M,0,0,-0.0,0.0,0.9051,0.9051
2026-05-26T12:50:03.638,73.419,1681,ROT_R,0.095536,0.089476,-0.001515,0.8,0.0,0.0,M,0,0,-0.0,0.0,0.9045,0.9045
2026-05-26T12:50:03.682,73.463,1682,ROT_R,0.098388,0.091258,-0.001782,0.8,0.0,0.0,M,0,0,-0.0,0.0,0.9045,0.9045
2026-05-26T12:50:03.717,73.498,1683,ROT_R,0.099955,0.092998,-0.001739,0.8,0.0,0.0,M,0,0,-0.0,0.0,0.9039,0.9039
2026-05-26T12:50:03.755,73.537,1684,ROT_R,0.095421,0.093482,-0.000485,0.8,0.0,0.0,M,0,0,-0.0,0.0,0.7142,0.7142
2026-05-26T12:50:03.786,73.567,1685,STOP,0.092332,0.093252,0.00023,0.8,0.0,0.0,M,0,0,-0.0,0.0,0.1862,0.0
2026-05-26T12:50:03.862,73.643,1686,STOP,0.093026,0.093207,4.5e-05,0.8,0.0,0.0,M,0,0,-0.0,0.0,-0.0,0.0
2026-05-26T12:50:03.909,73.69,1687,STOP,0.095304,0.093626,-0.000419,0.8,0.0,0.0,M,0,0,-0.0,0.0,-0.0,0.0
2026-05-26T12:50:03.941,73.722,1688,STOP,0.094998,0.093901,-0.000274,0.8,0.0,0.0,M,0,0,-0.0,0.0,-0.0,0.0
2026-05-26T12:50:04.010,73.791,1689,STOP,0.087619,0.092644,0.001256,0.8,0.0,0.0,M,0,0,-0.0,0.0,-0.0,0.0
2026-05-26T12:50:04.084,73.865,1690,STOP,0.096867,0.093489,-0.000845,0.8,0.0,0.0,M,0,0,-0.0,0.0,-0.0,0.0
2026-05-26T12:50:04.134,73.915,1691,STOP,0.084417,0.091675,0.001814,0.8,0.0,0.0,M,0,0,-0.0,0.0,-0.0,0.0
2026-05-26T12:50:04.188,73.969,1692,STOP,0.065271,0.086394,0.005281,0.8,0.0,0.0,M,0,0,-0.0,0.0,-0.0,0.0
2026-05-26T12:50:04.260,74.041,1693,STOP,0.053933,0.079902,0.006492,0.8,0.0,0.0,M,0,0,-0.0,0.0,-0.0,0.0
2026-05-26T12:50:04.291,74.072,1694,STOP,0.062513,0.076424,0.003478,0.8,0.0,0.0,M,0,0,-0.0,0.0,-0.0,0.0
2026-05-26T12:50:04.336,74.117,1695,STOP,0.039989,0.069137,0.007287,0.8,0.0,0.0,M,0,0,-0.0,0.0,-0.0,0.0
2026-05-26T12:50:04.365,74.146,1696,STOP,0.046381,0.064586,0.004551,0.8,0.0,0.0,M,0,0,-0.0,0.0,-0.0,0.0
2026-05-26T12:50:04.406,74.187,1697,STOP,0.029048,0.057478,0.007108,0.8,0.0,0.0,M,0,0,-0.0,0.0,-0.0,0.0
2026-05-26T12:50:04.461,74.243,1698,STOP,0.027282,0.051439,0.006039,0.8,0.0,0.0,M,0,0,-0.0,0.0,-0.0,0.0
2026-05-26T12:50:04.505,74.286,1699,STOP,0.029788,0.047109,0.00433,0.8,0.0,0.0,L,0,0,-0.0,0.0,-0.0,0.0
2026-05-26T12:50:04.574,74.355,1700,STOP,0.023515,0.04239,0.004719,0.8,0.0,0.0,L,0,0,-0.0,0.0,-0.0,0.0
2026-05-26T12:50:04.612,74.394,1701,STOP,0.015427,0.036998,0.005393,0.8,0.0,0.0,L,0,0,-0.0,0.0,-0.0,0.0
2026-05-26T12:50:04.662,74.443,1702,STOP,0.019822,0.033563,0.003435,0.8,0.0,0.0,L,0,0,-0.0,0.0,-0.0,0.0
2026-05-26T12:50:04.720,74.501,1703,STOP,0.015737,0.029998,0.003565,0.8,0.0,0.0,L,0,0,-0.0,0.0,-0.0,0.0
2026-05-26T12:50:04.756,74.538,1704,STOP,0.015153,0.027029,0.002969,0.8,0.0,0.0,L,0,0,-0.0,0.0,-0.0,0.0
2026-05-26T12:50:04.790,74.571,1705,STOP,0.014311,0.024485,0.002543,0.8,0.0,0.0,L,0,0,-0.0,0.0,-0.0,0.0
2026-05-26T12:50:04.842,74.623,1706,STOP,0.014996,0.022587,0.001898,0.8,0.0,0.0,L,0,0,-0.0,0.0,-0.0,0.0
2026-05-26T12:50:04.882,74.663,1707,STOP,0.002603,0.01859,0.003997,0.8,0.0,0.0,L,0,0,-0.0,0.0,-0.0,0.0
2026-05-26T12:50:04.928,74.709,1708,STOP,0.006859,0.016244,0.002346,0.8,0.0,0.0,L,0,0,-0.0,0.0,-0.0,0.0
2026-05-26T12:50:04.977,74.758,1709,STOP,0.00283,0.013561,0.002683,0.8,0.0,0.0,L,0,0,-0.0,0.0,-0.0,0.0
2026-05-26T12:50:05.011,74.792,1710,STOP,0.003969,0.011643,0.001918,0.8,0.0,0.0,L,0,0,-0.0,0.0,-0.0,0.0
2026-05-26T12:50:05.060,74.841,1711,STOP,0.003571,0.010028,0.001614,0.8,0.0,0.0,L,0,0,-0.0,0.0,-0.0,0.0
2026-05-26T12:50:05.111,74.892,1712,STOP,0.002048,0.008432,0.001596,0.8,0.0,0.0,L,0,0,-0.0,0.0,-0.0,0.0
2026-05-26T12:50:05.163,74.944,1713,STOP,0.00474,0.007694,0.000738,0.8,0.0,0.0,L,0,0,-0.0,0.0,-0.0,0.0
2026-05-26T12:50:05.222,75.003,1714,STOP,0.002815,0.006718,0.000976,0.8,0.0,0.0,L,0,0,-0.0,0.0,-0.0,0.0
2026-05-26T12:50:05.255,75.036,1715,STOP,0.002566,0.005888,0.00083,0.8,0.0,0.0,L,0,0,-0.0,0.0,0.1049,0.0
2026-05-26T12:50:05.310,75.091,1716,ROT_R,0.001982,0.005107,0.000781,0.8,0.0,0.0,L,0,0,-0.0,0.0,0.8928,0.8928
2026-05-26T12:50:05.363,75.145,1717,ROT_R,0.002229,0.004531,0.000576,0.8,0.0,0.0,L,0,0,-0.0,0.0,0.9116,0.9116
2026-05-26T12:50:05.398,75.179,1718,ROT_R,0.005028,0.00463,-9.9e-05,0.8,0.0,0.0,L,0,0,-0.0,0.0,0.7867,0.7867
2026-05-26T12:50:05.432,75.213,1719,ROT_R,0.003876,0.004479,0.000151,0.8,0.0,0.0,L,0,0,-0.0,0.0,0.7867,0.7867
2026-05-26T12:50:05.485,75.267,1720,STOP,0.00805,0.005194,-0.000714,0.8,0.0,0.0,L,0,0,-0.0,0.0,-0.0,0.0
2026-05-26T12:50:05.520,75.301,1721,STOP,0.016485,0.007452,-0.002258,0.8,0.0,0.0,L,0,0,-0.0,0.0,-0.0,0.0
2026-05-26T12:50:05.547,75.328,1722,STOP,0.031376,0.012237,-0.004785,0.8,0.0,0.0,L,0,0,-0.0,0.0,-0.0,0.0
2026-05-26T12:50:05.584,75.365,1723,STOP,0.06483,0.022755,-0.010519,0.8,0.0,0.0,L,0,0,-0.0,0.0,-0.0,0.0
2026-05-26T12:50:05.619,75.4,1724,STOP,0.069886,0.032182,-0.009426,0.8,0.0,0.0,L,0,0,-0.0,0.0,-0.0,0.0
2026-05-26T12:50:05.671,75.453,1725,STOP,0.072518,0.040249,-0.008067,0.8,0.0,0.0,L,0,0,-0.0,0.0,-0.0,0.0
2026-05-26T12:50:05.737,75.518,1726,STOP,0.076098,0.047419,-0.00717,0.8,0.0,0.0,L,0,0,-0.0,0.0,0.0336,0.0
2026-05-26T12:50:05.787,75.568,1727,STOP,0.061831,0.050301,-0.002882,0.8,0.0,0.0,M,0,0,-0.0,0.0,0.2976,0.0
2026-05-26T12:50:05.836,75.617,1728,ROT_R,0.022895,0.04482,0.005481,0.8,0.0,0.0,L,0,0,-0.0,0.0,0.5321,0.5321
2026-05-26T12:50:05.902,75.683,1729,ROT_R,0.022183,0.040292,0.004527,0.8,0.0,0.0,L,0,0,-0.0,0.0,0.551,0.551
2026-05-26T12:50:05.951,75.732,1730,ROT_R,0.017209,0.035676,0.004617,0.8,0.0,0.0,L,0,0,-0.0,0.0,0.4814,0.4814
2026-05-26T12:50:05.993,75.774,1731,STOP,0.024381,0.033417,0.002259,0.8,0.0,0.0,L,0,0,-0.0,0.0,0.0589,0.0
2026-05-26T12:50:06.038,75.819,1732,STOP,0.030129,0.032759,0.000658,0.8,0.0,0.0,L,0,0,-0.0,0.0,-0.0,0.0
2026-05-26T12:50:06.088,75.869,1733,STOP,0.049474,0.036102,-0.003343,0.8,0.0,0.0,L,0,0,-0.0,0.0,-0.0,0.0
2026-05-26T12:50:06.122,75.903,1734,STOP,0.05753,0.040388,-0.004286,0.8,0.0,0.0,L,0,0,-0.0,0.0,-0.0,0.0
2026-05-26T12:50:06.155,75.937,1735,STOP,0.055286,0.043368,-0.00298,0.8,0.0,0.0,L,0,0,-0.0,0.0,-0.0,0.0
2026-05-26T12:50:06.211,75.992,1736,STOP,0.05996,0.046686,-0.003318,0.8,0.0,0.0,L,0,0,-0.0,0.0,-0.0,0.0
2026-05-26T12:50:06.267,76.048,1737,STOP,0.051065,0.047562,-0.000876,0.8,0.0,0.0,L,0,0,-0.0,0.0,-0.0,0.0
2026-05-26T12:50:06.310,76.091,1738,STOP,0.02247,0.042543,0.005018,0.8,0.0,0.0,L,0,0,-0.0,0.0,-0.0,0.0
2026-05-26T12:50:06.349,76.13,1739,STOP,0.022651,0.038565,0.003978,0.8,0.0,0.0,L,0,0,-0.0,0.0,-0.0,0.0
2026-05-26T12:50:06.393,76.174,1740,STOP,0.028463,0.036545,0.00202,0.8,0.0,0.0,L,0,0,-0.0,0.0,-0.0,0.0
2026-05-26T12:50:06.443,76.225,1741,ROT_R,0.025083,0.034252,0.002292,0.8,0.0,0.0,L,0,0,-0.0,0.0,0.4685,0.4685
2026-05-26T12:50:06.482,76.263,1742,ROT_R,0.010502,0.029502,0.00475,0.8,0.0,0.0,L,0,0,-0.0,0.0,0.7549,0.7549
2026-05-26T12:50:06.535,76.316,1743,ROT_R,0.019239,0.02745,0.002053,0.8,0.0,0.0,L,0,0,-0.0,0.0,0.8503,0.8503
2026-05-26T12:50:06.576,76.357,1744,ROT_R,0.015284,0.025016,0.002433,0.8,0.0,0.0,L,0,0,-0.0,0.0,0.6022,0.6022
2026-05-26T12:50:06.607,76.389,1745,ROT_R,0.015998,0.023213,0.001804,0.8,0.0,0.0,L,0,0,-0.0,0.0,0.6022,0.6022
2026-05-26T12:50:06.639,76.42,1746,STOP,0.020809,0.022732,0.000481,0.8,0.0,0.0,L,0,0,-0.0,0.0,0.1137,0.0
2026-05-26T12:50:06.691,76.473,1747,STOP,0.027655,0.023717,-0.000985,0.8,0.0,0.0,L,0,0,-0.0,0.0,-0.0,0.0
2026-05-26T12:50:06.729,76.51,1748,STOP,0.040368,0.027047,-0.00333,0.8,0.0,0.0,L,0,0,-0.0,0.0,-0.0,0.0
2026-05-26T12:50:06.790,76.571,1749,STOP,0.057076,0.033053,-0.006006,0.8,0.0,0.0,L,0,0,-0.0,0.0,-0.0,0.0
2026-05-26T12:50:06.877,76.658,1750,STOP,0.061323,0.038707,-0.005654,0.8,0.0,0.0,L,0,0,-0.0,0.0,-0.0,0.0
2026-05-26T12:50:06.948,76.729,1751,STOP,0.05925,0.042815,-0.004109,0.8,0.0,0.0,L,0,0,-0.0,0.0,-0.0,0.0
2026-05-26T12:50:06.993,76.775,1752,STOP,0.059979,0.046248,-0.003433,0.8,0.0,0.0,L,0,0,-0.0,0.0,-0.0,0.0
2026-05-26T12:50:07.038,76.819,1753,STOP,0.054788,0.047956,-0.001708,0.8,0.0,0.0,L,0,0,-0.0,0.0,-0.0,0.0
2026-05-26T12:50:07.075,76.856,1754,STOP,0.031381,0.044641,0.003315,0.8,0.0,0.0,L,0,0,-0.0,0.0,-0.0,0.0
2026-05-26T12:50:07.107,76.888,1755,STOP,0.029879,0.041689,0.002952,0.8,0.0,0.0,L,0,0,-0.0,0.0,-0.0,0.0
2026-05-26T12:50:07.151,76.933,1756,STOP,0.039299,0.041211,0.000478,0.8,0.0,0.0,L,0,0,-0.0,0.0,-0.0,0.0
2026-05-26T12:50:07.176,76.957,1757,STOP,0.033397,0.039648,0.001563,0.8,0.0,0.0,L,0,0,-0.0,0.0,-0.0,0.0
2026-05-26T12:50:07.232,77.014,1758,STOP,0.026389,0.036996,0.002652,0.8,0.0,0.0,L,0,0,-0.0,0.0,-0.0,0.0
2026-05-26T12:50:07.281,77.063,1759,STOP,0.020984,0.033794,0.003202,0.8,0.0,0.0,L,0,0,-0.0,0.0,-0.0,0.0
2026-05-26T12:50:07.306,77.087,1760,STOP,0.022966,0.031628,0.002165,0.8,0.0,0.0,L,0,0,-0.0,0.0,-0.0,0.0
2026-05-26T12:50:07.343,77.125,1761,STOP,0.027248,0.030752,0.000876,0.8,0.0,0.0,L,0,0,-0.0,0.0,-0.0,0.0
2026-05-26T12:50:07.389,77.17,1762,STOP,0.026901,0.029982,0.00077,0.8,0.0,0.0,L,0,0,-0.0,0.0,-0.0,0.0
2026-05-26T12:50:07.421,77.203,1763,STOP,0.01822,0.02763,0.002352,0.8,0.0,0.0,L,0,0,-0.0,0.0,-0.0,0.0
2026-05-26T12:50:07.455,77.236,1764,STOP,0.004372,0.022978,0.004651,0.8,0.0,0.0,L,0,0,-0.0,0.0,-0.0,0.0
2026-05-26T12:50:07.535,77.316,1765,STOP,0.012205,0.020824,0.002155,0.8,0.0,0.0,L,0,0,-0.0,0.0,-0.0,0.0
2026-05-26T12:50:07.609,77.39,1766,STOP,0.015183,0.019695,0.001128,0.8,0.0,0.0,L,0,0,-0.0,0.0,-0.0,0.0
2026-05-26T12:50:07.671,77.452,1767,STOP,0.013704,0.018497,0.001198,0.8,0.0,0.0,L,0,0,-0.0,0.0,-0.0,0.0
2026-05-26T12:50:07.724,77.506,1768,STOP,0.010011,0.0168,0.001697,0.8,0.0,0.0,L,0,0,-0.0,0.0,-0.0,0.0
2026-05-26T12:50:07.765,77.546,1769,STOP,0.007006,0.014841,0.001959,0.8,0.0,0.0,L,0,0,-0.0,0.0,-0.0,0.0
2026-05-26T12:50:07.803,77.585,1770,STOP,0.008712,0.013615,0.001226,0.8,0.0,0.0,L,0,0,-0.0,0.0,-0.0,0.0
2026-05-26T12:50:07.841,77.622,1771,STOP,0.013156,0.013523,9.2e-05,0.8,0.0,0.0,L,0,0,-0.0,0.0,-0.0,0.0
2026-05-26T12:50:07.879,77.661,1772,STOP,0.012249,0.013268,0.000255,0.8,0.0,0.0,L,0,0,-0.0,0.0,-0.0,0.0
2026-05-26T12:50:07.912,77.693,1773,STOP,0.010823,0.012779,0.000489,0.8,0.0,0.0,L,0,0,-0.0,0.0,-0.0,0.0
2026-05-26T12:50:07.962,77.743,1774,STOP,0.005612,0.011346,0.001434,0.8,0.0,0.0,L,0,0,-0.0,0.0,-0.0,0.0
2026-05-26T12:50:08.007,77.788,1775,STOP,0.00669,0.010415,0.000931,0.8,0.0,0.0,L,0,0,-0.0,0.0,-0.0,0.0
2026-05-26T12:50:08.029,77.811,1776,STOP,0.006434,0.009619,0.000796,0.8,0.0,0.0,L,0,0,-0.0,0.0,-0.0,0.0
2026-05-26T12:50:08.068,77.849,1777,STOP,0.002468,0.008188,0.00143,0.8,0.0,0.0,L,0,0,-0.0,0.0,-0.0,0.0
2026-05-26T12:50:08.107,77.888,1778,STOP,0.006948,0.00794,0.000248,0.8,0.0,0.0,L,0,0,-0.0,0.0,-0.0,0.0
2026-05-26T12:50:08.157,77.938,1779,STOP,0.005933,0.007539,0.000401,0.8,0.0,0.0,L,0,0,-0.0,0.0,-0.0,0.0
2026-05-26T12:50:08.182,77.964,1780,STOP,0.005383,0.007108,0.000431,0.8,0.0,0.0,L,0,0,-0.0,0.0,-0.0,0.0
2026-05-26T12:50:08.229,78.01,1781,STOP,0.005226,0.006731,0.000376,0.8,0.0,0.0,L,0,0,-0.0,0.0,-0.0,0.0
2026-05-26T12:50:08.275,78.057,1782,STOP,0.005381,0.006461,0.00027,0.8,0.0,0.0,L,0,0,-0.0,0.0,-0.0,0.0
2026-05-26T12:50:08.306,78.087,1783,STOP,0.00518,0.006205,0.000256,0.8,0.0,0.0,L,0,0,-0.0,0.0,-0.0,0.0
2026-05-26T12:50:08.375,78.156,1784,STOP,0.006279,0.00622,-1.5e-05,0.8,0.0,0.0,L,0,0,-0.0,0.0,-0.0,0.0
2026-05-26T12:50:08.412,78.193,1785,STOP,0.002709,0.005518,0.000702,0.8,0.0,0.0,L,0,0,-0.0,0.0,-0.0,0.0
2026-05-26T12:50:08.448,78.229,1786,STOP,0.003647,0.005144,0.000374,0.8,0.0,0.0,L,0,0,-0.0,0.0,-0.0,0.0
2026-05-26T12:50:08.483,78.264,1787,STOP,0.004698,0.005054,8.9e-05,0.8,0.0,0.0,L,0,0,-0.0,0.0,-0.0,0.0
2026-05-26T12:50:08.511,78.292,1788,STOP,0.004182,0.00488,0.000174,0.8,0.0,0.0,L,0,0,-0.0,0.0,-0.0,0.0
2026-05-26T12:50:08.547,78.328,1789,STOP,0.002371,0.004378,0.000502,0.8,0.0,0.0,L,0,0,-0.0,0.0,-0.0,0.0
2026-05-26T12:50:08.575,78.356,1790,STOP,0.007922,0.005087,-0.000709,0.8,0.0,0.0,L,0,0,-0.0,0.0,-0.0,0.0
2026-05-26T12:50:08.635,78.416,1791,STOP,0.006827,0.005435,-0.000348,0.8,0.0,0.0,L,0,0,-0.0,0.0,-0.0,0.0
2026-05-26T12:50:08.664,78.445,1792,STOP,0.002198,0.004788,0.000647,0.8,0.0,0.0,L,0,0,-0.0,0.0,-0.0,0.0
2026-05-26T12:50:08.701,78.482,1793,STOP,0.003775,0.004585,0.000203,0.8,0.0,0.0,L,0,0,-0.0,0.0,-0.0,0.0
2026-05-26T12:50:08.749,78.53,1794,STOP,0.005026,0.004673,-8.8e-05,0.8,0.0,0.0,L,0,0,-0.0,0.0,-0.0,0.0
2026-05-26T12:50:08.781,78.562,1795,STOP,0.004515,0.004642,3.2e-05,0.8,0.0,0.0,L,0,0,-0.0,0.0,-0.0,0.0
2026-05-26T12:50:08.825,78.606,1796,STOP,0.002971,0.004307,0.000334,0.8,0.0,0.0,L,0,0,-0.0,0.0,-0.0,0.0
2026-05-26T12:50:08.856,78.637,1797,STOP,0.001268,0.003699,0.000608,0.8,0.0,0.0,L,0,0,-0.0,0.0,-0.0,0.0
2026-05-26T12:50:08.893,78.674,1798,STOP,0.002224,0.003404,0.000295,0.8,0.0,0.0,L,0,0,-0.0,0.0,-0.0,0.0
2026-05-26T12:50:08.914,78.695,1799,STOP,0.002053,0.003134,0.00027,0.8,0.0,0.0,L,0,0,-0.0,0.0,-0.0,0.0
2026-05-26T12:50:08.953,78.735,1800,STOP,0.001481,0.002803,0.000331,0.8,0.0,0.0,L,0,0,-0.0,0.0,-0.0,0.0
2026-05-26T12:50:09.010,78.791,1801,STOP,0.001125,0.002468,0.000336,0.8,0.0,0.0,L,0,0,-0.0,0.0,-0.0,0.0
2026-05-26T12:50:09.043,78.824,1802,STOP,0.001708,0.002316,0.000152,0.8,0.0,0.0,L,0,0,-0.0,0.0,-0.0,0.0
2026-05-26T12:50:09.083,78.864,1803,STOP,0.002397,0.002332,-1.6e-05,0.8,0.0,0.0,L,0,0,-0.0,0.0,-0.0,0.0
2026-05-26T12:50:09.123,78.904,1804,STOP,0.002387,0.002343,-1.1e-05,0.8,0.0,0.0,L,0,0,-0.0,0.0,-0.0,0.0
2026-05-26T12:50:09.160,78.941,1805,STOP,0.003369,0.002548,-0.000205,0.8,0.0,0.0,L,0,0,-0.0,0.2614,-0.0,0.0
2026-05-26T12:50:09.193,78.975,1806,FORWARD,0.003135,0.002666,-0.000117,0.8,0.0,0.0,L,0,0,-0.0,0.89,-0.0,0.89
2026-05-26T12:50:09.232,79.013,1807,FORWARD,0.002071,0.002547,0.000119,0.8,0.0,0.0,L,0,0,-0.0,0.89,-0.0,0.89
2026-05-26T12:50:09.281,79.063,1808,FORWARD,0.001854,0.002408,0.000139,0.8,0.0,0.0,L,0,0,-0.0,0.9592,-0.0,0.9592
2026-05-26T12:50:09.313,79.094,1809,FORWARD,0.004154,0.002757,-0.000349,0.8,0.0,0.0,L,0,0,-0.0,0.9635,-0.0,0.9635
2026-05-26T12:50:09.359,79.14,1810,FORWARD,0.025854,0.007377,-0.004619,0.8,0.0,0.0,L,0,0,-0.0,0.9697,-0.0,0.9697
2026-05-26T12:50:09.419,79.2,1811,FORWARD,0.04158,0.014217,-0.006841,0.8,0.0,0.0,L,0,0,-0.0,0.9697,-0.0,0.9697
2026-05-26T12:50:09.459,79.24,1812,FORWARD,0.047254,0.020825,-0.006607,0.8,0.0,0.0,L,0,0,-0.0,0.9722,-0.0,0.9722
2026-05-26T12:50:09.497,79.278,1813,FORWARD,0.048676,0.026395,-0.00557,0.8,0.0,0.0,L,0,0,-0.0,0.9722,-0.0,0.9722
2026-05-26T12:50:09.547,79.328,1814,FORWARD,0.040634,0.029243,-0.002848,0.8,0.0,0.0,L,0,0,-0.0,0.9716,-0.0,0.9716
2026-05-26T12:50:09.587,79.368,1815,FORWARD,0.037748,0.030944,-0.001701,0.8,0.0,0.0,L,0,0,-0.0,0.971,-0.0,0.971
2026-05-26T12:50:09.631,79.412,1816,FORWARD,0.06216,0.037187,-0.006243,0.8,0.0,0.0,L,0,0,-0.0,0.971,-0.0,0.971
2026-05-26T12:50:09.649,79.43,1817,FORWARD,0.069497,0.043649,-0.006462,0.8,0.0,0.0,L,0,0,-0.0,0.971,-0.0,0.971
2026-05-26T12:50:09.689,79.471,1818,FORWARD,0.068031,0.048525,-0.004876,0.8,0.0,0.0,L,0,0,-0.0,0.9716,-0.0,0.9716
2026-05-26T12:50:09.731,79.512,1819,FORWARD,0.057992,0.050419,-0.001893,0.8,0.0,0.0,M,0,0,-0.0,0.9703,0.1232,0.9703
2026-05-26T12:50:09.781,79.562,1820,FORWARD,0.026653,0.045666,0.004753,0.8,0.0,0.0,L,0,0,-0.0,0.9716,0.8297,0.9716
2026-05-26T12:50:09.836,79.617,1821,FORWARD,0.026308,0.041794,0.003871,0.8,0.0,0.0,L,0,0,-0.0,0.971,0.9045,0.971
2026-05-26T12:50:09.878,79.659,1822,FORWARD,0.026187,0.038673,0.003121,0.8,0.0,0.0,L,0,0,-0.0,0.9703,0.8745,0.9703
2026-05-26T12:50:09.915,79.696,1823,FORWARD,0.021115,0.035161,0.003511,0.8,0.0,0.0,L,0,0,-0.0,0.9716,0.3276,0.9716
2026-05-26T12:50:09.953,79.734,1824,FORWARD,0.022775,0.032684,0.002477,0.8,0.0,0.0,L,0,0,-0.0,0.971,-0.0,0.971
2026-05-26T12:50:09.993,79.774,1825,FORWARD,0.023706,0.030888,0.001796,0.8,0.0,0.0,L,0,0,-0.0,0.971,-0.0,0.971
2026-05-26T12:50:10.047,79.828,1826,FORWARD,0.033313,0.031373,-0.000485,0.8,0.0,0.0,L,0,0,-0.0,0.971,-0.0,0.971
2026-05-26T12:50:10.089,79.87,1827,FORWARD,0.06323,0.037745,-0.006371,0.8,0.0,0.0,L,0,0,-0.0,0.971,-0.0,0.971
2026-05-26T12:50:10.117,79.898,1828,FORWARD,0.071975,0.044591,-0.006846,0.8,0.0,0.0,L,0,0,-0.0,0.971,-0.0,0.971
2026-05-26T12:50:10.173,79.954,1829,FORWARD,0.072123,0.050097,-0.005506,0.8,0.0,0.0,M,0,0,-0.0,0.971,-0.0,0.971
2026-05-26T12:50:10.221,80.002,1830,FORWARD,0.068505,0.053779,-0.003682,0.8,0.0,0.0,M,0,0,-0.0,0.971,-0.0,0.971
2026-05-26T12:50:10.255,80.036,1831,FORWARD,0.074054,0.057834,-0.004055,0.8,0.0,0.0,M,0,0,-0.0,0.971,-0.0,0.971
2026-05-26T12:50:10.298,80.079,1832,FORWARD,0.071398,0.060546,-0.002713,0.8,0.0,0.0,M,0,0,-0.0,0.971,-0.0,0.971
2026-05-26T12:50:10.361,80.142,1833,FORWARD,0.040638,0.056565,0.003982,0.8,0.0,0.0,M,0,0,-0.0,0.971,-0.0,0.971
2026-05-26T12:50:10.417,80.198,1834,FORWARD,0.0315,0.051552,0.005013,0.8,0.0,0.0,M,0,0,-0.0,0.971,-0.0,0.971
2026-05-26T12:50:10.467,80.248,1835,FORWARD,0.038568,0.048955,0.002597,0.8,0.0,0.0,L,0,0,-0.0,0.971,-0.0,0.971
2026-05-26T12:50:10.535,80.316,1836,FORWARD,0.028126,0.044789,0.004166,0.8,0.0,0.0,L,0,0,-0.0,0.9716,-0.0,0.9716
2026-05-26T12:50:10.585,80.366,1837,FORWARD,0.026117,0.041055,0.003734,0.8,0.0,0.0,L,0,0,-0.0,0.971,0.0159,0.971
2026-05-26T12:50:10.617,80.398,1838,FORWARD,0.023504,0.037545,0.00351,0.8,0.0,0.0,L,0,0,-0.0,0.971,0.3382,0.971
2026-05-26T12:50:10.661,80.442,1839,FORWARD,0.02417,0.03487,0.002675,0.8,0.0,0.0,L,0,0,-0.0,0.971,0.69,0.971
2026-05-26T12:50:10.715,80.496,1840,FORWARD,0.025074,0.032911,0.001959,0.8,0.0,0.0,L,0,0,-0.0,0.971,0.901,0.971
2026-05-26T12:50:10.739,80.521,1841,FORWARD,0.02974,0.032276,0.000634,0.8,0.0,0.0,L,0,0,-0.0,0.971,0.8998,0.971
2026-05-26T12:50:10.780,80.561,1842,FORWARD,0.024465,0.030714,0.001562,0.8,0.0,0.0,L,0,0,-0.0,0.9716,0.538,0.9716
2026-05-26T12:50:10.821,80.603,1843,FORWARD,0.019204,0.028412,0.002302,0.8,0.0,0.0,L,0,0,-0.0,0.971,-0.0,0.971
2026-05-26T12:50:10.866,80.647,1844,FORWARD,0.015667,0.025863,0.002549,0.8,0.0,0.0,L,0,0,-0.0,0.9716,-0.0,0.9716
2026-05-26T12:50:10.911,80.692,1845,FORWARD,0.039539,0.028598,-0.002735,0.8,0.0,0.0,L,0,0,-0.0,0.958,-0.0,0.958
2026-05-26T12:50:10.963,80.744,1846,FORWARD,0.054631,0.033805,-0.005207,0.8,0.0,0.0,L,0,0,-0.0,0.9586,-0.0,0.9586
2026-05-26T12:50:11.019,80.801,1847,FORWARD,0.064516,0.039947,-0.006142,0.8,0.0,0.0,L,0,0,-0.0,0.9586,-0.0,0.9586
2026-05-26T12:50:11.063,80.844,1848,FORWARD,0.063741,0.044706,-0.004759,0.8,0.0,0.0,L,0,0,-0.0,0.9604,-0.0,0.9604
2026-05-26T12:50:11.109,80.89,1849,FORWARD,0.050904,0.045945,-0.00124,0.8,0.0,0.0,L,0,0,-0.0,0.9598,-0.0,0.9598
2026-05-26T12:50:11.157,80.938,1850,FORWARD,0.026026,0.041962,0.003984,0.8,0.0,0.0,L,0,0,-0.0,0.9796,-0.0,0.9796
2026-05-26T12:50:11.175,80.956,1851,FORWARD,0.021115,0.037792,0.004169,0.8,0.0,0.0,L,0,0,-0.0,0.9796,-0.0,0.9796
2026-05-26T12:50:11.217,80.998,1852,FORWARD,0.019623,0.034159,0.003634,0.8,0.0,0.0,L,0,0,-0.0,0.9889,-0.0,0.9889
2026-05-26T12:50:11.266,81.047,1853,FORWARD,0.016776,0.030682,0.003476,0.8,0.0,0.0,L,0,0,-0.0,0.9895,-0.0,0.9895
2026-05-26T12:50:11.303,81.084,1854,FORWARD,0.027613,0.030068,0.000614,0.8,0.0,0.0,L,0,0,-0.0,0.9895,-0.0,0.9895
2026-05-26T12:50:11.348,81.129,1855,FORWARD,0.022521,0.028559,0.001509,0.8,0.0,0.0,L,0,0,-0.0,0.9889,0.1149,0.9889
2026-05-26T12:50:11.379,81.16,1856,FORWARD,0.014703,0.025788,0.002771,0.8,0.0,0.0,L,0,0,-0.0,0.9889,0.5427,0.9889
2026-05-26T12:50:11.429,81.21,1857,FORWARD,0.018176,0.024265,0.001522,0.8,0.0,0.0,L,0,0,-0.0,0.9567,0.9004,0.9567
2026-05-26T12:50:11.466,81.248,1858,FORWARD,0.023168,0.024046,0.000219,0.8,0.0,0.0,L,0,0,-0.0,0.9567,0.9004,0.9567
2026-05-26T12:50:11.521,81.302,1859,FORWARD,0.021255,0.023488,0.000558,0.8,0.0,0.0,L,0,0,-0.0,0.945,0.8621,0.945
2026-05-26T12:50:11.557,81.338,1860,FORWARD,0.013669,0.021524,0.001964,0.8,0.0,0.0,L,0,0,-0.0,0.9462,0.2693,0.9462
2026-05-26T12:50:11.588,81.369,1861,FORWARD,0.020441,0.021307,0.000217,0.8,0.0,0.0,L,0,0,-0.0,0.9456,-0.0,0.9456
2026-05-26T12:50:11.633,81.414,1862,FORWARD,0.029359,0.022918,-0.00161,0.8,0.0,0.0,L,0,0,-0.0,0.9456,-0.0,0.9456
2026-05-26T12:50:11.653,81.434,1863,FORWARD,0.041484,0.026631,-0.003713,0.8,0.0,0.0,L,0,0,-0.0,0.9456,-0.0,0.9456
2026-05-26T12:50:11.701,81.482,1864,FORWARD,0.054317,0.032168,-0.005537,0.8,0.0,0.0,L,0,0,-0.0,0.9462,-0.0,0.9462
2026-05-26T12:50:11.763,81.544,1865,FORWARD,0.07741,0.041217,-0.009048,0.8,0.0,0.0,L,0,0,-0.0,0.9462,-0.0,0.9462
2026-05-26T12:50:11.817,81.598,1866,FORWARD,0.074137,0.047801,-0.006584,0.8,0.0,0.0,L,0,0,-0.0,0.9468,-0.0,0.9468
2026-05-26T12:50:11.861,81.642,1867,FORWARD,0.067412,0.051723,-0.003922,0.8,0.0,0.0,M,0,0,-0.0,0.9468,-0.0,0.9468
2026-05-26T12:50:11.901,81.682,1868,FORWARD,0.061222,0.053623,-0.0019,0.8,0.0,0.0,M,0,0,-0.0,0.9462,-0.0,0.9462
2026-05-26T12:50:11.943,81.724,1869,FORWARD,0.041983,0.051295,0.002328,0.8,0.0,0.0,M,0,0,-0.0,0.9462,-0.0,0.9462
2026-05-26T12:50:11.987,81.768,1870,FORWARD,0.038345,0.048705,0.00259,0.8,0.0,0.0,L,0,0,-0.0,0.9462,0.6812,0.9462
2026-05-26T12:50:12.039,81.821,1871,FORWARD,0.041884,0.047341,0.001364,0.8,0.0,0.0,L,0,0,-0.0,0.9462,0.9045,0.9462
2026-05-26T12:50:12.094,81.875,1872,FORWARD,0.040666,0.046006,0.001335,0.8,0.0,0.0,L,0,0,-0.0,0.9468,0.9204,0.9468
2026-05-26T12:50:12.133,81.914,1873,FORWARD,0.032041,0.043213,0.002793,0.8,0.0,0.0,L,0,0,-0.0,0.9468,0.7714,0.9468
2026-05-26T12:50:12.177,81.958,1874,FORWARD,0.028798,0.04033,0.002883,0.8,0.0,0.0,L,0,0,-0.0,0.9462,-0.0,0.9462
2026-05-26T12:50:12.235,82.016,1875,FORWARD,0.036795,0.039623,0.000707,0.8,0.0,0.0,L,0,0,-0.0,0.9462,-0.0,0.9462
2026-05-26T12:50:12.291,82.072,1876,FORWARD,0.05366,0.04243,-0.002807,0.8,0.0,0.0,L,0,0,-0.0,0.9462,-0.0,0.9462
2026-05-26T12:50:12.319,82.1,1877,FORWARD,0.060521,0.046049,-0.003618,0.8,0.0,0.0,L,0,0,-0.0,0.9462,-0.0,0.9462
2026-05-26T12:50:12.353,82.134,1878,FORWARD,0.0652,0.049879,-0.00383,0.8,0.0,0.0,L,0,0,-0.0,0.9456,-0.0,0.9456
2026-05-26T12:50:12.399,82.18,1879,FORWARD,0.062152,0.052333,-0.002455,0.8,0.0,0.0,M,0,0,-0.0,0.9462,-0.0,0.9462
2026-05-26T12:50:12.473,82.254,1880,FORWARD,0.052373,0.052341,-8e-06,0.8,0.0,0.0,M,0,0,-0.0,0.9456,-0.0,0.9456
2026-05-26T12:50:12.517,82.298,1881,FORWARD,0.032048,0.048283,0.004059,0.8,0.0,0.0,L,0,0,-0.0,0.9468,-0.0,0.9468
2026-05-26T12:50:12.559,82.34,1882,FORWARD,0.024189,0.043464,0.004819,0.8,0.0,0.0,L,0,0,-0.0,0.9468,-0.0,0.9468
2026-05-26T12:50:12.620,82.401,1883,FORWARD,0.023948,0.039561,0.003903,0.8,0.0,0.0,L,0,0,-0.0,0.9462,-0.0,0.9462
2026-05-26T12:50:12.651,82.432,1884,FORWARD,0.024225,0.036494,0.003067,0.8,0.0,0.0,L,0,0,-0.0,0.9462,-0.0,0.9462
2026-05-26T12:50:12.690,82.471,1885,FORWARD,0.021249,0.033445,0.003049,0.8,0.0,0.0,L,0,0,-0.0,0.9468,-0.0,0.9468
2026-05-26T12:50:12.744,82.525,1886,FORWARD,0.019198,0.030595,0.002849,0.8,0.0,0.0,L,0,0,-0.0,0.9462,-0.0,0.9462
2026-05-26T12:50:12.776,82.558,1887,FORWARD,0.013863,0.027249,0.003346,0.8,0.0,0.0,L,0,0,-0.0,0.9462,-0.0,0.9462
2026-05-26T12:50:12.817,82.598,1888,FORWARD,0.023847,0.026569,0.00068,0.8,0.0,0.0,L,0,0,-0.0,0.9475,-0.0,0.9475
2026-05-26T12:50:12.861,82.642,1889,FORWARD,0.022969,0.025849,0.00072,0.8,0.0,0.0,L,0,0,-0.0,0.9468,-0.0,0.9468
2026-05-26T12:50:12.886,82.667,1890,FORWARD,0.020431,0.024765,0.001084,0.8,0.0,0.0,L,0,0,-0.0,0.9468,-0.0,0.9468
2026-05-26T12:50:12.934,82.716,1891,FORWARD,0.020464,0.023905,0.00086,0.8,0.0,0.0,L,0,0,-0.0,0.9468,-0.0,0.9468
2026-05-26T12:50:12.981,82.762,1892,FORWARD,0.019238,0.022972,0.000933,0.8,0.0,0.0,L,0,0,-0.0,0.9468,-0.0,0.9468
2026-05-26T12:50:13.027,82.808,1893,FORWARD,0.014865,0.02135,0.001621,0.8,0.0,0.0,L,0,0,-0.0,0.9462,-0.0,0.9462
2026-05-26T12:50:13.071,82.852,1894,FORWARD,0.017231,0.020526,0.000824,0.8,0.0,0.0,L,0,0,-0.0,0.9468,-0.0,0.9468
2026-05-26T12:50:13.111,82.892,1895,FORWARD,0.020184,0.020458,6.9e-05,0.8,0.0,0.0,L,0,0,-0.0,0.9468,-0.0,0.9468
2026-05-26T12:50:13.175,82.956,1896,FORWARD,0.024516,0.02127,-0.000812,0.8,0.0,0.0,L,0,0,-0.0,0.9462,-0.0,0.9462
2026-05-26T12:50:13.225,83.006,1897,FORWARD,0.018514,0.020718,0.000551,0.8,0.0,0.0,L,0,0,-0.0,0.9468,-0.0,0.9468
2026-05-26T12:50:13.286,83.067,1898,FORWARD,0.017267,0.020028,0.00069,0.8,0.0,0.0,L,0,0,-0.0,0.9462,-0.0,0.9462
2026-05-26T12:50:13.351,83.132,1899,FORWARD,0.021773,0.020377,-0.000349,0.8,0.0,0.0,L,0,0,-0.0,0.9468,-0.0,0.9468
2026-05-26T12:50:13.389,83.17,1900,FORWARD,0.023804,0.021062,-0.000685,0.8,0.0,0.0,L,0,0,-0.0,0.9462,-0.0,0.9462
2026-05-26T12:50:13.438,83.219,1901,FORWARD,0.02014,0.020878,0.000184,0.8,0.0,0.0,L,0,0,-0.0,0.9462,-0.0,0.9462
2026-05-26T12:50:13.492,83.274,1902,FORWARD,0.016411,0.019985,0.000893,0.8,0.0,0.0,L,0,0,-0.0,0.9462,-0.0,0.9462
2026-05-26T12:50:13.571,83.352,1903,FORWARD,0.016461,0.01928,0.000705,0.8,0.0,0.0,L,0,0,-0.0,0.9462,-0.0,0.9462
2026-05-26T12:50:13.629,83.41,1904,FORWARD,0.01636,0.018696,0.000584,0.8,0.0,0.0,L,0,0,-0.0,0.9462,-0.0,0.9462
2026-05-26T12:50:13.690,83.471,1905,FORWARD,0.01953,0.018863,-0.000167,0.8,0.0,0.0,L,0,0,-0.0,0.9462,-0.0,0.9462
2026-05-26T12:50:13.713,83.494,1906,FORWARD,0.020427,0.019176,-0.000313,0.8,0.0,0.0,L,0,0,-0.0,0.9462,-0.0,0.9462
2026-05-26T12:50:13.754,83.535,1907,FORWARD,0.017263,0.018793,0.000383,0.8,0.0,0.0,L,0,0,-0.0,0.9462,-0.0,0.9462
2026-05-26T12:50:13.792,83.573,1908,FORWARD,0.018613,0.018757,3.6e-05,0.8,0.0,0.0,L,0,0,-0.0,0.9462,-0.0,0.9462
2026-05-26T12:50:13.824,83.605,1909,FORWARD,0.0132,0.017646,0.001112,0.8,0.0,0.0,L,0,0,-0.0,0.9462,-0.0,0.9462
2026-05-26T12:50:13.869,83.65,1910,FORWARD,0.012953,0.016707,0.000938,0.8,0.0,0.0,L,0,0,-0.0,0.9462,-0.0,0.9462
2026-05-26T12:50:13.916,83.697,1911,FORWARD,0.012739,0.015913,0.000794,0.8,0.0,0.0,L,0,0,-0.0,0.9468,-0.0,0.9468
2026-05-26T12:50:13.967,83.748,1912,FORWARD,0.0125,0.015231,0.000683,0.8,0.0,0.0,L,0,0,-0.0,0.9468,-0.0,0.9468
2026-05-26T12:50:14.002,83.783,1913,FORWARD,0.01261,0.014707,0.000524,0.8,0.0,0.0,L,0,0,-0.0,0.9468,-0.0,0.9468
2026-05-26T12:50:14.030,83.812,1914,FORWARD,0.012967,0.014359,0.000348,0.8,0.0,0.0,L,0,0,-0.0,0.9468,-0.0,0.9468
2026-05-26T12:50:14.064,83.845,1915,FORWARD,0.013397,0.014166,0.000192,0.8,0.0,0.0,L,0,0,-0.0,0.9475,-0.0,0.9475
2026-05-26T12:50:14.116,83.898,1916,FORWARD,0.016778,0.014689,-0.000522,0.8,0.0,0.0,L,0,0,-0.0,0.9468,-0.0,0.9468
2026-05-26T12:50:14.152,83.933,1917,FORWARD,0.01563,0.014877,-0.000188,0.8,0.0,0.0,L,0,0,-0.0,0.9462,-0.0,0.9462
2026-05-26T12:50:14.198,83.979,1918,FORWARD,0.014974,0.014896,-1.9e-05,0.8,0.0,0.0,L,0,0,-0.0,0.9493,-0.0,0.9493
2026-05-26T12:50:14.237,84.019,1919,FORWARD,0.013183,0.014554,0.000343,0.8,0.0,0.0,L,0,0,-0.0,0.9487,-0.0,0.9487
2026-05-26T12:50:14.282,84.064,1920,FORWARD,0.014656,0.014574,-2e-05,0.8,0.0,0.0,L,0,0,-0.0,0.9493,-0.0,0.9493
2026-05-26T12:50:14.323,84.104,1921,FORWARD,0.013332,0.014326,0.000248,0.8,0.0,0.0,L,0,0,-0.0,0.9493,-0.0,0.9493
2026-05-26T12:50:14.358,84.139,1922,FORWARD,0.015419,0.014545,-0.000219,0.8,0.0,0.0,L,0,0,-0.0,0.9493,-0.0,0.9493
2026-05-26T12:50:14.384,84.165,1923,FORWARD,0.015962,0.014828,-0.000283,0.8,0.0,0.0,L,0,0,-0.0,0.9493,-0.0,0.9493
2026-05-26T12:50:14.446,84.228,1924,FORWARD,0.016677,0.015198,-0.00037,0.8,0.0,0.0,L,0,0,-0.0,0.9487,-0.0,0.9487
2026-05-26T12:50:14.500,84.281,1925,FORWARD,0.014212,0.015001,0.000197,0.8,0.0,0.0,L,0,0,-0.0,0.9456,-0.0,0.9456
2026-05-26T12:50:14.535,84.316,1926,FORWARD,0.013734,0.014747,0.000253,0.8,0.0,0.0,L,0,0,-0.0,0.945,-0.0,0.945
2026-05-26T12:50:14.580,84.361,1927,FORWARD,0.014973,0.014792,-4.5e-05,0.8,0.0,0.0,L,0,0,-0.0,0.9425,-0.0,0.9425
2026-05-26T12:50:14.620,84.401,1928,FORWARD,0.014973,0.014828,-3.6e-05,0.8,0.0,0.0,L,0,0,-0.0,0.9425,-0.0,0.9425
2026-05-26T12:50:14.649,84.43,1929,FORWARD,0.014573,0.014777,5.1e-05,0.8,0.0,0.0,L,0,0,-0.0,0.9357,-0.0,0.9357
2026-05-26T12:50:14.694,84.475,1930,FORWARD,0.014526,0.014727,5e-05,0.8,0.0,0.0,L,0,0,-0.0,0.9357,-0.0,0.9357
2026-05-26T12:50:14.743,84.524,1931,FORWARD,0.015516,0.014885,-0.000158,0.8,0.0,0.0,L,0,0,-0.0,0.9363,-0.0,0.9363
2026-05-26T12:50:14.798,84.58,1932,FORWARD,0.013978,0.014704,0.000181,0.8,0.0,0.0,L,0,0,-0.0,0.937,-0.0,0.937
2026-05-26T12:50:14.840,84.622,1933,FORWARD,0.016276,0.015018,-0.000314,0.8,0.0,0.0,L,0,0,-0.0,0.9388,-0.0,0.9388
2026-05-26T12:50:14.893,84.674,1934,FORWARD,0.023251,0.016665,-0.001647,0.8,0.0,0.0,L,0,0,-0.0,0.9376,-0.0,0.9376
2026-05-26T12:50:14.930,84.711,1935,FORWARD,0.025705,0.018473,-0.001808,0.8,0.0,0.0,L,0,0,-0.0,0.9376,-0.0,0.9376
2026-05-26T12:50:14.974,84.755,1936,FORWARD,0.026257,0.02003,-0.001557,0.8,0.0,0.0,L,0,0,-0.0,0.937,-0.0,0.937
2026-05-26T12:50:15.006,84.787,1937,FORWARD,0.02433,0.02089,-0.00086,0.8,0.0,0.0,L,0,0,-0.0,0.9388,-0.0,0.9388
2026-05-26T12:50:15.038,84.82,1938,FORWARD,0.02014,0.02074,0.00015,0.8,0.0,0.0,L,0,0,-0.0,0.9376,-0.0,0.9376
2026-05-26T12:50:15.103,84.884,1939,FORWARD,0.015344,0.019661,0.001079,0.8,0.0,0.0,L,0,0,-0.0,0.9388,-0.0,0.9388
2026-05-26T12:50:15.195,84.976,1940,FORWARD,0.018459,0.01942,0.00024,0.8,0.0,0.0,L,0,0,-0.0,0.9388,-0.0,0.9388
2026-05-26T12:50:15.214,84.995,1941,FORWARD,0.019229,0.019382,3.8e-05,0.8,0.0,0.0,L,0,0,-0.0,0.9376,-0.0,0.9376
2026-05-26T12:50:15.272,85.053,1942,FORWARD,0.024874,0.02048,-0.001098,0.8,0.0,0.0,L,0,0,-0.0,0.9388,-0.0,0.9388
2026-05-26T12:50:15.302,85.083,1943,FORWARD,0.027072,0.021799,-0.001318,0.8,0.0,0.0,L,0,0,-0.0,0.9388,-0.0,0.9388
2026-05-26T12:50:15.350,85.131,1944,FORWARD,0.025994,0.022638,-0.000839,0.8,0.0,0.0,L,0,0,-0.0,0.9388,-0.0,0.9388
2026-05-26T12:50:15.387,85.168,1945,FORWARD,0.020808,0.022272,0.000366,0.8,0.0,0.0,L,0,0,-0.0,0.9388,-0.0,0.9388
2026-05-26T12:50:15.419,85.2,1946,FORWARD,0.018968,0.021611,0.000661,0.8,0.0,0.0,L,0,0,-0.0,0.9388,-0.0,0.9388
2026-05-26T12:50:15.483,85.264,1947,FORWARD,0.017655,0.02082,0.000791,0.8,0.0,0.0,L,0,0,-0.0,0.9388,-0.0,0.9388
2026-05-26T12:50:15.554,85.335,1948,FORWARD,0.018839,0.020424,0.000396,0.8,0.0,0.0,L,0,0,-0.0,0.9388,-0.0,0.9388
2026-05-26T12:50:15.577,85.358,1949,FORWARD,0.018229,0.019985,0.000439,0.8,0.0,0.0,L,0,0,-0.0,0.9388,-0.0,0.9388
2026-05-26T12:50:15.615,85.396,1950,FORWARD,0.019231,0.019834,0.000151,0.8,0.0,0.0,L,0,0,-0.0,0.9388,-0.0,0.9388
2026-05-26T12:50:15.643,85.424,1951,FORWARD,0.019775,0.019822,1.2e-05,0.8,0.0,0.0,L,0,0,-0.0,0.9388,-0.0,0.9388
2026-05-26T12:50:15.714,85.496,1952,FORWARD,0.018538,0.019565,0.000257,0.8,0.0,0.0,L,0,0,-0.0,0.9388,-0.0,0.9388
2026-05-26T12:50:15.759,85.54,1953,FORWARD,0.021652,0.019983,-0.000417,0.8,0.0,0.0,L,0,0,-0.0,0.9376,-0.0,0.9376
2026-05-26T12:50:15.802,85.583,1954,FORWARD,0.023334,0.020653,-0.00067,0.8,0.0,0.0,L,0,0,-0.0,0.9388,-0.0,0.9388
2026-05-26T12:50:15.836,85.617,1955,FORWARD,0.022246,0.020972,-0.000319,0.8,0.0,0.0,L,0,0,0.1326,0.9388,-0.0,0.9388
2026-05-26T12:50:15.873,85.654,1956,FORWARD,0.021792,0.021136,-0.000164,0.8,0.0,0.0,L,0,0,0.2499,0.9388,-0.0,0.9388
2026-05-26T12:50:15.903,85.684,1957,FORWARD,0.020915,0.021092,4.4e-05,0.8,0.0,0.0,L,0,0,0.3447,0.937,-0.0,0.937
2026-05-26T12:50:15.946,85.727,1958,FORWARD,0.015751,0.020024,0.001068,0.8,0.0,0.0,L,0,0,0.6052,0.9363,-0.0,0.9363
2026-05-26T12:50:15.991,85.772,1959,FORWARD,0.012268,0.018472,0.001551,0.8,0.0,0.0,L,0,0,0.6641,0.945,-0.0,0.945
2026-05-26T12:50:16.040,85.821,1960,FORWARD,0.022101,0.019198,-0.000726,0.8,0.0,0.0,L,0,0,0.703,0.9512,-0.0,0.9512
2026-05-26T12:50:16.112,85.893,1961,FORWARD,0.020365,0.019431,-0.000233,0.8,0.0,0.0,L,0,0,0.703,0.9543,-0.0,0.9543
2026-05-26T12:50:16.168,85.949,1962,FORWARD,0.037892,0.023124,-0.003692,0.8,0.0,0.0,L,0,0,0.7036,0.9549,-0.0,0.9549
2026-05-26T12:50:16.214,85.995,1963,FORWARD,0.049768,0.028452,-0.005329,0.8,0.0,0.0,L,0,0,0.7042,0.9561,-0.0,0.9561
2026-05-26T12:50:16.261,86.042,1964,FORWARD,0.048307,0.032423,-0.003971,0.8,0.0,0.0,L,0,0,0.7036,0.9555,-0.0,0.9555
2026-05-26T12:50:16.304,86.085,1965,FORWARD,0.029765,0.031892,0.000532,0.8,0.0,0.0,L,0,0,0.7036,0.9561,-0.0,0.9561
2026-05-26T12:50:16.341,86.122,1966,FORWARD,0.045194,0.034552,-0.00266,0.8,0.0,0.0,L,0,0,0.7036,0.9561,-0.0,0.9561
2026-05-26T12:50:16.393,86.174,1967,FORWARD,0.078162,0.043274,-0.008722,0.8,0.0,0.0,L,0,0,0.7036,0.9561,-0.0,0.9561
2026-05-26T12:50:16.427,86.208,1968,FORWARD,0.069179,0.048455,-0.005181,0.8,0.0,0.0,L,0,0,0.703,0.9567,-0.0,0.9567
2026-05-26T12:50:16.471,86.252,1969,FORWARD,0.028643,0.044493,0.003962,0.8,0.0,0.0,L,0,0,0.703,0.9567,-0.0,0.9567
2026-05-26T12:50:16.535,86.316,1970,FORWARD,0.060515,0.047697,-0.003204,0.8,0.0,0.0,L,0,0,0.703,0.958,-0.0,0.958
2026-05-26T12:50:16.615,86.396,1971,FORWARD,0.088178,0.055793,-0.008096,0.8,0.0,0.0,M,0,0,0.7036,0.958,-0.0,0.958
2026-05-26T12:50:16.654,86.435,1972,FORWARD,0.058313,0.056297,-0.000504,0.8,0.0,0.0,M,0,0,0.7036,0.9592,-0.0,0.9592
2026-05-26T12:50:16.691,86.472,1973,FORWARD,0.0239,0.049818,0.00648,0.8,0.0,0.0,L,0,0,0.7036,0.9592,-0.0,0.9592
2026-05-26T12:50:16.732,86.513,1974,FORWARD,0.08257,0.056368,-0.00655,0.8,0.0,0.0,M,0,0,0.7036,0.9586,-0.0,0.9586
2026-05-26T12:50:16.776,86.557,1975,FORWARD,0.085969,0.062288,-0.00592,0.8,0.0,0.0,M,0,0,0.703,0.9592,-0.0,0.9592
2026-05-26T12:50:16.801,86.582,1976,FORWARD,0.076948,0.06522,-0.002932,0.8,0.0,0.0,M,0,0,0.7036,0.9586,-0.0,0.9586
2026-05-26T12:50:16.843,86.624,1977,FORWARD,0.092676,0.070712,-0.005491,0.8,0.0,0.0,M,0,0,0.7036,0.958,-0.0,0.958
2026-05-26T12:50:16.894,86.675,1978,FORWARD,0.129763,0.082522,-0.01181,0.8,0.0,0.0,M,0,0,0.7036,0.9592,-0.0,0.9592
2026-05-26T12:50:16.930,86.711,1979,FORWARD,0.144469,0.094911,-0.012389,0.8,0.0,0.0,M,0,0,0.703,0.9598,-0.0,0.9598
2026-05-26T12:50:16.966,86.747,1980,FORWARD,0.116039,0.099137,-0.004225,0.8,0.0,0.0,M,0,0,0.7036,0.9592,-0.0,0.9592
2026-05-26T12:50:17.010,86.791,1981,FORWARD,0.07889,0.095087,0.004049,0.8,0.0,0.0,M,0,0,0.7036,0.9592,-0.0,0.9592
2026-05-26T12:50:17.058,86.839,1982,FORWARD,0.129883,0.102046,-0.006959,0.8,0.0,0.0,M,0,0,0.7036,0.9586,-0.0,0.9586
2026-05-26T12:50:17.098,86.879,1983,FORWARD,0.146663,0.11097,-0.008923,0.8,0.0,0.0,M,0,0,0.7042,0.9586,-0.0,0.9586
2026-05-26T12:50:17.132,86.914,1984,FORWARD,0.137349,0.116246,-0.005276,0.8,0.0,0.0,M,0,0,0.7166,0.9586,-0.0,0.9586
2026-05-26T12:50:17.174,86.955,1985,FORWARD,0.070745,0.107146,0.0091,0.8,0.0,0.0,M,0,0,0.7384,0.9561,-0.0,0.9561
2026-05-26T12:50:17.218,87.0,1986,FORWARD,0.110652,0.107847,-0.000701,0.8,0.0,0.0,M,0,0,0.7943,0.9011,-0.0,0.9011
2026-05-26T12:50:17.254,87.035,1987,RIGHT,0.137782,0.113834,-0.005987,0.8,0.0,0.0,M,0,0,0.8916,0.8251,-0.0,0.8916
2026-05-26T12:50:17.306,87.087,1988,RIGHT,0.105765,0.11222,0.001614,0.8,0.0,0.0,M,0,0,0.9906,0.6879,-0.0,0.9906
2026-05-26T12:50:17.351,87.133,1989,RIGHT,0.046215,0.099019,0.013201,0.8,0.0,0.0,M,0,0,0.9823,0.5457,-0.0,0.9823
2026-05-26T12:50:17.404,87.185,1990,RIGHT,0.097578,0.098731,0.000288,0.8,0.0,0.0,M,0,0,0.7814,0.314,-0.0,0.7814
2026-05-26T12:50:17.443,87.224,1991,STOP,0.127367,0.104458,-0.005727,0.8,0.0,0.0,M,0,0,-0.0,0.0,-0.0,0.0
2026-05-26T12:50:17.474,87.255,1992,STOP,0.121744,0.107915,-0.003457,0.8,0.0,0.0,M,0,0,-0.0,0.0,-0.0,0.0
2026-05-26T12:50:17.514,87.295,1993,STOP,0.084176,0.103167,0.004748,0.8,0.0,0.0,M,0,0,-0.0,0.0,-0.0,0.0
2026-05-26T12:50:17.554,87.335,1994,STOP,0.131523,0.108838,-0.005671,0.8,0.0,0.0,M,0,0,-0.0,0.0,-0.0,0.0
2026-05-26T12:50:17.582,87.363,1995,STOP,0.170518,0.121174,-0.012336,0.8,0.0,0.0,M,0,0,-0.0,0.0,-0.0,0.0
2026-05-26T12:50:17.622,87.403,1996,STOP,0.142147,0.125369,-0.004194,0.8,0.0,0.0,M,0,0,-0.0,0.0,-0.0,0.0
2026-05-26T12:50:17.668,87.449,1997,STOP,0.044833,0.109262,0.016107,0.8,0.0,0.0,M,0,0,-0.0,0.0,-0.0,0.0
2026-05-26T12:50:17.710,87.491,1998,STOP,0.128863,0.113182,-0.00392,0.8,0.0,0.0,M,0,0,-0.0,0.0,-0.0,0.0
2026-05-26T12:50:17.750,87.531,1999,STOP,0.151519,0.120849,-0.007667,0.8,0.0,0.0,M,0,0,-0.0,0.0,-0.0,0.0
2026-05-26T12:50:17.778,87.559,2000,STOP,0.145882,0.125856,-0.005007,0.8,0.0,0.0,M,0,0,-0.0,0.0,-0.0,0.0
2026-05-26T12:50:17.807,87.588,2001,STOP,0.085537,0.117792,0.008064,0.8,0.0,0.0,M,0,0,-0.0,0.0,-0.0,0.0
2026-05-26T12:50:17.848,87.629,2002,STOP,0.066286,0.107491,0.010301,0.8,0.0,0.0,M,0,0,-0.0,0.0,-0.0,0.0
2026-05-26T12:50:17.874,87.655,2003,STOP,0.103231,0.106639,0.000852,0.8,0.0,0.0,M,0,0,-0.0,0.0,-0.0,0.0
2026-05-26T12:50:17.910,87.691,2004,STOP,0.091773,0.103666,0.002973,0.8,0.0,0.0,M,0,0,-0.0,0.0,-0.0,0.0
2026-05-26T12:50:17.941,87.722,2005,STOP,0.065442,0.096021,0.007645,0.8,0.0,0.0,M,0,0,-0.0,0.0,-0.0,0.0
2026-05-26T12:50:17.988,87.769,2006,STOP,0.023598,0.081536,0.014485,0.8,0.0,0.0,M,0,0,-0.0,0.0,-0.0,0.0
2026-05-26T12:50:18.033,87.814,2007,STOP,0.040072,0.073244,0.008293,0.8,0.0,0.0,M,0,0,-0.0,0.0,-0.0,0.0
2026-05-26T12:50:18.076,87.857,2008,STOP,0.046446,0.067884,0.00536,0.8,0.0,0.0,M,0,0,-0.0,0.0,-0.0,0.0
2026-05-26T12:50:18.138,87.919,2009,STOP,0.023288,0.058965,0.008919,0.8,0.0,0.0,M,0,0,-0.0,0.0,-0.0,0.0
2026-05-26T12:50:18.189,87.97,2010,STOP,0.011013,0.049374,0.00959,0.8,0.0,0.0,L,0,0,-0.0,0.144,-0.0,0.0
2026-05-26T12:50:18.232,88.013,2011,FORWARD,0.004765,0.040453,0.008922,0.8,0.0,0.0,L,0,0,-0.0,0.4821,-0.0,0.4821
2026-05-26T12:50:18.304,88.085,2012,FORWARD,0.010801,0.034522,0.00593,0.8,0.0,0.0,L,0,0,-0.0,0.9283,-0.0,0.9283
2026-05-26T12:50:18.374,88.155,2013,FORWARD,0.019766,0.031571,0.002951,0.8,0.0,0.0,L,0,0,-0.0,0.9499,-0.0,0.9499
2026-05-26T12:50:18.414,88.195,2014,FORWARD,0.045352,0.034327,-0.002756,0.8,0.0,0.0,L,0,0,-0.0,0.9648,-0.0,0.9648
2026-05-26T12:50:18.461,88.243,2015,FORWARD,0.058715,0.039205,-0.004878,0.8,0.0,0.0,L,0,0,-0.0,0.9635,-0.0,0.9635
2026-05-26T12:50:18.522,88.303,2016,FORWARD,0.05896,0.043156,-0.003951,0.8,0.0,0.0,L,0,0,-0.0,0.9623,-0.0,0.9623
2026-05-26T12:50:18.558,88.339,2017,FORWARD,0.042607,0.043046,0.00011,0.8,0.0,0.0,L,0,0,-0.0,0.9642,-0.0,0.9642
2026-05-26T12:50:18.608,88.389,2018,FORWARD,0.022326,0.038902,0.004144,0.8,0.0,0.0,L,0,0,-0.0,0.9635,-0.0,0.9635
2026-05-26T12:50:18.650,88.431,2019,FORWARD,0.084337,0.047989,-0.009087,0.8,0.0,0.0,L,0,0,-0.0,0.9648,-0.0,0.9648
2026-05-26T12:50:18.686,88.467,2020,FORWARD,0.090824,0.056556,-0.008567,0.8,0.0,0.0,M,0,0,-0.0,0.9648,-0.0,0.9648
2026-05-26T12:50:18.718,88.499,2021,FORWARD,0.075881,0.060421,-0.003865,0.8,0.0,0.0,M,0,0,-0.0,0.9635,-0.0,0.9635
2026-05-26T12:50:18.754,88.535,2022,FORWARD,0.051098,0.058556,0.001865,0.8,0.0,0.0,M,0,0,-0.0,0.9635,-0.0,0.9635
2026-05-26T12:50:18.792,88.573,2023,FORWARD,0.037667,0.054379,0.004178,0.8,0.0,0.0,M,0,0,-0.0,0.9876,-0.0,0.9876
2026-05-26T12:50:18.829,88.611,2024,FORWARD,0.047042,0.052911,0.001467,0.8,0.0,0.0,M,0,0,-0.0,0.9876,-0.0,0.9876
2026-05-26T12:50:18.880,88.661,2025,FORWARD,0.027829,0.047895,0.005016,0.8,0.0,0.0,L,0,0,-0.0,0.9938,-0.0,0.9938
2026-05-26T12:50:18.902,88.684,2026,FORWARD,0.030224,0.044361,0.003534,0.8,0.0,0.0,L,0,0,-0.0,0.9963,-0.0,0.9963
2026-05-26T12:50:18.974,88.755,2027,FORWARD,0.03888,0.043264,0.001096,0.8,0.0,0.0,L,0,0,-0.0,0.9988,-0.0,0.9988
2026-05-26T12:50:19.012,88.793,2028,FORWARD,0.022566,0.039125,0.00414,0.8,0.0,0.0,L,0,0,-0.0,1.0,-0.0,1.0
2026-05-26T12:50:19.039,88.82,2029,FORWARD,0.02044,0.035388,0.003737,0.8,0.0,0.0,L,0,0,-0.0,1.0,-0.0,1.0
2026-05-26T12:50:19.080,88.861,2030,FORWARD,0.038391,0.035988,-0.000601,0.8,0.0,0.0,L,0,0,-0.0,1.0,-0.0,1.0
2026-05-26T12:50:19.123,88.904,2031,FORWARD,0.035063,0.035803,0.000185,0.8,0.0,0.0,L,0,0,-0.0,1.0,-0.0,1.0
2026-05-26T12:50:19.162,88.943,2032,FORWARD,0.022835,0.03321,0.002594,0.8,0.0,0.0,L,0,0,-0.0,1.0,-0.0,1.0
2026-05-26T12:50:19.200,88.981,2033,FORWARD,0.029463,0.03246,0.000749,0.8,0.0,0.0,L,0,0,-0.0,1.0,-0.0,1.0
2026-05-26T12:50:19.242,89.023,2034,FORWARD,0.031916,0.032352,0.000109,0.8,0.0,0.0,L,0,0,-0.0,1.0,-0.0,1.0
2026-05-26T12:50:19.286,89.067,2035,FORWARD,0.022489,0.030379,0.001972,0.8,0.0,0.0,L,0,0,-0.0,1.0,-0.0,1.0
2026-05-26T12:50:19.350,89.131,2036,FORWARD,0.018433,0.02799,0.002389,0.8,0.0,0.0,L,0,0,-0.0,1.0,-0.0,1.0
2026-05-26T12:50:19.404,89.186,2037,FORWARD,0.019764,0.026345,0.001645,0.8,0.0,0.0,L,0,0,-0.0,1.0,-0.0,1.0
2026-05-26T12:50:19.443,89.224,2038,FORWARD,0.02031,0.025138,0.001207,0.8,0.0,0.0,L,0,0,-0.0,1.0,-0.0,1.0
2026-05-26T12:50:19.492,89.274,2039,FORWARD,0.022624,0.024635,0.000503,0.8,0.0,0.0,L,0,0,-0.0,1.0,-0.0,1.0
2026-05-26T12:50:19.560,89.341,2040,FORWARD,0.023966,0.024501,0.000134,0.8,0.0,0.0,L,0,0,-0.0,1.0,0.6146,1.0
2026-05-26T12:50:19.602,89.383,2041,FORWARD,0.025666,0.024734,-0.000233,0.8,0.0,0.0,L,0,0,-0.0,1.0,0.9405,1.0
2026-05-26T12:50:19.654,89.435,2042,FORWARD,0.027182,0.025224,-0.000489,0.8,0.0,0.0,L,0,0,-0.0,1.0,0.9405,1.0
2026-05-26T12:50:19.702,89.483,2043,FORWARD,0.027012,0.025581,-0.000358,0.8,0.0,0.0,L,0,0,-0.0,1.0,0.4225,1.0
2026-05-26T12:50:19.745,89.527,2044,FORWARD,0.023845,0.025234,0.000347,0.8,0.0,0.0,L,0,0,-0.0,1.0,-0.0,1.0
2026-05-26T12:50:19.802,89.583,2045,FORWARD,0.022617,0.024711,0.000523,0.8,0.0,0.0,L,0,0,-0.0,1.0,-0.0,1.0
2026-05-26T12:50:19.844,89.625,2046,FORWARD,0.047982,0.029365,-0.004654,0.8,0.0,0.0,L,0,0,-0.0,1.0,-0.0,1.0
2026-05-26T12:50:19.894,89.675,2047,FORWARD,0.059229,0.035338,-0.005973,0.8,0.0,0.0,L,0,0,-0.0,1.0,-0.0,1.0
2026-05-26T12:50:19.932,89.714,2048,FORWARD,0.064375,0.041145,-0.005808,0.8,0.0,0.0,L,0,0,-0.0,1.0,-0.0,1.0
2026-05-26T12:50:19.980,89.761,2049,FORWARD,0.059455,0.044807,-0.003662,0.8,0.0,0.0,L,0,0,-0.0,1.0,-0.0,1.0
2026-05-26T12:50:20.031,89.812,2050,FORWARD,0.055432,0.046932,-0.002125,0.8,0.0,0.0,L,0,0,-0.0,1.0,-0.0,1.0
2026-05-26T12:50:20.079,89.86,2051,FORWARD,0.025253,0.042596,0.004336,0.8,0.0,0.0,L,0,0,-0.0,1.0,-0.0,1.0
2026-05-26T12:50:20.114,89.895,2052,FORWARD,0.037519,0.041581,0.001015,0.8,0.0,0.0,L,0,0,-0.0,1.0,-0.0,1.0
2026-05-26T12:50:20.158,89.939,2053,FORWARD,0.044356,0.042136,-0.000555,0.8,0.0,0.0,L,0,0,-0.0,1.0,-0.0,1.0
2026-05-26T12:50:20.202,89.983,2054,FORWARD,0.030706,0.03985,0.002286,0.8,0.0,0.0,L,0,0,-0.0,1.0,-0.0,1.0
2026-05-26T12:50:20.234,90.015,2055,FORWARD,0.020902,0.03606,0.00379,0.8,0.0,0.0,L,0,0,-0.0,1.0,-0.0,1.0
2026-05-26T12:50:20.276,90.057,2056,FORWARD,0.037335,0.036315,-0.000255,0.8,0.0,0.0,L,0,0,-0.0,1.0,-0.0,1.0
2026-05-26T12:50:20.313,90.094,2057,FORWARD,0.041648,0.037382,-0.001066,0.8,0.0,0.0,L,0,0,-0.0,1.0,-0.0,1.0
2026-05-26T12:50:20.359,90.141,2058,FORWARD,0.03305,0.036515,0.000866,0.8,0.0,0.0,L,0,0,-0.0,1.0,-0.0,1.0
2026-05-26T12:50:20.398,90.179,2059,FORWARD,0.028743,0.034961,0.001555,0.8,0.0,0.0,L,0,0,-0.0,1.0,-0.0,1.0
2026-05-26T12:50:20.460,90.241,2060,FORWARD,0.036287,0.035226,-0.000265,0.8,0.0,0.0,L,0,0,-0.0,1.0,-0.0,1.0
2026-05-26T12:50:20.505,90.287,2061,FORWARD,0.030258,0.034233,0.000994,0.8,0.0,0.0,L,0,0,-0.0,1.0,-0.0,1.0
2026-05-26T12:50:20.554,90.335,2062,FORWARD,0.02681,0.032748,0.001484,0.8,0.0,0.0,L,0,0,-0.0,1.0,-0.0,1.0
2026-05-26T12:50:20.598,90.379,2063,FORWARD,0.023422,0.030883,0.001865,0.8,0.0,0.0,L,0,0,-0.0,1.0,-0.0,1.0
2026-05-26T12:50:20.633,90.414,2064,FORWARD,0.023657,0.029438,0.001445,0.8,0.0,0.0,L,0,0,-0.0,1.0,-0.0,1.0
2026-05-26T12:50:20.676,90.457,2065,FORWARD,0.019582,0.027467,0.001971,0.8,0.0,0.0,L,0,0,-0.0,1.0,-0.0,1.0
2026-05-26T12:50:20.710,90.491,2066,FORWARD,0.025503,0.027074,0.000393,0.8,0.0,0.0,L,0,0,-0.0,1.0,-0.0,1.0
2026-05-26T12:50:20.760,90.541,2067,FORWARD,0.022886,0.026236,0.000838,0.8,0.0,0.0,L,0,0,-0.0,1.0,-0.0,1.0
2026-05-26T12:50:20.802,90.583,2068,FORWARD,0.015456,0.02408,0.002156,0.8,0.0,0.0,L,0,0,-0.0,1.0,-0.0,1.0
2026-05-26T12:50:20.838,90.619,2069,FORWARD,0.020284,0.023321,0.000759,0.8,0.0,0.0,L,0,0,-0.0,1.0,-0.0,1.0
2026-05-26T12:50:20.883,90.665,2070,FORWARD,0.017407,0.022138,0.001183,0.8,0.0,0.0,L,0,0,-0.0,1.0,-0.0,1.0
2026-05-26T12:50:20.915,90.696,2071,FORWARD,0.015579,0.020826,0.001312,0.8,0.0,0.0,L,0,0,-0.0,1.0,-0.0,1.0
2026-05-26T12:50:20.950,90.731,2072,FORWARD,0.015131,0.019687,0.001139,0.8,0.0,0.0,L,0,0,-0.0,1.0,-0.0,1.0
2026-05-26T12:50:20.990,90.771,2073,FORWARD,0.014267,0.018603,0.001084,0.8,0.0,0.0,L,0,0,-0.0,1.0,-0.0,1.0
2026-05-26T12:50:21.018,90.799,2074,FORWARD,0.014398,0.017762,0.000841,0.8,0.0,0.0,L,0,0,0.1697,1.0,-0.0,1.0
2026-05-26T12:50:21.065,90.847,2075,FORWARD,0.01804,0.017818,-5.6e-05,0.8,0.0,0.0,L,0,0,0.5834,1.0,-0.0,1.0
2026-05-26T12:50:21.094,90.875,2076,FORWARD,0.02384,0.019022,-0.001204,0.8,0.0,0.0,L,0,0,0.5834,1.0,-0.0,1.0
2026-05-26T12:50:21.164,90.945,2077,FORWARD,0.020304,0.019278,-0.000256,0.8,0.0,0.0,L,0,0,0.5852,1.0,-0.0,1.0
2026-05-26T12:50:21.214,90.995,2078,FORWARD,0.020175,0.019458,-0.000179,0.8,0.0,0.0,L,0,0,0.5852,1.0,-0.0,1.0
2026-05-26T12:50:21.254,91.035,2079,FORWARD,0.030233,0.021613,-0.002155,0.8,0.0,0.0,L,0,0,0.5852,1.0,-0.0,1.0
2026-05-26T12:50:21.290,91.071,2080,FORWARD,0.032634,0.023817,-0.002204,0.8,0.0,0.0,L,0,0,0.5852,1.0,-0.0,1.0
2026-05-26T12:50:21.329,91.111,2081,FORWARD,0.03857,0.026767,-0.002951,0.8,0.0,0.0,L,0,0,0.5852,1.0,-0.0,1.0
2026-05-26T12:50:21.362,91.143,2082,FORWARD,0.039037,0.029221,-0.002454,0.8,0.0,0.0,L,0,0,0.5852,1.0,-0.0,1.0
2026-05-26T12:50:21.395,91.177,2083,FORWARD,0.045893,0.032556,-0.003334,0.8,0.0,0.0,L,0,0,0.5852,1.0,-0.0,1.0
2026-05-26T12:50:21.432,91.213,2084,FORWARD,0.043786,0.034802,-0.002246,0.8,0.0,0.0,L,0,0,0.5846,1.0,-0.0,1.0
2026-05-26T12:50:21.489,91.271,2085,FORWARD,0.042388,0.036319,-0.001517,0.8,0.0,0.0,L,0,0,0.5846,1.0,-0.0,1.0
2026-05-26T12:50:21.528,91.309,2086,FORWARD,0.06004,0.041063,-0.004744,0.8,0.0,0.0,L,0,0,0.5852,1.0,-0.0,1.0
2026-05-26T12:50:21.568,91.349,2087,FORWARD,0.063146,0.04548,-0.004417,0.8,0.0,0.0,L,0,0,0.5852,1.0,-0.0,1.0
2026-05-26T12:50:21.633,91.414,2088,FORWARD,0.04641,0.045666,-0.000186,0.8,0.0,0.0,L,0,0,0.5852,1.0,-0.0,1.0
2026-05-26T12:50:21.684,91.465,2089,FORWARD,0.049612,0.046455,-0.000789,0.8,0.0,0.0,L,0,0,0.5852,1.0,-0.0,1.0
2026-05-26T12:50:21.724,91.505,2090,FORWARD,0.064419,0.050048,-0.003593,0.8,0.0,0.0,M,0,0,0.5852,1.0,-0.0,1.0
2026-05-26T12:50:21.786,91.567,2091,FORWARD,0.074419,0.054922,-0.004874,0.8,0.0,0.0,M,0,0,0.5863,1.0,-0.0,1.0
2026-05-26T12:50:21.839,91.62,2092,FORWARD,0.022687,0.048475,0.006447,0.8,0.0,0.0,L,0,0,0.5869,1.0,-0.0,1.0
2026-05-26T12:50:21.885,91.666,2093,FORWARD,0.06268,0.051316,-0.002841,0.8,0.0,0.0,M,0,0,0.5875,1.0,-0.0,1.0
2026-05-26T12:50:21.926,91.707,2094,FORWARD,0.086992,0.058451,-0.007135,0.8,0.0,0.0,M,0,0,0.5875,1.0,-0.0,1.0
2026-05-26T12:50:21.969,91.751,2095,FORWARD,0.044761,0.055713,0.002738,0.8,0.0,0.0,M,0,0,0.6435,0.974,-0.0,0.974
2026-05-26T12:50:22.015,91.796,2096,FORWARD,0.060086,0.056588,-0.000875,0.8,0.0,0.0,M,0,0,-0.0,0.6199,-0.0,0.6199
2026-05-26T12:50:22.079,91.861,2097,STOP,0.078909,0.061052,-0.004464,0.8,0.0,0.0,M,0,0,-0.0,0.0,-0.0,0.0
2026-05-26T12:50:22.123,91.904,2098,STOP,0.089819,0.066805,-0.005754,0.8,0.0,0.0,M,0,0,-0.0,0.0,-0.0,0.0
2026-05-26T12:50:22.179,91.961,2099,STOP,0.022017,0.057848,0.008958,0.8,0.0,0.0,M,0,0,-0.0,0.0,-0.0,0.0
2026-05-26T12:50:22.237,92.019,2100,STOP,0.08778,0.063834,-0.005986,0.8,0.0,0.0,M,0,0,-0.0,0.0,-0.0,0.0
2026-05-26T12:50:22.283,92.064,2101,STOP,0.099335,0.070934,-0.0071,0.8,0.0,0.0,M,0,0,-0.0,0.0,-0.0,0.0
2026-05-26T12:50:22.326,92.108,2102,STOP,0.096099,0.075967,-0.005033,0.8,0.0,0.0,M,0,0,-0.0,0.0,-0.0,0.0
2026-05-26T12:50:22.361,92.142,2103,STOP,0.080488,0.076871,-0.000904,0.8,0.0,0.0,M,0,0,-0.0,0.0,-0.0,0.0
2026-05-26T12:50:22.397,92.179,2104,STOP,0.040839,0.069665,0.007206,0.8,0.0,0.0,M,0,0,-0.0,0.0,-0.0,0.0
2026-05-26T12:50:22.425,92.207,2105,STOP,0.078477,0.071427,-0.001762,0.8,0.0,0.0,M,0,0,-0.0,0.0,-0.0,0.0
2026-05-26T12:50:22.476,92.257,2106,STOP,0.076471,0.072436,-0.001009,0.8,0.0,0.0,M,0,0,-0.0,0.0,-0.0,0.0
2026-05-26T12:50:22.522,92.303,2107,STOP,0.053177,0.068584,0.003852,0.8,0.0,0.0,M,0,0,-0.0,0.0,-0.0,0.0
2026-05-26T12:50:22.553,92.334,2108,STOP,0.043445,0.063556,0.005028,0.8,0.0,0.0,M,0,0,-0.0,0.0,-0.0,0.0
2026-05-26T12:50:22.600,92.381,2109,STOP,0.036641,0.058173,0.005383,0.8,0.0,0.0,M,0,0,-0.0,0.0,-0.0,0.0
2026-05-26T12:50:22.662,92.443,2110,STOP,0.026856,0.05191,0.006263,0.8,0.0,0.0,M,0,0,-0.0,0.0,-0.0,0.0
2026-05-26T12:50:22.728,92.509,2111,STOP,0.013654,0.044259,0.007651,0.8,0.0,0.0,L,0,0,-0.0,0.0,-0.0,0.0
2026-05-26T12:50:22.767,92.548,2112,STOP,0.013018,0.038011,0.006248,0.8,0.0,0.0,L,0,0,-0.0,0.0,-0.0,0.0
2026-05-26T12:50:22.828,92.609,2113,STOP,0.016385,0.033685,0.004325,0.8,0.0,0.0,L,0,0,-0.0,0.0,-0.0,0.0
2026-05-26T12:50:22.883,92.664,2114,STOP,0.017458,0.03044,0.003245,0.8,0.0,0.0,L,0,0,-0.0,0.0,-0.0,0.0
2026-05-26T12:50:22.913,92.695,2115,STOP,0.015311,0.027414,0.003026,0.8,0.0,0.0,L,0,0,-0.0,0.0,-0.0,0.0
2026-05-26T12:50:22.944,92.726,2116,STOP,0.007663,0.023464,0.00395,0.8,0.0,0.0,L,0,0,-0.0,0.0,-0.0,0.0
2026-05-26T12:50:22.991,92.772,2117,STOP,0.007611,0.020293,0.003171,0.8,0.0,0.0,L,0,0,-0.0,0.0,-0.0,0.0
2026-05-26T12:50:23.051,92.832,2118,STOP,0.004505,0.017136,0.003158,0.8,0.0,0.0,L,0,0,-0.0,0.0,-0.0,0.0
2026-05-26T12:50:23.111,92.892,2119,STOP,0.002402,0.014189,0.002947,0.8,0.0,0.0,L,0,0,-0.0,0.0,-0.0,0.0
2026-05-26T12:50:23.145,92.926,2120,STOP,0.001809,0.011713,0.002476,0.8,0.0,0.0,L,0,0,-0.0,0.0,-0.0,0.0
2026-05-26T12:50:23.195,92.976,2121,STOP,0.001801,0.009731,0.001982,0.8,0.0,0.0,L,0,0,-0.0,0.0,-0.0,0.0
2026-05-26T12:50:23.253,93.034,2122,STOP,0.002319,0.008248,0.001482,0.8,0.0,0.0,L,0,0,-0.0,0.0,-0.0,0.0
2026-05-26T12:50:23.330,93.111,2123,STOP,0.003288,0.007256,0.000992,0.8,0.0,0.0,L,0,0,-0.0,0.0,-0.0,0.0
2026-05-26T12:50:23.377,93.158,2124,STOP,0.003389,0.006483,0.000773,0.8,0.0,0.0,L,0,0,-0.0,0.0,-0.0,0.0
2026-05-26T12:50:23.451,93.232,2125,STOP,0.004584,0.006103,0.00038,0.8,0.0,0.0,L,0,0,-0.0,0.0,-0.0,0.0
2026-05-26T12:50:23.495,93.276,2126,STOP,0.006482,0.006179,-7.6e-05,0.8,0.0,0.0,L,0,0,-0.0,0.0,-0.0,0.0
2026-05-26T12:50:23.527,93.308,2127,STOP,0.006369,0.006217,-3.8e-05,0.8,0.0,0.0,L,0,0,-0.0,0.0,-0.0,0.0
2026-05-26T12:50:23.561,93.342,2128,STOP,0.003805,0.005735,0.000482,0.8,0.0,0.0,L,0,0,-0.0,0.0,-0.0,0.0
2026-05-26T12:50:23.614,93.395,2129,STOP,0.002547,0.005097,0.000638,0.8,0.0,0.0,L,0,0,-0.0,0.0,-0.0,0.0
2026-05-26T12:50:23.653,93.434,2130,STOP,0.001705,0.004419,0.000678,0.8,0.0,0.0,L,0,0,-0.0,0.0,-0.0,0.0
2026-05-26T12:50:23.680,93.461,2131,STOP,0.006913,0.004918,-0.000499,0.8,0.0,0.0,L,0,0,-0.0,0.0,-0.0,0.0
2026-05-26T12:50:23.723,93.504,2132,STOP,0.00583,0.0051,-0.000183,0.8,0.0,0.0,L,0,0,-0.0,0.0,-0.0,0.0
2026-05-26T12:50:23.778,93.559,2133,STOP,0.001925,0.004465,0.000635,0.8,0.0,0.0,L,0,0,-0.0,0.0,-0.0,0.0
2026-05-26T12:50:23.813,93.594,2134,STOP,0.002082,0.003988,0.000477,0.8,0.0,0.0,L,0,0,-0.0,0.0,-0.0,0.0
2026-05-26T12:50:23.857,93.638,2135,STOP,0.003655,0.003922,6.7e-05,0.8,0.0,0.0,L,0,0,-0.0,0.0,-0.0,0.0
2026-05-26T12:50:23.902,93.683,2136,STOP,0.002101,0.003558,0.000364,0.8,0.0,0.0,L,0,0,-0.0,0.0,-0.0,0.0
2026-05-26T12:50:23.949,93.731,2137,STOP,0.001527,0.003151,0.000406,0.8,0.0,0.0,L,0,0,-0.0,0.0,-0.0,0.0
2026-05-26T12:50:23.995,93.776,2138,STOP,0.002238,0.002969,0.000183,0.8,0.0,0.0,L,0,0,-0.0,0.0,-0.0,0.0
2026-05-26T12:50:24.038,93.819,2139,STOP,0.002695,0.002914,5.5e-05,0.8,0.0,0.0,L,0,0,-0.0,0.0,-0.0,0.0
2026-05-26T12:50:24.068,93.849,2140,STOP,0.002235,0.002778,0.000136,0.8,0.0,0.0,L,0,0,-0.0,0.0,-0.0,0.0
2026-05-26T12:50:24.104,93.885,2141,STOP,0.003462,0.002915,-0.000137,0.8,0.0,0.0,L,0,0,-0.0,0.0,-0.0,0.0
2026-05-26T12:50:24.148,93.929,2142,STOP,0.004856,0.003303,-0.000388,0.8,0.0,0.0,L,0,0,-0.0,0.0,-0.0,0.0
2026-05-26T12:50:24.178,93.959,2143,STOP,0.003665,0.003376,-7.2e-05,0.8,0.0,0.0,L,0,0,-0.0,0.0,-0.0,0.0
2026-05-26T12:50:24.223,94.004,2144,STOP,0.00313,0.003326,4.9e-05,0.8,0.0,0.0,L,0,0,-0.0,0.0,-0.0,0.0
2026-05-26T12:50:24.245,94.026,2145,STOP,0.005198,0.003701,-0.000374,0.8,0.0,0.0,L,0,0,-0.0,0.0,-0.0,0.0
2026-05-26T12:50:24.295,94.076,2146,STOP,0.002524,0.003465,0.000235,0.8,0.0,0.0,L,0,0,-0.0,0.0,-0.0,0.0
2026-05-26T12:50:24.330,94.112,2147,STOP,0.004777,0.003728,-0.000262,0.8,0.0,0.0,L,0,0,-0.0,0.0,-0.0,0.0
2026-05-26T12:50:24.387,94.168,2148,STOP,0.005644,0.004111,-0.000383,0.8,0.0,0.0,L,0,0,-0.0,0.0,-0.0,0.0
2026-05-26T12:50:24.441,94.222,2149,STOP,0.001482,0.003585,0.000526,0.8,0.0,0.0,L,0,0,0.2734,0.0204,-0.0,0.0
2026-05-26T12:50:24.486,94.267,2150,RIGHT,0.001608,0.00319,0.000395,0.8,0.0,0.0,L,0,0,1.0,0.4209,-0.0,1.0
2026-05-26T12:50:24.533,94.314,2151,RIGHT,0.003941,0.00334,-0.00015,0.8,0.0,0.0,L,0,0,1.0,0.4728,-0.0,1.0
2026-05-26T12:50:24.583,94.365,2152,RIGHT,0.005699,0.003812,-0.000472,0.8,0.0,0.0,L,0,0,1.0,0.479,-0.0,1.0
2026-05-26T12:50:24.613,94.395,2153,RIGHT,0.008428,0.004735,-0.000923,0.8,0.0,0.0,L,0,0,1.0,0.479,-0.0,1.0
2026-05-26T12:50:24.657,94.438,2154,RIGHT,0.035515,0.010891,-0.006156,0.8,0.0,0.0,L,0,0,1.0,0.4815,-0.0,1.0
2026-05-26T12:50:24.709,94.49,2155,RIGHT,0.055991,0.019911,-0.00902,0.8,0.0,0.0,L,0,0,1.0,0.4802,-0.0,1.0
2026-05-26T12:50:24.767,94.548,2156,RIGHT,0.092905,0.03451,-0.014599,0.8,0.0,0.0,L,0,0,1.0,0.4808,-0.0,1.0
2026-05-26T12:50:24.810,94.591,2157,RIGHT,0.091834,0.045975,-0.011465,0.8,0.0,0.0,L,0,0,1.0,0.4808,-0.0,1.0
2026-05-26T12:50:24.834,94.615,2158,RIGHT,0.074505,0.051681,-0.005706,0.8,0.0,0.0,M,0,0,1.0,0.4808,-0.0,1.0
2026-05-26T12:50:24.893,94.674,2159,RIGHT,0.11634,0.064612,-0.012932,0.8,0.0,0.0,M,0,0,1.0,0.4808,-0.0,1.0
2026-05-26T12:50:24.933,94.714,2160,RIGHT,0.139591,0.079608,-0.014996,0.8,0.0,0.0,M,0,0,1.0,0.4808,-0.0,1.0
2026-05-26T12:50:24.997,94.778,2161,RIGHT,0.120739,0.087834,-0.008226,0.8,0.0,0.0,M,0,0,1.0,0.4808,-0.0,1.0
2026-05-26T12:50:25.061,94.843,2162,RIGHT,0.098263,0.08992,-0.002086,0.8,0.0,0.0,M,0,0,1.0,0.4821,-0.0,1.0
2026-05-26T12:50:25.103,94.885,2163,RIGHT,0.132523,0.098441,-0.008521,0.8,0.0,0.0,M,0,0,1.0,0.4821,-0.0,1.0
2026-05-26T12:50:25.131,94.913,2164,RIGHT,0.209494,0.120651,-0.022211,0.8,0.0,0.0,M,0,0,1.0,0.4821,-0.0,1.0
2026-05-26T12:50:25.157,94.938,2165,RIGHT,0.199025,0.136326,-0.015675,0.8,0.0,0.0,M,0,0,1.0,0.4821,-0.0,1.0
2026-05-26T12:50:25.213,94.994,2166,RIGHT,0.09195,0.127451,0.008875,0.8,0.0,0.0,M,0,0,1.0,0.4815,-0.0,1.0
2026-05-26T12:50:25.239,95.021,2167,RIGHT,0.107569,0.123474,0.003976,0.8,0.0,0.0,M,0,0,1.0,0.4815,-0.0,1.0
2026-05-26T12:50:25.295,95.076,2168,RIGHT,0.208464,0.140472,-0.016998,0.8,0.0,0.0,M,0,0,1.0,0.4821,-0.0,1.0
2026-05-26T12:50:25.353,95.134,2169,RIGHT,0.18715,0.149808,-0.009336,0.8,0.0,0.0,M,0,0,1.0,0.4827,-0.0,1.0
2026-05-26T12:50:25.420,95.201,2170,RIGHT,0.053539,0.130554,0.019254,0.8,0.0,0.0,M,0,0,1.0,0.4821,-0.0,1.0
2026-05-26T12:50:25.476,95.257,2171,RIGHT,0.114807,0.127404,0.003149,0.8,0.0,0.0,M,0,0,1.0,0.4227,-0.0,1.0
2026-05-26T12:50:25.503,95.285,2172,RIGHT,0.083757,0.118675,0.008729,0.8,0.0,0.0,M,0,0,1.0,0.0884,-0.0,1.0
2026-05-26T12:50:25.556,95.338,2173,RIGHT,0.072425,0.109425,0.00925,0.8,0.0,0.0,M,0,0,0.4573,0.0,-0.0,0.4573
2026-05-26T12:50:25.590,95.371,2174,RIGHT,0.038501,0.09524,0.014185,0.8,0.0,0.0,M,0,0,0.4573,0.0,-0.0,0.4573
2026-05-26T12:50:25.638,95.42,2175,STOP,0.161176,0.108427,-0.013187,0.8,0.0,0.0,M,0,0,-0.0,0.0,-0.0,0.0
2026-05-26T12:50:25.683,95.464,2176,STOP,0.164719,0.119686,-0.011258,0.8,0.0,0.0,M,0,0,-0.0,0.0,-0.0,0.0
2026-05-26T12:50:25.699,95.48,2177,STOP,0.103405,0.116429,0.003256,0.8,0.0,0.0,M,0,0,-0.0,0.0,-0.0,0.0
2026-05-26T12:50:25.745,95.526,2178,STOP,0.106119,0.114367,0.002062,0.8,0.0,0.0,M,0,0,-0.0,0.0,-0.0,0.0
2026-05-26T12:50:25.799,95.58,2179,STOP,0.132532,0.118,-0.003633,0.8,0.0,0.0,M,0,0,-0.0,0.0,-0.0,0.0
2026-05-26T12:50:25.847,95.628,2180,STOP,0.143624,0.123125,-0.005125,0.8,0.0,0.0,M,0,0,-0.0,0.0,-0.0,0.0
2026-05-26T12:50:25.911,95.692,2181,STOP,0.062764,0.111053,0.012072,0.8,0.0,0.0,M,0,0,-0.0,0.0,-0.0,0.0
2026-05-26T12:50:25.992,95.774,2182,STOP,0.072923,0.103427,0.007626,0.8,0.0,0.0,M,0,0,-0.0,0.0,-0.0,0.0
2026-05-26T12:50:26.066,95.847,2183,STOP,0.074805,0.097702,0.005724,0.8,0.0,0.0,M,0,0,-0.0,0.0,-0.0,0.0
2026-05-26T12:50:26.117,95.898,2184,STOP,0.06545,0.091252,0.00645,0.8,0.0,0.0,M,0,0,-0.0,0.0,-0.0,0.0
2026-05-26T12:50:26.179,95.961,2185,STOP,0.060583,0.085118,0.006134,0.8,0.0,0.0,M,0,0,-0.0,0.0,-0.0,0.0
2026-05-26T12:50:26.223,96.005,2186,STOP,0.02831,0.073756,0.011362,0.8,0.0,0.0,M,0,0,-0.0,0.0,-0.0,0.0
2026-05-26T12:50:26.268,96.05,2187,STOP,0.013464,0.061698,0.012059,0.8,0.0,0.0,M,0,0,-0.0,0.0,-0.0,0.0
2026-05-26T12:50:26.316,96.097,2188,STOP,0.020591,0.053477,0.008221,0.8,0.0,0.0,M,0,0,-0.0,0.0,-0.0,0.0
2026-05-26T12:50:26.369,96.15,2189,STOP,0.015171,0.045815,0.007661,0.8,0.0,0.0,L,0,0,-0.0,0.0,-0.0,0.0
2026-05-26T12:50:26.400,96.181,2190,STOP,0.016575,0.039967,0.005848,0.8,0.0,0.0,L,0,0,-0.0,0.0,-0.0,0.0
2026-05-26T12:50:26.440,96.221,2191,STOP,0.009538,0.033881,0.006086,0.8,0.0,0.0,L,0,0,-0.0,0.0,-0.0,0.0
2026-05-26T12:50:26.501,96.282,2192,STOP,0.010057,0.029116,0.004765,0.8,0.0,0.0,L,0,0,-0.0,0.0,-0.0,0.0
2026-05-26T12:50:26.550,96.331,2193,STOP,0.01363,0.026019,0.003097,0.8,0.0,0.0,L,0,0,-0.0,0.0,-0.0,0.0
2026-05-26T12:50:26.615,96.396,2194,STOP,0.003751,0.021565,0.004454,0.8,0.0,0.0,L,0,0,-0.0,0.0,-0.0,0.0
2026-05-26T12:50:26.661,96.442,2195,STOP,0.003841,0.018021,0.003545,0.8,0.0,0.0,L,0,0,-0.0,0.0,-0.0,0.0
2026-05-26T12:50:26.693,96.474,2196,STOP,0.005764,0.015569,0.002451,0.8,0.0,0.0,L,0,0,-0.0,0.0,-0.0,0.0
2026-05-26T12:50:26.758,96.54,2197,STOP,0.005571,0.01357,0.002,0.8,0.0,0.0,L,0,0,-0.0,0.0,-0.0,0.0
2026-05-26T12:50:26.795,96.576,2198,STOP,0.002981,0.011452,0.002118,0.8,0.0,0.0,L,0,0,-0.0,0.0,-0.0,0.0
2026-05-26T12:50:26.825,96.606,2199,STOP,0.002507,0.009663,0.001789,0.8,0.0,0.0,L,0,0,-0.0,0.0,-0.0,0.0
2026-05-26T12:50:26.879,96.66,2200,STOP,0.013414,0.010413,-0.00075,0.8,0.0,0.0,L,0,0,-0.0,0.0,-0.0,0.0
2026-05-26T12:50:26.909,96.69,2201,STOP,0.008303,0.009991,0.000422,0.8,0.0,0.0,L,0,0,-0.0,0.0,-0.0,0.0
2026-05-26T12:50:26.951,96.732,2202,STOP,0.01201,0.010395,-0.000404,0.8,0.0,0.0,L,0,0,-0.0,0.0,-0.0,0.0
2026-05-26T12:50:26.987,96.768,2203,STOP,0.015527,0.011421,-0.001026,0.8,0.0,0.0,L,0,0,-0.0,0.0,-0.0,0.0
2026-05-26T12:50:27.010,96.791,2204,STOP,0.010128,0.011163,0.000259,0.8,0.0,0.0,L,0,0,-0.0,0.0,-0.0,0.0
2026-05-26T12:50:27.051,96.832,2205,STOP,0.002983,0.009527,0.001636,0.8,0.0,0.0,L,0,0,-0.0,0.0,-0.0,0.0
2026-05-26T12:50:27.088,96.869,2206,STOP,0.010643,0.00975,-0.000223,0.8,0.0,0.0,L,0,0,-0.0,0.0,-0.0,0.0
2026-05-26T12:50:27.131,96.912,2207,STOP,0.007486,0.009297,0.000453,0.8,0.0,0.0,L,0,0,-0.0,0.0,-0.0,0.0
2026-05-26T12:50:27.165,96.946,2208,STOP,0.003576,0.008153,0.001144,0.8,0.0,0.0,L,0,0,-0.0,0.0,-0.0,0.0
2026-05-26T12:50:27.207,96.988,2209,FORWARD,0.005009,0.007524,0.000629,0.8,0.0,0.0,L,0,0,-0.0,0.4666,-0.0,0.4666
2026-05-26T12:50:27.255,97.036,2210,FORWARD,0.003489,0.006717,0.000807,0.8,0.0,0.0,L,0,0,-0.0,0.8535,-0.0,0.8535
2026-05-26T12:50:27.307,97.088,2211,FORWARD,0.003956,0.006165,0.000552,0.8,0.0,0.0,L,0,0,-0.0,0.9938,-0.0,0.9938
2026-05-26T12:50:27.360,97.141,2212,FORWARD,0.005265,0.005985,0.00018,0.8,0.0,0.0,L,0,0,-0.0,0.9981,-0.0,0.9981
2026-05-26T12:50:27.427,97.208,2213,FORWARD,0.028112,0.01041,-0.004425,0.8,0.0,0.0,L,0,0,-0.0,1.0,-0.0,1.0
2026-05-26T12:50:27.457,97.238,2214,FORWARD,0.040841,0.016496,-0.006086,0.8,0.0,0.0,L,0,0,-0.0,1.0,-0.0,1.0
2026-05-26T12:50:27.489,97.27,2215,FORWARD,0.050169,0.023231,-0.006734,0.8,0.0,0.0,L,0,0,-0.0,1.0,-0.0,1.0
2026-05-26T12:50:27.521,97.302,2216,FORWARD,0.058544,0.030293,-0.007063,0.8,0.0,0.0,L,0,0,-0.0,1.0,-0.0,1.0
2026-05-26T12:50:27.569,97.35,2217,FORWARD,0.05927,0.036089,-0.005795,0.8,0.0,0.0,L,0,0,-0.0,1.0,-0.0,1.0
2026-05-26T12:50:27.599,97.38,2218,FORWARD,0.037354,0.036342,-0.000253,0.8,0.0,0.0,L,0,0,-0.0,1.0,-0.0,1.0
2026-05-26T12:50:27.633,97.414,2219,FORWARD,0.020073,0.033088,0.003254,0.8,0.0,0.0,L,0,0,-0.0,1.0,-0.0,1.0
2026-05-26T12:50:27.696,97.477,2220,FORWARD,0.077233,0.041917,-0.008829,0.8,0.0,0.0,L,0,0,-0.0,1.0,-0.0,1.0
2026-05-26T12:50:27.752,97.533,2221,FORWARD,0.092038,0.051941,-0.010024,0.8,0.0,0.0,M,0,0,-0.0,1.0,-0.0,1.0
2026-05-26T12:50:27.803,97.584,2222,FORWARD,0.084841,0.058521,-0.00658,0.8,0.0,0.0,M,0,0,-0.0,1.0,-0.0,1.0
2026-05-26T12:50:27.823,97.604,2223,FORWARD,0.062967,0.05941,-0.000889,0.8,0.0,0.0,M,0,0,-0.0,1.0,-0.0,1.0
2026-05-26T12:50:27.875,97.656,2224,FORWARD,0.043082,0.056145,0.003266,0.8,0.0,0.0,M,0,0,-0.0,1.0,-0.0,1.0
2026-05-26T12:50:27.906,97.688,2225,FORWARD,0.03853,0.052622,0.003523,0.8,0.0,0.0,M,0,0,-0.0,1.0,-0.0,1.0
2026-05-26T12:50:27.925,97.706,2226,FORWARD,0.039345,0.049966,0.002655,0.8,0.0,0.0,L,0,0,-0.0,1.0,-0.0,1.0
2026-05-26T12:50:27.961,97.742,2227,FORWARD,0.022622,0.044497,0.005469,0.8,0.0,0.0,L,0,0,-0.0,1.0,-0.0,1.0
2026-05-26T12:50:27.995,97.776,2228,FORWARD,0.029264,0.041451,0.003047,0.8,0.0,0.0,L,0,0,-0.0,1.0,-0.0,1.0
2026-05-26T12:50:28.054,97.835,2229,FORWARD,0.03215,0.039591,0.00186,0.8,0.0,0.0,L,0,0,-0.0,1.0,-0.0,1.0
2026-05-26T12:50:28.103,97.884,2230,FORWARD,0.016557,0.034984,0.004607,0.8,0.0,0.0,L,0,0,-0.0,1.0,-0.0,1.0
2026-05-26T12:50:28.143,97.924,2231,FORWARD,0.020763,0.03214,0.002844,0.8,0.0,0.0,L,0,0,-0.0,1.0,-0.0,1.0
2026-05-26T12:50:28.182,97.963,2232,FORWARD,0.027759,0.031263,0.000876,0.8,0.0,0.0,L,0,0,-0.0,1.0,-0.0,1.0
2026-05-26T12:50:28.212,97.993,2233,FORWARD,0.029842,0.030979,0.000284,0.8,0.0,0.0,L,0,0,-0.0,1.0,-0.0,1.0
2026-05-26T12:50:28.254,98.036,2234,FORWARD,0.01679,0.028141,0.002838,0.8,0.0,0.0,L,0,0,-0.0,1.0,-0.0,1.0
2026-05-26T12:50:28.293,98.074,2235,FORWARD,0.027353,0.027984,0.000158,0.8,0.0,0.0,L,0,0,-0.0,1.0,-0.0,1.0
2026-05-26T12:50:28.324,98.106,2236,FORWARD,0.026578,0.027703,0.000281,0.8,0.0,0.0,L,0,0,-0.0,1.0,-0.0,1.0
2026-05-26T12:50:28.355,98.136,2237,FORWARD,0.018764,0.025915,0.001788,0.8,0.0,0.0,L,0,0,-0.0,1.0,-0.0,1.0
2026-05-26T12:50:28.398,98.179,2238,FORWARD,0.013985,0.023529,0.002386,0.8,0.0,0.0,L,0,0,-0.0,1.0,-0.0,1.0
2026-05-26T12:50:28.440,98.222,2239,FORWARD,0.020634,0.02295,0.000579,0.8,0.0,0.0,L,0,0,-0.0,1.0,-0.0,1.0
2026-05-26T12:50:28.497,98.278,2240,FORWARD,0.015331,0.021426,0.001524,0.8,0.0,0.0,L,0,0,-0.0,1.0,-0.0,1.0
2026-05-26T12:50:28.541,98.323,2241,FORWARD,0.01868,0.020877,0.000549,0.8,0.0,0.0,L,0,0,-0.0,1.0,-0.0,1.0
2026-05-26T12:50:28.599,98.381,2242,FORWARD,0.021339,0.020969,-9.2e-05,0.8,0.0,0.0,L,0,0,-0.0,1.0,-0.0,1.0
2026-05-26T12:50:28.638,98.42,2243,FORWARD,0.021127,0.021001,-3.2e-05,0.8,0.0,0.0,L,0,0,-0.0,1.0,-0.0,1.0
2026-05-26T12:50:28.679,98.46,2244,FORWARD,0.021368,0.021074,-7.3e-05,0.8,0.0,0.0,L,0,0,-0.0,1.0,-0.0,1.0
2026-05-26T12:50:28.721,98.502,2245,FORWARD,0.022898,0.021439,-0.000365,0.8,0.0,0.0,L,0,0,-0.0,1.0,-0.0,1.0
2026-05-26T12:50:28.755,98.536,2246,FORWARD,0.023204,0.021792,-0.000353,0.8,0.0,0.0,L,0,0,-0.0,1.0,-0.0,1.0
2026-05-26T12:50:28.789,98.57,2247,FORWARD,0.01392,0.020217,0.001574,0.8,0.0,0.0,L,0,0,-0.0,1.0,-0.0,1.0
2026-05-26T12:50:28.838,98.619,2248,FORWARD,0.013969,0.018968,0.00125,0.8,0.0,0.0,L,0,0,-0.0,1.0,-0.0,1.0
2026-05-26T12:50:28.881,98.662,2249,FORWARD,0.014659,0.018106,0.000862,0.8,0.0,0.0,L,0,0,0.4355,1.0,-0.0,1.0
2026-05-26T12:50:28.920,98.702,2250,FORWARD,0.013771,0.017239,0.000867,0.8,0.0,0.0,L,0,0,0.6058,1.0,-0.0,1.0
2026-05-26T12:50:28.982,98.763,2251,FORWARD,0.016281,0.017047,0.000192,0.8,0.0,0.0,L,0,0,0.6064,1.0,-0.0,1.0
2026-05-26T12:50:29.021,98.803,2252,FORWARD,0.017057,0.017049,-2e-06,0.8,0.0,0.0,L,0,0,0.6058,1.0,-0.0,1.0
2026-05-26T12:50:29.073,98.854,2253,FORWARD,0.021964,0.018032,-0.000983,0.8,0.0,0.0,L,0,0,0.6058,1.0,-0.0,1.0
2026-05-26T12:50:29.119,98.9,2254,FORWARD,0.03294,0.021014,-0.002982,0.8,0.0,0.0,L,0,0,0.6064,1.0,-0.0,1.0
2026-05-26T12:50:29.170,98.951,2255,FORWARD,0.041616,0.025134,-0.00412,0.8,0.0,0.0,L,0,0,0.6058,1.0,-0.0,1.0
2026-05-26T12:50:29.228,99.009,2256,FORWARD,0.027685,0.025644,-0.00051,0.8,0.0,0.0,L,0,0,0.6058,1.0,-0.0,1.0
2026-05-26T12:50:29.274,99.056,2257,FORWARD,0.056801,0.031876,-0.006231,0.8,0.0,0.0,L,0,0,0.6058,1.0,-0.0,1.0
2026-05-26T12:50:29.321,99.102,2258,FORWARD,0.05132,0.035765,-0.003889,0.8,0.0,0.0,L,0,0,0.6064,1.0,-0.0,1.0
2026-05-26T12:50:29.361,99.142,2259,FORWARD,0.034083,0.035428,0.000336,0.8,0.0,0.0,L,0,0,0.6064,1.0,-0.0,1.0
2026-05-26T12:50:29.405,99.186,2260,FORWARD,0.030596,0.034462,0.000966,0.8,0.0,0.0,L,0,0,0.6058,1.0,-0.0,1.0
2026-05-26T12:50:29.428,99.21,2261,FORWARD,0.052342,0.038038,-0.003576,0.8,0.0,0.0,L,0,0,0.6064,1.0,-0.0,1.0
2026-05-26T12:50:29.461,99.242,2262,FORWARD,0.102048,0.05084,-0.012802,0.8,0.0,0.0,M,0,0,0.6064,1.0,-0.0,1.0
2026-05-26T12:50:29.485,99.267,2263,FORWARD,0.089964,0.058665,-0.007825,0.8,0.0,0.0,M,0,0,0.6064,1.0,-0.0,1.0
2026-05-26T12:50:29.521,99.302,2264,FORWARD,0.060966,0.059125,-0.00046,0.8,0.0,0.0,M,0,0,0.6058,1.0,-0.0,1.0
2026-05-26T12:50:29.566,99.347,2265,FORWARD,0.046017,0.056503,0.002622,0.8,0.0,0.0,M,0,0,0.6064,1.0,-0.0,1.0
2026-05-26T12:50:29.617,99.398,2266,FORWARD,0.088493,0.062901,-0.006398,0.8,0.0,0.0,M,0,0,0.6075,1.0,-0.0,1.0
2026-05-26T12:50:29.674,99.455,2267,FORWARD,0.104589,0.071239,-0.008338,0.8,0.0,0.0,M,0,0,0.6117,1.0,-0.0,1.0
2026-05-26T12:50:29.709,99.49,2268,FORWARD,0.079204,0.072832,-0.001593,0.8,0.0,0.0,M,0,0,0.6293,1.0,-0.0,1.0
2026-05-26T12:50:29.734,99.515,2269,FORWARD,0.048896,0.068045,0.004787,0.8,0.0,0.0,M,0,0,0.6293,1.0,-0.0,1.0
2026-05-26T12:50:29.781,99.562,2270,FORWARD,0.081563,0.070748,-0.002704,0.8,0.0,0.0,M,0,0,0.6441,1.0,-0.0,1.0
2026-05-26T12:50:29.819,99.601,2271,FORWARD,0.124706,0.08154,-0.010792,0.8,0.0,0.0,M,0,0,0.6612,1.0,-0.0,1.0
2026-05-26T12:50:29.853,99.634,2272,FORWARD,0.12663,0.090558,-0.009018,0.8,0.0,0.0,M,0,0,0.6747,1.0,-0.0,1.0
2026-05-26T12:50:29.876,99.657,2273,FORWARD,0.079329,0.088312,0.002246,0.8,0.0,0.0,M,0,0,0.6788,1.0,-0.0,1.0
2026-05-26T12:50:29.915,99.696,2274,FORWARD,0.05795,0.08224,0.006072,0.8,0.0,0.0,M,0,0,0.6959,1.0,-0.0,1.0
2026-05-26T12:50:29.956,99.737,2275,FORWARD,0.112529,0.088298,-0.006058,0.8,0.0,0.0,M,0,0,0.8344,0.8696,-0.0,0.8696
2026-05-26T12:50:29.991,99.772,2276,RIGHT,0.134228,0.097484,-0.009186,0.8,0.0,0.0,M,0,0,1.0,0.6817,-0.0,1.0
2026-05-26T12:50:30.031,99.812,2277,RIGHT,0.120295,0.102046,-0.004562,0.8,0.0,0.0,M,0,0,1.0,0.6817,-0.0,1.0
2026-05-26T12:50:30.083,99.864,2278,RIGHT,0.077562,0.097149,0.004897,0.8,0.0,0.0,M,0,0,1.0,0.6082,-0.0,1.0
2026-05-26T12:50:30.131,99.912,2279,RIGHT,0.078024,0.093324,0.003825,0.8,0.0,0.0,M,0,0,1.0,0.5222,-0.0,1.0
2026-05-26T12:50:30.183,99.964,2280,RIGHT,0.118695,0.098398,-0.005074,0.8,0.0,0.0,M,0,0,1.0,0.4604,-0.0,1.0
2026-05-26T12:50:30.253,100.034,2281,RIGHT,0.084731,0.095665,0.002733,0.8,0.0,0.0,M,0,0,1.0,0.4413,-0.0,1.0
2026-05-26T12:50:30.295,100.077,2282,RIGHT,0.067203,0.089972,0.005692,0.8,0.0,0.0,M,0,0,1.0,0.4382,-0.0,1.0
2026-05-26T12:50:30.336,100.117,2283,RIGHT,0.095508,0.09108,-0.001107,0.8,0.0,0.0,M,0,0,1.0,0.437,-0.0,1.0
2026-05-26T12:50:30.364,100.146,2284,RIGHT,0.125881,0.09804,-0.00696,0.8,0.0,0.0,M,0,0,1.0,0.4376,-0.0,1.0
2026-05-26T12:50:30.416,100.198,2285,RIGHT,0.099337,0.098299,-0.00026,0.8,0.0,0.0,M,0,0,1.0,0.4376,-0.0,1.0
2026-05-26T12:50:30.471,100.252,2286,RIGHT,0.102595,0.099159,-0.000859,0.8,0.0,0.0,M,0,0,1.0,0.437,-0.0,1.0
2026-05-26T12:50:30.509,100.29,2287,RIGHT,0.187707,0.116868,-0.01771,0.8,0.0,0.0,M,0,0,1.0,0.437,-0.0,1.0
2026-05-26T12:50:30.567,100.348,2288,RIGHT,0.174658,0.128426,-0.011558,0.8,0.0,0.0,M,0,0,1.0,0.4382,-0.0,1.0
2026-05-26T12:50:30.634,100.415,2289,RIGHT,0.058058,0.114352,0.014074,0.8,0.0,0.0,M,0,0,1.0,0.437,-0.0,1.0
2026-05-26T12:50:30.693,100.474,2290,RIGHT,0.088414,0.109165,0.005188,0.8,0.0,0.0,M,0,0,1.0,0.437,-0.0,1.0
2026-05-26T12:50:30.761,100.542,2291,RIGHT,0.165675,0.120467,-0.011302,0.8,0.0,0.0,M,0,0,1.0,0.4382,-0.0,1.0
2026-05-26T12:50:30.807,100.588,2292,RIGHT,0.103204,0.117014,0.003453,0.8,0.0,0.0,M,0,0,1.0,0.4376,-0.0,1.0
2026-05-26T12:50:30.835,100.616,2293,RIGHT,0.068303,0.107272,0.009742,0.8,0.0,0.0,M,0,0,1.0,0.437,-0.0,1.0
2026-05-26T12:50:30.863,100.644,2294,RIGHT,0.180866,0.121991,-0.014719,0.8,0.0,0.0,M,0,0,1.0,0.437,-0.0,1.0
2026-05-26T12:50:30.909,100.69,2295,RIGHT,0.162075,0.130008,-0.008017,0.8,0.0,0.0,M,0,0,1.0,0.4363,-0.0,1.0
2026-05-26T12:50:30.954,100.735,2296,RIGHT,0.094997,0.123006,0.007002,0.8,0.0,0.0,M,0,0,1.0,0.437,-0.0,1.0
2026-05-26T12:50:30.987,100.768,2297,RIGHT,0.158623,0.130129,-0.007124,0.8,0.0,0.0,M,0,0,1.0,0.4382,-0.0,1.0
2026-05-26T12:50:31.025,100.806,2298,RIGHT,0.217725,0.147648,-0.017519,0.8,0.0,0.0,M,0,0,1.0,0.4382,-0.0,1.0
2026-05-26T12:50:31.067,100.849,2299,RIGHT,0.226984,0.163515,-0.015867,0.8,0.0,0.0,H,0,0,0.9864,0.7101,-0.0,0.9864
2026-05-26T12:50:31.099,100.88,2300,FORWARD,0.153161,0.161444,0.002071,0.8,0.0,0.0,H,0,0,0.8214,0.8578,-0.0,0.8578
2026-05-26T12:50:31.156,100.938,2301,FORWARD,0.087855,0.146727,0.014718,0.8,0.0,0.0,M,0,0,0.5704,1.0,-0.0,1.0
2026-05-26T12:50:31.186,100.968,2302,FORWARD,0.181138,0.153609,-0.006882,0.8,0.0,0.0,H,0,0,0.1444,1.0,-0.0,1.0
2026-05-26T12:50:31.236,101.018,2303,FORWARD,0.201352,0.163157,-0.009549,0.8,0.0,0.0,H,0,0,-0.0,1.0,-0.0,1.0
2026-05-26T12:50:31.281,101.062,2304,FORWARD,0.177054,0.165937,-0.002779,0.8,0.0,0.0,H,0,0,-0.0,1.0,-0.0,1.0
2026-05-26T12:50:31.329,101.11,2305,FORWARD,0.050186,0.142787,0.02315,0.8,0.0,0.0,M,0,0,-0.0,1.0,-0.0,1.0
2026-05-26T12:50:31.369,101.15,2306,FORWARD,0.169735,0.148176,-0.00539,0.8,0.0,0.0,M,0,0,-0.0,1.0,-0.0,1.0
2026-05-26T12:50:31.427,101.208,2307,FORWARD,0.199662,0.158473,-0.010297,0.8,0.0,0.0,H,0,0,-0.0,1.0,-0.0,1.0
2026-05-26T12:50:31.467,101.248,2308,FORWARD,0.18779,0.164337,-0.005863,0.8,0.0,0.0,H,0,0,-0.0,1.0,-0.0,1.0
2026-05-26T12:50:31.497,101.278,2309,FORWARD,0.113525,0.154174,0.010162,0.8,0.0,0.0,H,0,0,-0.0,1.0,-0.0,1.0
2026-05-26T12:50:31.556,101.337,2310,FORWARD,0.12716,0.148772,0.005403,0.8,0.0,0.0,M,0,0,-0.0,1.0,-0.0,1.0
2026-05-26T12:50:31.615,101.396,2311,FORWARD,0.156154,0.150248,-0.001477,0.8,0.0,0.0,H,0,0,0.1921,1.0,-0.0,1.0
2026-05-26T12:50:31.672,101.453,2312,FORWARD,0.129437,0.146086,0.004162,0.8,0.0,0.0,M,0,0,0.3088,1.0,-0.0,1.0
2026-05-26T12:50:31.719,101.5,2313,FORWARD,0.065719,0.130013,0.016073,0.8,0.0,0.0,M,0,0,0.4915,1.0,-0.0,1.0
2026-05-26T12:50:31.780,101.551,2314,FORWARD,0.080879,0.120186,0.009827,0.8,0.0,0.0,M,0,0,0.4915,1.0,-0.0,1.0
2026-05-26T12:50:31.838,101.619,2315,FORWARD,0.083481,0.112845,0.007341,0.8,0.0,0.0,M,0,0,0.4915,1.0,-0.0,1.0
2026-05-26T12:50:31.884,101.665,2316,FORWARD,0.053105,0.100897,0.011948,0.8,0.0,0.0,M,0,0,0.4915,1.0,-0.0,1.0
2026-05-26T12:50:31.935,101.716,2317,FORWARD,0.04568,0.089854,0.011043,0.8,0.0,0.0,M,0,0,0.4915,1.0,-0.0,1.0
2026-05-26T12:50:31.977,101.758,2318,FORWARD,0.05426,0.082735,0.007119,0.8,0.0,0.0,M,0,0,0.4926,1.0,-0.0,1.0
2026-05-26T12:50:32.015,101.797,2319,FORWARD,0.060964,0.078381,0.004354,0.8,0.0,0.0,M,0,0,0.4938,1.0,-0.0,1.0
2026-05-26T12:50:32.078,101.86,2320,FORWARD,0.034669,0.069638,0.008742,0.8,0.0,0.0,M,0,0,0.4979,1.0,-0.0,1.0
2026-05-26T12:50:32.099,101.88,2321,FORWARD,0.035735,0.062858,0.006781,0.8,0.0,0.0,M,0,0,0.4979,1.0,-0.0,1.0
2026-05-26T12:50:32.143,101.924,2322,FORWARD,0.05054,0.060394,0.002464,0.8,0.0,0.0,M,0,0,0.4997,1.0,-0.0,1.0
2026-05-26T12:50:32.194,101.975,2323,FORWARD,0.063637,0.061043,-0.000649,0.8,0.0,0.0,M,0,0,0.5262,1.0,-0.0,1.0
2026-05-26T12:50:32.220,102.001,2324,FORWARD,0.066935,0.062221,-0.001178,0.8,0.0,0.0,M,0,0,0.5321,1.0,-0.0,1.0
2026-05-26T12:50:32.295,102.076,2325,FORWARD,0.063853,0.062548,-0.000326,0.8,0.0,0.0,M,0,0,0.5645,1.0,-0.0,1.0
2026-05-26T12:50:32.343,102.124,2326,FORWARD,0.027051,0.055448,0.007099,0.8,0.0,0.0,M,0,0,0.591,1.0,-0.0,1.0
2026-05-26T12:50:32.361,102.142,2327,FORWARD,0.044213,0.053201,0.002247,0.8,0.0,0.0,M,0,0,0.591,1.0,-0.0,1.0
2026-05-26T12:50:32.429,102.21,2328,FORWARD,0.052517,0.053065,0.000137,0.8,0.0,0.0,M,0,0,0.6134,1.0,-0.0,1.0
2026-05-26T12:50:32.488,102.269,2329,FORWARD,0.059671,0.054386,-0.001321,0.8,0.0,0.0,M,0,0,0.6305,1.0,-0.0,1.0
2026-05-26T12:50:32.536,102.317,2330,FORWARD,0.042909,0.05209,0.002295,0.8,0.0,0.0,M,0,0,0.6346,1.0,-0.0,1.0
2026-05-26T12:50:32.607,102.388,2331,FORWARD,0.070282,0.055729,-0.003638,0.8,0.0,0.0,M,0,0,0.6435,1.0,-0.0,1.0
2026-05-26T12:50:32.642,102.424,2332,FORWARD,0.072548,0.059093,-0.003364,0.8,0.0,0.0,M,0,0,0.6464,1.0,-0.0,1.0
2026-05-26T12:50:32.697,102.478,2333,FORWARD,0.046022,0.056478,0.002614,0.8,0.0,0.0,M,0,0,0.6476,1.0,-0.0,1.0
2026-05-26T12:50:32.786,102.568,2334,FORWARD,0.100488,0.06528,-0.008802,0.8,0.0,0.0,M,0,0,0.65,1.0,-0.0,1.0
2026-05-26T12:50:32.856,102.638,2335,FORWARD,0.071982,0.066621,-0.00134,0.8,0.0,0.0,M,0,0,0.6559,1.0,-0.0,1.0
2026-05-26T12:50:32.913,102.694,2336,FORWARD,0.042883,0.061873,0.004747,0.8,0.0,0.0,M,0,0,0.67,1.0,-0.0,1.0
2026-05-26T12:50:32.948,102.729,2337,FORWARD,0.063446,0.062188,-0.000315,0.8,0.0,0.0,M,0,0,0.6747,1.0,-0.0,1.0
2026-05-26T12:50:32.980,102.761,2338,FORWARD,0.126508,0.075052,-0.012864,0.8,0.0,0.0,M,0,0,0.6824,1.0,-0.0,1.0
2026-05-26T12:50:33.021,102.802,2339,FORWARD,0.116031,0.083248,-0.008196,0.8,0.0,0.0,M,0,0,0.6906,1.0,-0.0,1.0
2026-05-26T12:50:33.068,102.849,2340,FORWARD,0.063586,0.079315,0.003932,0.8,0.0,0.0,M,0,0,0.7095,0.9988,-0.0,0.9988
2026-05-26T12:50:33.135,102.916,2341,FORWARD,0.123566,0.088166,-0.00885,0.8,0.0,0.0,M,0,0,0.713,0.9957,-0.0,0.9957
2026-05-26T12:50:33.176,102.957,2342,FORWARD,0.138055,0.098143,-0.009978,0.8,0.0,0.0,M,0,0,0.7189,0.9913,-0.0,0.9913
2026-05-26T12:50:33.220,103.001,2343,FORWARD,0.083031,0.095121,0.003023,0.8,0.0,0.0,M,0,0,0.7301,0.9864,-0.0,0.9864
2026-05-26T12:50:33.254,103.035,2344,FORWARD,0.073552,0.090807,0.004314,0.8,0.0,0.0,M,0,0,0.7401,0.9765,-0.0,0.9765
2026-05-26T12:50:33.290,103.071,2345,FORWARD,0.123675,0.097381,-0.006574,0.8,0.0,0.0,M,0,0,0.7708,0.9302,-0.0,0.9302
2026-05-26T12:50:33.341,103.122,2346,FORWARD,0.148842,0.107673,-0.010292,0.8,0.0,0.0,M,0,0,0.782,0.9203,-0.0,0.9203
2026-05-26T12:50:33.361,103.142,2347,FORWARD,0.122151,0.110569,-0.002896,0.8,0.0,0.0,M,0,0,0.7867,0.9147,-0.0,0.9147
2026-05-26T12:50:33.400,103.181,2348,FORWARD,0.093145,0.107084,0.003485,0.8,0.0,0.0,M,0,0,0.7885,0.9166,-0.0,0.9166
2026-05-26T12:50:33.426,103.207,2349,FORWARD,0.151151,0.115897,-0.008814,0.8,0.0,0.0,M,0,0,0.789,0.9172,-0.0,0.9172
2026-05-26T12:50:33.462,103.244,2350,FORWARD,0.175313,0.12778,-0.011883,0.8,0.0,0.0,M,0,0,0.789,0.9153,-0.0,0.9153
2026-05-26T12:50:33.500,103.281,2351,FORWARD,0.165768,0.135378,-0.007598,0.8,0.0,0.0,M,0,0,0.7896,0.9147,-0.0,0.9147
2026-05-26T12:50:33.546,103.327,2352,FORWARD,0.120786,0.13246,0.002918,0.8,0.0,0.0,M,0,0,0.7943,0.9091,-0.0,0.9091
2026-05-26T12:50:33.572,103.353,2353,FORWARD,0.067939,0.119556,0.012904,0.8,0.0,0.0,M,0,0,0.7943,0.9091,-0.0,0.9091
2026-05-26T12:50:33.626,103.407,2354,FORWARD,0.171598,0.129964,-0.010408,0.8,0.0,0.0,M,0,0,0.8097,0.8912,-0.0,0.8912
2026-05-26T12:50:33.658,103.439,2355,FORWARD,0.187209,0.141413,-0.011449,0.8,0.0,0.0,M,0,0,0.8197,0.8881,-0.0,0.8881
2026-05-26T12:50:33.702,103.483,2356,FORWARD,0.171829,0.147496,-0.006083,0.8,0.0,0.0,M,0,0,0.8403,0.8671,-0.0,0.8671
2026-05-26T12:50:33.767,103.548,2357,FORWARD,0.089954,0.135988,0.011509,0.8,0.0,0.0,M,0,0,0.8456,0.8609,-0.0,0.8609
2026-05-26T12:50:33.794,103.575,2358,FORWARD,0.116544,0.132099,0.003889,0.8,0.0,0.0,M,0,0,0.8497,0.8597,-0.0,0.8597
2026-05-26T12:50:33.824,103.605,2359,FORWARD,0.177505,0.14118,-0.009081,0.8,0.0,0.0,M,0,0,0.8539,0.856,-0.0,0.856
2026-05-26T12:50:33.880,103.662,2360,RIGHT,0.180023,0.148949,-0.007769,0.8,0.0,0.0,M,0,0,0.9039,0.8183,-0.0,0.9039
2026-05-26T12:50:33.926,103.707,2361,RIGHT,0.094185,0.137996,0.010953,0.8,0.0,0.0,M,0,0,0.8079,0.5358,-0.0,0.8079
2026-05-26T12:50:33.975,103.756,2362,STOP,0.130419,0.136481,0.001515,0.8,0.0,0.0,M,0,0,-0.0,0.097,-0.0,0.0
2026-05-26T12:50:34.030,103.811,2363,STOP,0.180279,0.14524,-0.00876,0.8,0.0,0.0,M,0,0,-0.0,0.0,-0.0,0.0
2026-05-26T12:50:34.078,103.859,2364,STOP,0.170369,0.150266,-0.005026,0.8,0.0,0.0,H,0,0,-0.0,0.0,-0.0,0.0
2026-05-26T12:50:34.122,103.903,2365,STOP,0.125663,0.145345,0.004921,0.8,0.0,0.0,M,0,0,-0.0,0.0,-0.0,0.0
2026-05-26T12:50:34.153,103.934,2366,STOP,0.160575,0.148391,-0.003046,0.8,0.0,0.0,M,0,0,-0.0,0.0,-0.0,0.0
2026-05-26T12:50:34.202,103.983,2367,STOP,0.171076,0.152928,-0.004537,0.8,0.0,0.0,H,0,0,-0.0,0.0,-0.0,0.0
2026-05-26T12:50:34.230,104.011,2368,STOP,0.154428,0.153228,-0.0003,0.8,0.0,0.0,H,0,0,-0.0,0.0,-0.0,0.0
2026-05-26T12:50:34.262,104.043,2369,STOP,0.07368,0.137319,0.01591,0.8,0.0,0.0,M,0,0,-0.0,0.0,-0.0,0.0
2026-05-26T12:50:34.314,104.095,2370,STOP,0.16022,0.141899,-0.00458,0.8,0.0,0.0,M,0,0,-0.0,0.0,-0.0,0.0
2026-05-26T12:50:34.356,104.137,2371,STOP,0.179622,0.149444,-0.007545,0.8,0.0,0.0,M,0,0,-0.0,0.0,-0.0,0.0
2026-05-26T12:50:34.386,104.167,2372,STOP,0.128545,0.145264,0.00418,0.8,0.0,0.0,M,0,0,-0.0,0.0,-0.0,0.0
2026-05-26T12:50:34.415,104.196,2373,STOP,0.057481,0.127707,0.017557,0.8,0.0,0.0,M,0,0,-0.0,0.0,-0.0,0.0
2026-05-26T12:50:34.454,104.235,2374,STOP,0.102007,0.122567,0.00514,0.8,0.0,0.0,M,0,0,-0.0,0.0,-0.0,0.0
2026-05-26T12:50:34.491,104.272,2375,STOP,0.142487,0.126551,-0.003984,0.8,0.0,0.0,M,0,0,-0.0,0.0,-0.0,0.0
2026-05-26T12:50:34.547,104.328,2376,STOP,0.120604,0.125362,0.00119,0.8,0.0,0.0,M,0,0,-0.0,0.0,-0.0,0.0
2026-05-26T12:50:34.602,104.383,2377,STOP,0.018504,0.10399,0.021372,0.8,0.0,0.0,M,0,0,-0.0,0.0,-0.0,0.0
2026-05-26T12:50:34.662,104.443,2378,STOP,0.07682,0.098556,0.005434,0.8,0.0,0.0,M,0,0,-0.0,0.0,-0.0,0.0
2026-05-26T12:50:34.702,104.483,2379,STOP,0.084016,0.095648,0.002908,0.8,0.0,0.0,M,0,0,-0.0,0.0,-0.0,0.0
2026-05-26T12:50:34.742,104.523,2380,STOP,0.073875,0.091294,0.004355,0.8,0.0,0.0,M,0,0,-0.0,0.0,-0.0,0.0
2026-05-26T12:50:34.790,104.571,2381,STOP,0.057279,0.084491,0.006803,0.8,0.0,0.0,M,0,0,-0.0,0.0,-0.0,0.0
2026-05-26T12:50:34.831,104.612,2382,STOP,0.029708,0.073534,0.010957,0.8,0.0,0.0,M,0,0,-0.0,0.0,-0.0,0.0
2026-05-26T12:50:34.864,104.645,2383,STOP,0.032927,0.065413,0.008121,0.8,0.0,0.0,M,0,0,-0.0,0.0,-0.0,0.0
2026-05-26T12:50:34.912,104.693,2384,STOP,0.017622,0.055855,0.009558,0.8,0.0,0.0,M,0,0,-0.0,0.0,-0.0,0.0
2026-05-26T12:50:34.949,104.73,2385,STOP,0.028696,0.050423,0.005432,0.8,0.0,0.0,M,0,0,-0.0,0.0,-0.0,0.0
2026-05-26T12:50:35.020,104.801,2386,STOP,0.025133,0.045365,0.005058,0.8,0.0,0.0,L,0,0,-0.0,0.0,-0.0,0.0
2026-05-26T12:50:35.068,104.849,2387,STOP,0.016072,0.039506,0.005859,0.8,0.0,0.0,L,0,0,-0.0,0.0,-0.0,0.0
2026-05-26T12:50:35.096,104.877,2388,STOP,0.017408,0.035087,0.00442,0.8,0.0,0.0,L,0,0,-0.0,0.0,-0.0,0.0
2026-05-26T12:50:35.164,104.945,2389,STOP,0.006048,0.029279,0.005808,0.8,0.0,0.0,L,0,0,-0.0,0.0,-0.0,0.0
2026-05-26T12:50:35.186,104.967,2390,STOP,0.009033,0.02523,0.004049,0.8,0.0,0.0,L,0,0,-0.0,0.0,-0.0,0.0
2026-05-26T12:50:35.242,105.023,2391,STOP,0.01038,0.02226,0.00297,0.8,0.0,0.0,L,0,0,-0.0,0.0,-0.0,0.0
2026-05-26T12:50:35.259,105.04,2392,STOP,0.004804,0.018768,0.003491,0.8,0.0,0.0,L,0,0,-0.0,0.0,-0.0,0.0
2026-05-26T12:50:35.300,105.081,2393,ROT_R,0.019534,0.018922,-0.000153,0.8,0.0,0.0,L,0,0,-0.0,0.0,0.3754,0.3754
2026-05-26T12:50:35.354,105.135,2394,ROT_R,0.013041,0.017745,0.001176,0.8,0.0,0.0,L,0,0,-0.0,0.0,0.9411,0.9411
2026-05-26T12:50:35.386,105.167,2395,ROT_R,0.009988,0.016194,0.001552,0.8,0.0,0.0,L,0,0,-0.0,0.0,0.9523,0.9523
2026-05-26T12:50:35.442,105.223,2396,ROT_R,0.022728,0.017501,-0.001307,0.8,0.0,0.0,L,0,0,-0.0,0.0,0.9511,0.9511
2026-05-26T12:50:35.480,105.261,2397,ROT_R,0.026464,0.019293,-0.001793,0.8,0.0,0.0,L,0,0,-0.0,0.0,0.9511,0.9511
2026-05-26T12:50:35.510,105.291,2398,STOP,0.050878,0.02561,-0.006317,0.8,0.0,0.0,L,0,0,-0.0,0.0,0.1349,0.0
2026-05-26T12:50:35.542,105.323,2399,STOP,0.078504,0.036189,-0.010579,0.8,0.0,0.0,L,0,0,-0.0,0.0,-0.0,0.0
2026-05-26T12:50:35.572,105.353,2400,STOP,0.092309,0.047413,-0.011224,0.8,0.0,0.0,L,0,0,-0.0,0.0,-0.0,0.0
2026-05-26T12:50:35.626,105.407,2401,STOP,0.097885,0.057507,-0.010094,0.8,0.0,0.0,M,0,0,-0.0,0.0,-0.0,0.0
2026-05-26T12:50:35.680,105.461,2402,STOP,0.098398,0.065686,-0.008178,0.8,0.0,0.0,M,0,0,-0.0,0.0,-0.0,0.0
2026-05-26T12:50:35.711,105.492,2403,STOP,0.101741,0.072897,-0.007211,0.8,0.0,0.0,M,0,0,-0.0,0.0,-0.0,0.0
2026-05-26T12:50:35.772,105.554,2404,STOP,0.102743,0.078866,-0.005969,0.8,0.0,0.0,M,0,0,-0.0,0.0,-0.0,0.0
2026-05-26T12:50:35.826,105.607,2405,STOP,0.099303,0.082953,-0.004087,0.8,0.0,0.0,M,0,0,-0.0,0.0,-0.0,0.0
2026-05-26T12:50:35.863,105.645,2406,STOP,0.09176,0.084715,-0.001761,0.8,0.0,0.0,M,0,0,-0.0,0.0,-0.0,0.0
2026-05-26T12:50:35.888,105.669,2407,STOP,0.05915,0.079602,0.005113,0.8,0.0,0.0,M,0,0,-0.0,0.0,-0.0,0.0
2026-05-26T12:50:35.922,105.703,2408,STOP,0.054282,0.074538,0.005064,0.8,0.0,0.0,M,0,0,-0.0,0.0,-0.0,0.0
2026-05-26T12:50:35.962,105.743,2409,STOP,0.053258,0.070282,0.004256,0.8,0.0,0.0,M,0,0,-0.0,0.0,-0.0,0.0
2026-05-26T12:50:36.005,105.786,2410,STOP,0.066921,0.06961,0.000672,0.8,0.0,0.0,M,0,0,-0.0,0.0,-0.0,0.0
2026-05-26T12:50:36.044,105.825,2411,STOP,0.055439,0.066776,0.002834,0.8,0.0,0.0,M,0,0,-0.0,0.0,-0.0,0.0
2026-05-26T12:50:36.083,105.864,2412,STOP,0.041036,0.061628,0.005148,0.8,0.0,0.0,M,0,0,-0.0,0.0,-0.0,0.0
2026-05-26T12:50:36.114,105.895,2413,STOP,0.052907,0.059883,0.001744,0.8,0.0,0.0,M,0,0,-0.0,0.0,-0.0,0.0
2026-05-26T12:50:36.167,105.948,2414,STOP,0.059226,0.059752,0.000132,0.8,0.0,0.0,M,0,0,-0.0,0.0,-0.0,0.0
2026-05-26T12:50:36.219,106.0,2415,STOP,0.033321,0.054466,0.005286,0.8,0.0,0.0,M,0,0,-0.0,0.0,-0.0,0.0
2026-05-26T12:50:36.260,106.041,2416,STOP,0.012118,0.045996,0.008469,0.8,0.0,0.0,L,0,0,-0.0,0.0,-0.0,0.0
2026-05-26T12:50:36.311,106.092,2417,STOP,0.048882,0.046573,-0.000577,0.8,0.0,0.0,L,0,0,-0.0,0.0,-0.0,0.0
2026-05-26T12:50:36.338,106.119,2418,STOP,0.04305,0.045869,0.000705,0.8,0.0,0.0,L,0,0,-0.0,0.0,-0.0,0.0
2026-05-26T12:50:36.395,106.177,2419,STOP,0.018584,0.040412,0.005457,0.8,0.0,0.0,L,0,0,-0.0,0.0,-0.0,0.0
2026-05-26T12:50:36.430,106.211,2420,STOP,0.037842,0.039898,0.000514,0.8,0.0,0.0,L,0,0,-0.0,0.0,-0.0,0.0
2026-05-26T12:50:36.484,106.265,2421,STOP,0.019776,0.035874,0.004024,0.8,0.0,0.0,L,0,0,-0.0,0.0,-0.0,0.0
2026-05-26T12:50:36.532,106.313,2422,STOP,0.008391,0.030377,0.005497,0.8,0.0,0.0,L,0,0,-0.0,0.0803,-0.0,0.0
2026-05-26T12:50:36.601,106.382,2423,FORWARD,0.00739,0.02578,0.004597,0.8,0.0,0.0,L,0,0,-0.0,0.7627,-0.0,0.7627
2026-05-26T12:50:36.658,106.439,2424,FORWARD,0.009205,0.022465,0.003315,0.8,0.0,0.0,L,0,0,-0.0,0.9023,-0.0,0.9023
2026-05-26T12:50:36.705,106.487,2425,FORWARD,0.013792,0.02073,0.001735,0.8,0.0,0.0,L,0,0,-0.0,0.9345,-0.0,0.9345
2026-05-26T12:50:36.748,106.529,2426,FORWARD,0.046353,0.025855,-0.005125,0.8,0.0,0.0,L,0,0,-0.0,0.9407,-0.0,0.9407
2026-05-26T12:50:36.787,106.568,2427,FORWARD,0.060732,0.03283,-0.006975,0.8,0.0,0.0,L,0,0,-0.0,0.9419,-0.0,0.9419
2026-05-26T12:50:36.834,106.615,2428,FORWARD,0.07328,0.04092,-0.00809,0.8,0.0,0.0,L,0,0,-0.0,0.9431,-0.0,0.9431
2026-05-26T12:50:36.857,106.638,2429,FORWARD,0.080456,0.048827,-0.007907,0.8,0.0,0.0,L,0,0,-0.0,0.9431,-0.0,0.9431
2026-05-26T12:50:36.897,106.679,2430,FORWARD,0.076187,0.054299,-0.005472,0.8,0.0,0.0,M,0,0,-0.0,0.9438,-0.0,0.9438
2026-05-26T12:50:36.909,106.691,2431,FORWARD,0.051417,0.053723,0.000576,0.8,0.0,0.0,M,0,0,-0.0,0.9438,-0.0,0.9438
2026-05-26T12:50:36.968,106.749,2432,FORWARD,0.030316,0.049041,0.004681,0.8,0.0,0.0,L,0,0,-0.0,0.945,-0.0,0.945
2026-05-26T12:50:37.020,106.801,2433,FORWARD,0.08931,0.057095,-0.008054,0.8,0.0,0.0,M,0,0,-0.0,0.9462,-0.0,0.9462
2026-05-26T12:50:37.067,106.848,2434,FORWARD,0.100294,0.065735,-0.00864,0.8,0.0,0.0,M,0,0,-0.0,0.945,-0.0,0.945
2026-05-26T12:50:37.116,106.897,2435,FORWARD,0.088654,0.070319,-0.004584,0.8,0.0,0.0,M,0,0,-0.0,0.945,-0.0,0.945
2026-05-26T12:50:37.164,106.945,2436,FORWARD,0.073575,0.07097,-0.000651,0.8,0.0,0.0,M,0,0,-0.0,0.9456,-0.0,0.9456
2026-05-26T12:50:37.197,106.979,2437,FORWARD,0.054519,0.06768,0.00329,0.8,0.0,0.0,M,0,0,-0.0,0.9456,-0.0,0.9456
2026-05-26T12:50:37.245,107.026,2438,FORWARD,0.057273,0.065598,0.002081,0.8,0.0,0.0,M,0,0,-0.0,0.945,-0.0,0.945
2026-05-26T12:50:37.320,107.102,2439,FORWARD,0.051584,0.062796,0.002803,0.8,0.0,0.0,M,0,0,-0.0,0.9462,-0.0,0.9462
2026-05-26T12:50:37.383,107.164,2440,FORWARD,0.039799,0.058196,0.004599,0.8,0.0,0.0,M,0,0,-0.0,0.8393,-0.0,0.8393
2026-05-26T12:50:37.426,107.208,2441,STOP,0.042573,0.055072,0.003125,0.8,0.0,0.0,M,0,0,-0.0,0.2862,-0.0,0.0
2026-05-26T12:50:37.482,107.263,2442,STOP,0.042928,0.052643,0.002429,0.8,0.0,0.0,M,0,0,-0.0,0.0,-0.0,0.0
2026-05-26T12:50:37.538,107.319,2443,STOP,0.052053,0.052525,0.000118,0.8,0.0,0.0,M,0,0,-0.0,0.0,-0.0,0.0
2026-05-26T12:50:37.591,107.372,2444,STOP,0.043085,0.050637,0.001888,0.8,0.0,0.0,M,0,0,-0.0,0.0,-0.0,0.0
2026-05-26T12:50:37.629,107.41,2445,STOP,0.044854,0.04948,0.001157,0.8,0.0,0.0,L,0,0,-0.0,0.0,-0.0,0.0
2026-05-26T12:50:37.675,107.457,2446,STOP,0.054072,0.050399,-0.000918,0.8,0.0,0.0,M,0,0,-0.0,0.0,-0.0,0.0
2026-05-26T12:50:37.715,107.497,2447,STOP,0.056754,0.05167,-0.001271,0.8,0.0,0.0,M,0,0,-0.0,0.0,-0.0,0.0
2026-05-26T12:50:37.758,107.539,2448,STOP,0.028913,0.047118,0.004551,0.8,0.0,0.0,L,0,0,-0.0,0.0,-0.0,0.0
2026-05-26T12:50:37.808,107.589,2449,STOP,0.040111,0.045717,0.001402,0.8,0.0,0.0,L,0,0,-0.0,0.0,-0.0,0.0
2026-05-26T12:50:37.850,107.631,2450,STOP,0.064079,0.049389,-0.003672,0.8,0.0,0.0,L,0,0,-0.0,0.0,-0.0,0.0
2026-05-26T12:50:37.910,107.691,2451,STOP,0.082181,0.055948,-0.006558,0.8,0.0,0.0,M,0,0,-0.0,0.0,-0.0,0.0
2026-05-26T12:50:37.941,107.722,2452,STOP,0.079352,0.060628,-0.004681,0.8,0.0,0.0,M,0,0,-0.0,0.0,-0.0,0.0
2026-05-26T12:50:37.990,107.771,2453,STOP,0.060705,0.060644,-1.5e-05,0.8,0.0,0.0,M,0,0,-0.0,0.0,-0.0,0.0
2026-05-26T12:50:38.027,107.808,2454,STOP,0.035414,0.055598,0.005046,0.8,0.0,0.0,M,0,0,-0.0,0.0,-0.0,0.0
2026-05-26T12:50:38.093,107.874,2455,STOP,0.023009,0.04908,0.006518,0.8,0.0,0.0,L,0,0,-0.0,0.0,-0.0,0.0
2026-05-26T12:50:38.138,107.919,2456,STOP,0.023902,0.044044,0.005036,0.8,0.0,0.0,L,0,0,-0.0,0.0,-0.0,0.0
2026-05-26T12:50:38.160,107.941,2457,STOP,0.014896,0.038215,0.00583,0.8,0.0,0.0,L,0,0,-0.0,0.0,-0.0,0.0
2026-05-26T12:50:38.196,107.977,2458,STOP,0.016049,0.033782,0.004433,0.8,0.0,0.0,L,0,0,-0.0,0.0,-0.0,0.0
2026-05-26T12:50:38.229,108.011,2459,STOP,0.008936,0.028812,0.004969,0.8,0.0,0.0,L,0,0,-0.0,0.0,-0.0,0.0
2026-05-26T12:50:38.253,108.034,2460,STOP,0.023755,0.027801,0.001011,0.8,0.0,0.0,L,0,0,-0.0,0.0,-0.0,0.0
2026-05-26T12:50:38.303,108.085,2461,STOP,0.02608,0.027457,0.000344,0.8,0.0,0.0,L,0,0,-0.0,0.0,-0.0,0.0
2026-05-26T12:50:38.325,108.107,2462,STOP,0.0173,0.025425,0.002031,0.8,0.0,0.0,L,0,0,-0.0,0.0,-0.0,0.0
2026-05-26T12:50:38.388,108.169,2463,STOP,0.004956,0.021331,0.004094,0.8,0.0,0.0,L,0,0,-0.0,0.0,-0.0,0.0
2026-05-26T12:50:38.439,108.22,2464,STOP,0.010317,0.019129,0.002203,0.8,0.0,0.0,L,0,0,-0.0,0.0,-0.0,0.0
2026-05-26T12:50:38.483,108.265,2465,STOP,0.00679,0.016661,0.002468,0.8,0.0,0.0,L,0,0,-0.0,0.0,-0.0,0.0
2026-05-26T12:50:38.528,108.309,2466,STOP,0.008322,0.014993,0.001668,0.8,0.0,0.0,L,0,0,-0.0,0.0,-0.0,0.0
2026-05-26T12:50:38.561,108.343,2467,STOP,0.011715,0.014337,0.000656,0.8,0.0,0.0,L,0,0,-0.0,0.0,-0.0,0.0
2026-05-26T12:50:38.601,108.383,2468,STOP,0.0124,0.01395,0.000387,0.8,0.0,0.0,L,0,0,-0.0,0.0,-0.0,0.0
2026-05-26T12:50:38.617,108.398,2469,STOP,0.006644,0.012489,0.001461,0.8,0.0,0.0,L,0,0,-0.0,0.0,-0.0,0.0
2026-05-26T12:50:38.664,108.445,2470,STOP,0.016314,0.013254,-0.000765,0.8,0.0,0.0,L,0,0,-0.0,0.0,-0.0,0.0
2026-05-26T12:50:38.716,108.497,2471,STOP,0.005964,0.011796,0.001458,0.8,0.0,0.0,L,0,0,-0.0,0.0,-0.0,0.0
2026-05-26T12:50:38.757,108.539,2472,STOP,0.007967,0.01103,0.000766,0.8,0.0,0.0,L,0,0,-0.0,0.0,-0.0,0.0
2026-05-26T12:50:38.792,108.573,2473,STOP,0.011576,0.011139,-0.000109,0.8,0.0,0.0,L,0,0,-0.0,0.0,-0.0,0.0
2026-05-26T12:50:38.846,108.628,2474,STOP,0.00807,0.010526,0.000614,0.8,0.0,0.0,L,0,0,-0.0,0.0,-0.0,0.0
2026-05-26T12:50:38.889,108.67,2475,STOP,0.007094,0.009839,0.000686,0.8,0.0,0.0,L,0,0,-0.0,0.0,-0.0,0.0
2026-05-26T12:50:38.943,108.725,2476,STOP,0.012131,0.010298,-0.000458,0.8,0.0,0.0,L,0,0,-0.0,0.0,-0.0,0.0
2026-05-26T12:50:38.994,108.775,2477,STOP,0.008111,0.00986,0.000437,0.8,0.0,0.0,L,0,0,-0.0,0.0,-0.0,0.0
2026-05-26T12:50:39.026,108.807,2478,STOP,0.008563,0.009601,0.000259,0.8,0.0,0.0,L,0,0,-0.0,0.0,-0.0,0.0
2026-05-26T12:50:39.056,108.837,2479,STOP,0.011271,0.009935,-0.000334,0.8,0.0,0.0,L,0,0,-0.0,0.0,-0.0,0.0
2026-05-26T12:50:39.084,108.865,2480,STOP,0.006911,0.00933,0.000605,0.8,0.0,0.0,L,0,0,-0.0,0.0,-0.0,0.0
2026-05-26T12:50:39.138,108.919,2481,STOP,0.007339,0.008932,0.000398,0.8,0.0,0.0,L,0,0,-0.0,0.0,-0.0,0.0
2026-05-26T12:50:39.159,108.941,2482,STOP,0.013588,0.009863,-0.000931,0.8,0.0,0.0,L,0,0,-0.0,0.0,-0.0,0.0
2026-05-26T12:50:39.201,108.982,2483,STOP,0.008271,0.009545,0.000318,0.8,0.0,0.0,L,0,0,-0.0,0.0,-0.0,0.0
2026-05-26T12:50:39.268,109.049,2484,STOP,0.009587,0.009553,-8e-06,0.8,0.0,0.0,L,0,0,-0.0,0.0,-0.0,0.0
2026-05-26T12:50:39.296,109.077,2485,STOP,0.010875,0.009817,-0.000264,0.8,0.0,0.0,L,0,0,-0.0,0.0,-0.0,0.0
2026-05-26T12:50:39.344,109.125,2486,STOP,0.008259,0.009506,0.000312,0.8,0.0,0.0,L,0,0,-0.0,0.0,-0.0,0.0
2026-05-26T12:50:39.398,109.179,2487,RIGHT,0.008187,0.009242,0.000264,0.8,0.0,0.0,L,0,0,0.3536,0.0,-0.0,0.3536
2026-05-26T12:50:39.441,109.223,2488,RIGHT,0.00891,0.009176,6.6e-05,0.8,0.0,0.0,L,0,0,1.0,0.0,-0.0,1.0
2026-05-26T12:50:39.473,109.254,2489,RIGHT,0.009011,0.009143,3.3e-05,0.8,0.0,0.0,L,0,0,1.0,0.0,-0.0,1.0
2026-05-26T12:50:39.489,109.27,2490,RIGHT,0.012777,0.00987,-0.000727,0.8,0.0,0.0,L,0,0,1.0,0.0,-0.0,1.0
2026-05-26T12:50:39.546,109.327,2491,RIGHT,0.012623,0.01042,-0.000551,0.8,0.0,0.0,L,0,0,1.0,0.0,-0.0,1.0
2026-05-26T12:50:39.588,109.369,2492,RIGHT,0.05038,0.018412,-0.007992,0.8,0.0,0.0,L,0,0,1.0,0.0,-0.0,1.0
2026-05-26T12:50:39.628,109.409,2493,RIGHT,0.067713,0.028272,-0.00986,0.8,0.0,0.0,L,0,0,1.0,0.0,-0.0,1.0
2026-05-26T12:50:39.663,109.445,2494,RIGHT,0.078205,0.038259,-0.009987,0.8,0.0,0.0,L,0,0,1.0,0.0,-0.0,1.0
2026-05-26T12:50:39.706,109.487,2495,RIGHT,0.094622,0.049532,-0.011273,0.8,0.0,0.0,L,0,0,1.0,0.0,-0.0,1.0
2026-05-26T12:50:39.739,109.521,2496,RIGHT,0.113972,0.06242,-0.012888,0.8,0.0,0.0,M,0,0,1.0,0.0,-0.0,1.0
2026-05-26T12:50:39.774,109.555,2497,RIGHT,0.120393,0.074014,-0.011595,0.8,0.0,0.0,M,0,0,1.0,0.0,-0.0,1.0
2026-05-26T12:50:39.820,109.602,2498,RIGHT,0.087605,0.076732,-0.002718,0.8,0.0,0.0,M,0,0,1.0,0.0,-0.0,1.0
2026-05-26T12:50:39.857,109.638,2499,RIGHT,0.0776,0.076906,-0.000174,0.8,0.0,0.0,M,0,0,1.0,0.0,-0.0,1.0
2026-05-26T12:50:39.894,109.675,2500,RIGHT,0.124449,0.086414,-0.009509,0.8,0.0,0.0,M,0,0,1.0,0.0,-0.0,1.0
2026-05-26T12:50:39.954,109.735,2501,RIGHT,0.140728,0.097277,-0.010863,0.8,0.0,0.0,M,0,0,1.0,0.0,-0.0,1.0
2026-05-26T12:50:40.017,109.799,2502,RIGHT,0.112729,0.100368,-0.00309,0.8,0.0,0.0,M,0,0,0.9829,0.0,-0.0,0.9829
2026-05-26T12:50:40.097,109.878,2503,STOP,0.117748,0.103844,-0.003476,0.8,0.0,0.0,M,0,0,-0.0,0.0,-0.0,0.0
2026-05-26T12:50:40.136,109.918,2504,STOP,0.166622,0.116399,-0.012556,0.8,0.0,0.0,M,0,0,-0.0,0.0,-0.0,0.0
2026-05-26T12:50:40.181,109.962,2505,STOP,0.183412,0.129802,-0.013403,0.8,0.0,0.0,M,0,0,-0.0,0.0,-0.0,0.0
2026-05-26T12:50:40.236,110.017,2506,STOP,0.126393,0.12912,0.000682,0.8,0.0,0.0,M,0,0,-0.0,0.0,-0.0,0.0
2026-05-26T12:50:40.293,110.074,2507,STOP,0.133345,0.129965,-0.000845,0.8,0.0,0.0,M,0,0,-0.0,0.0,-0.0,0.0
2026-05-26T12:50:40.332,110.113,2508,STOP,0.166531,0.137278,-0.007313,0.8,0.0,0.0,M,0,0,-0.0,0.0,-0.0,0.0
2026-05-26T12:50:40.400,110.181,2509,STOP,0.154456,0.140714,-0.003436,0.8,0.0,0.0,M,0,0,-0.0,0.0,-0.0,0.0
2026-05-26T12:50:40.445,110.227,2510,STOP,0.154597,0.143491,-0.002777,0.8,0.0,0.0,M,0,0,-0.0,0.0,-0.0,0.0
2026-05-26T12:50:40.501,110.282,2511,STOP,0.09299,0.13339,0.0101,0.8,0.0,0.0,M,0,0,-0.0,0.0,-0.0,0.0
2026-05-26T12:50:40.527,110.308,2512,STOP,0.175175,0.141747,-0.008357,0.8,0.0,0.0,M,0,0,-0.0,0.0,-0.0,0.0
2026-05-26T12:50:40.560,110.341,2513,STOP,0.164768,0.146352,-0.004604,0.8,0.0,0.0,M,0,0,-0.0,0.0,-0.0,0.0
2026-05-26T12:50:40.588,110.369,2514,STOP,0.121177,0.141317,0.005035,0.8,0.0,0.0,M,0,0,-0.0,0.0,-0.0,0.0
2026-05-26T12:50:40.640,110.421,2515,STOP,0.115417,0.136137,0.00518,0.8,0.0,0.0,M,0,0,-0.0,0.0,-0.0,0.0
2026-05-26T12:50:40.666,110.447,2516,STOP,0.083112,0.125532,0.010605,0.8,0.0,0.0,M,0,0,-0.0,0.0,-0.0,0.0
2026-05-26T12:50:40.723,110.505,2517,STOP,0.091946,0.118815,0.006717,0.8,0.0,0.0,M,0,0,-0.0,0.0,-0.0,0.0
2026-05-26T12:50:40.768,110.549,2518,STOP,0.09561,0.114174,0.004641,0.8,0.0,0.0,M,0,0,-0.0,0.0,-0.0,0.0
2026-05-26T12:50:40.828,110.609,2519,STOP,0.084482,0.108235,0.005938,0.8,0.0,0.0,M,0,0,-0.0,0.0,-0.0,0.0
2026-05-26T12:50:40.879,110.661,2520,STOP,0.088297,0.104248,0.003988,0.8,0.0,0.0,M,0,0,-0.0,0.0,-0.0,0.0
2026-05-26T12:50:40.923,110.704,2521,STOP,0.100758,0.10355,0.000698,0.8,0.0,0.0,M,0,0,-0.0,0.0,-0.0,0.0
2026-05-26T12:50:40.966,110.747,2522,STOP,0.097809,0.102402,0.001148,0.8,0.0,0.0,M,0,0,-0.0,0.0,-0.0,0.0
2026-05-26T12:50:40.986,110.768,2523,STOP,0.089168,0.099755,0.002647,0.8,0.0,0.0,M,0,0,-0.0,0.0,-0.0,0.0
2026-05-26T12:50:41.053,110.834,2524,STOP,0.10049,0.099902,-0.000147,0.8,0.0,0.0,M,0,0,-0.0,0.0,-0.0,0.0
2026-05-26T12:50:41.091,110.872,2525,STOP,0.091188,0.098159,0.001743,0.8,0.0,0.0,M,0,0,-0.0,0.0,-0.0,0.0
2026-05-26T12:50:41.159,110.941,2526,STOP,0.116046,0.101737,-0.003577,0.8,0.0,0.0,M,0,0,-0.0,0.0,-0.0,0.0
2026-05-26T12:50:41.215,110.996,2527,STOP,0.125013,0.106392,-0.004655,0.8,0.0,0.0,M,0,0,-0.0,0.0,-0.0,0.0
2026-05-26T12:50:41.263,111.045,2528,STOP,0.143458,0.113805,-0.007413,0.8,0.0,0.0,M,0,0,-0.0,0.0,-0.0,0.0
2026-05-26T12:50:41.308,111.089,2529,STOP,0.132999,0.117644,-0.003839,0.8,0.0,0.0,M,0,0,-0.0,0.0,-0.0,0.0
2026-05-26T12:50:41.352,111.133,2530,STOP,0.144881,0.123091,-0.005447,0.8,0.0,0.0,M,0,0,-0.0,0.0,-0.0,0.0
2026-05-26T12:50:41.399,111.18,2531,STOP,0.12592,0.123657,-0.000566,0.8,0.0,0.0,M,0,0,-0.0,0.0,-0.0,0.0
2026-05-26T12:50:41.440,111.221,2532,STOP,0.127233,0.124372,-0.000715,0.8,0.0,0.0,M,0,0,-0.0,0.0,-0.0,0.0
2026-05-26T12:50:41.458,111.239,2533,STOP,0.124303,0.124358,1.4e-05,0.8,0.0,0.0,M,0,0,-0.0,0.0,-0.0,0.0
2026-05-26T12:50:41.513,111.294,2534,STOP,0.124039,0.124294,6.4e-05,0.8,0.0,0.0,M,0,0,-0.0,0.0,-0.0,0.0
2026-05-26T12:50:41.547,111.328,2535,STOP,0.105922,0.12062,0.003675,0.8,0.0,0.0,M,0,0,-0.0,0.0,-0.0,0.0
2026-05-26T12:50:41.585,111.366,2536,STOP,0.09442,0.11538,0.00524,0.8,0.0,0.0,M,0,0,-0.0,0.0,-0.0,0.0
2026-05-26T12:50:41.657,111.438,2537,STOP,0.079675,0.108239,0.007141,0.8,0.0,0.0,M,0,0,-0.0,0.0,-0.0,0.0
2026-05-26T12:50:41.693,111.474,2538,STOP,0.079832,0.102558,0.005681,0.8,0.0,0.0,M,0,0,-0.0,0.0,-0.0,0.0
2026-05-26T12:50:41.779,111.56,2539,STOP,0.028471,0.08774,0.014817,0.8,0.0,0.0,M,0,0,-0.0,0.0,-0.0,0.0
2026-05-26T12:50:41.831,111.612,2540,STOP,0.033001,0.076792,0.010948,0.8,0.0,0.0,M,0,0,-0.0,0.0,-0.0,0.0
2026-05-26T12:50:41.868,111.649,2541,STOP,0.023458,0.066126,0.010667,0.8,0.0,0.0,M,0,0,-0.0,0.0,-0.0,0.0
2026-05-26T12:50:41.892,111.674,2542,STOP,0.029109,0.058722,0.007403,0.8,0.0,0.0,M,0,0,-0.0,0.0,-0.0,0.0
2026-05-26T12:50:41.951,111.732,2543,STOP,0.017816,0.050541,0.008181,0.8,0.0,0.0,M,0,0,-0.0,0.0,-0.0,0.0
2026-05-26T12:50:42.001,111.782,2544,STOP,0.016955,0.043824,0.006717,0.8,0.0,0.0,L,0,0,-0.0,0.0,-0.0,0.0
2026-05-26T12:50:42.054,111.835,2545,STOP,0.00831,0.036721,0.007103,0.8,0.0,0.0,L,0,0,-0.0,0.0,-0.0,0.0
2026-05-26T12:50:42.077,111.859,2546,STOP,0.013091,0.031995,0.004726,0.8,0.0,0.0,L,0,0,-0.0,0.0,-0.0,0.0
2026-05-26T12:50:42.125,111.906,2547,STOP,0.007534,0.027103,0.004892,0.8,0.0,0.0,L,0,0,-0.0,0.0,-0.0,0.0
2026-05-26T12:50:42.156,111.937,2548,STOP,0.007745,0.023231,0.003872,0.8,0.0,0.0,L,0,0,-0.0,0.0,-0.0,0.0
2026-05-26T12:50:42.202,111.983,2549,STOP,0.008603,0.020306,0.002926,0.8,0.0,0.0,L,0,0,-0.0,0.0,-0.0,0.0
2026-05-26T12:50:42.232,112.013,2550,STOP,0.008589,0.017962,0.002343,0.8,0.0,0.0,L,0,0,-0.0,0.0,-0.0,0.0
2026-05-26T12:50:42.295,112.076,2551,STOP,0.010733,0.016516,0.001446,0.8,0.0,0.0,L,0,0,-0.0,0.0,-0.0,0.0
2026-05-26T12:50:42.334,112.115,2552,STOP,0.009938,0.015201,0.001316,0.8,0.0,0.0,L,0,0,-0.0,0.0,-0.0,0.0
2026-05-26T12:50:42.387,112.169,2553,STOP,0.009247,0.01401,0.001191,0.8,0.0,0.0,L,0,0,-0.0,0.0,-0.0,0.0
2026-05-26T12:50:42.423,112.204,2554,STOP,0.009883,0.013185,0.000825,0.8,0.0,0.0,L,0,0,-0.0,0.0,-0.0,0.0
2026-05-26T12:50:42.471,112.253,2555,STOP,0.010768,0.012701,0.000483,0.8,0.0,0.0,L,0,0,-0.0,0.0,-0.0,0.0
2026-05-26T12:50:42.526,112.307,2556,STOP,0.00427,0.011015,0.001686,0.8,0.0,0.0,L,0,0,-0.0,0.0,-0.0,0.0
2026-05-26T12:50:42.567,112.348,2557,STOP,0.004047,0.009621,0.001394,0.8,0.0,0.0,L,0,0,-0.0,0.0,-0.0,0.0
2026-05-26T12:50:42.604,112.385,2558,STOP,0.003735,0.008444,0.001177,0.8,0.0,0.0,L,0,0,-0.0,0.0,-0.0,0.0
2026-05-26T12:50:42.639,112.421,2559,STOP,0.004201,0.007596,0.000849,0.8,0.0,0.0,L,0,0,-0.0,0.0,-0.0,0.0
2026-05-26T12:50:42.691,112.473,2560,STOP,0.004352,0.006947,0.000649,0.8,0.0,0.0,L,0,0,-0.0,0.0,-0.0,0.0
2026-05-26T12:50:42.719,112.5,2561,STOP,0.003983,0.006354,0.000593,0.8,0.0,0.0,L,0,0,-0.0,0.0,-0.0,0.0
2026-05-26T12:50:42.745,112.526,2562,STOP,0.005137,0.006111,0.000243,0.8,0.0,0.0,L,0,0,-0.0,0.0,-0.0,0.0
2026-05-26T12:50:42.783,112.564,2563,FORWARD,0.005025,0.005893,0.000217,0.8,0.0,0.0,L,0,0,-0.0,0.3195,-0.0,0.3195
2026-05-26T12:50:42.819,112.601,2564,FORWARD,0.005073,0.005729,0.000164,0.8,0.0,0.0,L,0,0,-0.0,0.3195,-0.0,0.3195
2026-05-26T12:50:42.876,112.657,2565,FORWARD,0.004569,0.005497,0.000232,0.8,0.0,0.0,L,0,0,-0.0,0.8795,-0.0,0.8795
2026-05-26T12:50:42.925,112.706,2566,FORWARD,0.008598,0.006117,-0.00062,0.8,0.0,0.0,L,0,0,-0.0,0.9011,-0.0,0.9011
2026-05-26T12:50:42.979,112.76,2567,FORWARD,0.041055,0.013105,-0.006988,0.8,0.0,0.0,L,0,0,-0.0,0.9005,-0.0,0.9005
2026-05-26T12:50:43.014,112.795,2568,FORWARD,0.056644,0.021813,-0.008708,0.8,0.0,0.0,L,0,0,-0.0,0.9011,-0.0,0.9011
2026-05-26T12:50:43.055,112.836,2569,FORWARD,0.070297,0.03151,-0.009697,0.8,0.0,0.0,L,0,0,-0.0,0.903,-0.0,0.903
2026-05-26T12:50:43.092,112.873,2570,FORWARD,0.079742,0.041156,-0.009647,0.8,0.0,0.0,L,0,0,-0.0,0.9036,-0.0,0.9036
2026-05-26T12:50:43.123,112.904,2571,FORWARD,0.077018,0.048329,-0.007172,0.8,0.0,0.0,L,0,0,-0.0,0.9036,-0.0,0.9036
2026-05-26T12:50:43.171,112.953,2572,FORWARD,0.052189,0.049101,-0.000772,0.8,0.0,0.0,L,0,0,-0.0,0.9036,-0.0,0.9036
2026-05-26T12:50:43.215,112.996,2573,FORWARD,0.067485,0.052778,-0.003677,0.8,0.0,0.0,M,0,0,-0.0,0.9036,-0.0,0.9036
2026-05-26T12:50:43.241,113.023,2574,FORWARD,0.091973,0.060617,-0.007839,0.8,0.0,0.0,M,0,0,-0.0,0.9036,-0.0,0.9036
2026-05-26T12:50:43.281,113.062,2575,FORWARD,0.10555,0.069603,-0.008987,0.8,0.0,0.0,M,0,0,-0.0,0.9042,-0.0,0.9042
2026-05-26T12:50:43.331,113.112,2576,FORWARD,0.103239,0.07633,-0.006727,0.8,0.0,0.0,M,0,0,-0.0,0.9036,-0.0,0.9036
2026-05-26T12:50:43.389,113.17,2577,FORWARD,0.087965,0.078657,-0.002327,0.8,0.0,0.0,M,0,0,-0.0,0.9042,-0.0,0.9042
2026-05-26T12:50:43.428,113.209,2578,FORWARD,0.049566,0.072839,0.005818,0.8,0.0,0.0,M,0,0,-0.0,0.9036,-0.0,0.9036
2026-05-26T12:50:43.486,113.267,2579,FORWARD,0.047709,0.067813,0.005026,0.8,0.0,0.0,M,0,0,-0.0,0.9036,-0.0,0.9036
2026-05-26T12:50:43.527,113.308,2580,FORWARD,0.049626,0.064176,0.003637,0.8,0.0,0.0,M,0,0,-0.0,0.9042,-0.0,0.9042
2026-05-26T12:50:43.588,113.369,2581,FORWARD,0.053431,0.062027,0.002149,0.8,0.0,0.0,M,0,0,-0.0,0.9042,-0.0,0.9042
2026-05-26T12:50:43.635,113.416,2582,FORWARD,0.048252,0.059272,0.002755,0.8,0.0,0.0,M,0,0,-0.0,0.9042,-0.0,0.9042
2026-05-26T12:50:43.654,113.435,2583,FORWARD,0.046477,0.056713,0.002559,0.8,0.0,0.0,M,0,0,-0.0,0.9042,-0.0,0.9042
2026-05-26T12:50:43.723,113.504,2584,FORWARD,0.052939,0.055958,0.000755,0.8,0.0,0.0,M,0,0,-0.0,0.9036,-0.0,0.9036
2026-05-26T12:50:43.768,113.549,2585,FORWARD,0.053159,0.055398,0.00056,0.8,0.0,0.0,M,0,0,-0.0,0.9036,-0.0,0.9036
2026-05-26T12:50:43.795,113.576,2586,FORWARD,0.042675,0.052854,0.002545,0.8,0.0,0.0,M,0,0,-0.0,0.9048,-0.0,0.9048
2026-05-26T12:50:43.836,113.618,2587,FORWARD,0.044415,0.051166,0.001688,0.8,0.0,0.0,M,0,0,-0.0,0.9036,-0.0,0.9036
2026-05-26T12:50:43.868,113.649,2588,FORWARD,0.04494,0.049921,0.001245,0.8,0.0,0.0,L,0,0,-0.0,0.9036,-0.0,0.9036
2026-05-26T12:50:43.931,113.713,2589,FORWARD,0.045734,0.049083,0.000837,0.8,0.0,0.0,L,0,0,-0.0,0.9042,-0.0,0.9042
2026-05-26T12:50:43.966,113.747,2590,FORWARD,0.055215,0.05031,-0.001226,0.8,0.0,0.0,M,0,0,-0.0,0.9042,-0.0,0.9042
2026-05-26T12:50:44.001,113.782,2591,FORWARD,0.053628,0.050973,-0.000664,0.8,0.0,0.0,M,0,0,-0.0,0.9042,-0.0,0.9042
2026-05-26T12:50:44.034,113.815,2592,FORWARD,0.04547,0.049873,0.001101,0.8,0.0,0.0,L,0,0,-0.0,0.903,-0.0,0.903
2026-05-26T12:50:44.067,113.849,2593,FORWARD,0.043458,0.04859,0.001283,0.8,0.0,0.0,L,0,0,-0.0,0.9048,-0.0,0.9048
2026-05-26T12:50:44.123,113.904,2594,FORWARD,0.050049,0.048881,-0.000292,0.8,0.0,0.0,L,0,0,-0.0,0.9042,-0.0,0.9042
2026-05-26T12:50:44.157,113.938,2595,FORWARD,0.044804,0.048066,0.000815,0.8,0.0,0.0,L,0,0,-0.0,0.9048,-0.0,0.9048
2026-05-26T12:50:44.211,113.992,2596,FORWARD,0.042219,0.046897,0.001169,0.8,0.0,0.0,L,0,0,-0.0,0.9036,-0.0,0.9036
2026-05-26T12:50:44.244,114.025,2597,FORWARD,0.041995,0.045916,0.00098,0.8,0.0,0.0,L,0,0,-0.0,0.9036,-0.0,0.9036
2026-05-26T12:50:44.276,114.057,2598,FORWARD,0.041937,0.04512,0.000796,0.8,0.0,0.0,L,0,0,-0.0,0.9036,-0.0,0.9036
2026-05-26T12:50:44.319,114.101,2599,FORWARD,0.044887,0.045074,4.7e-05,0.8,0.0,0.0,L,0,0,-0.0,0.9042,-0.0,0.9042
2026-05-26T12:50:44.365,114.146,2600,FORWARD,0.048398,0.045739,-0.000665,0.8,0.0,0.0,L,0,0,-0.0,0.903,-0.0,0.903
2026-05-26T12:50:44.393,114.175,2601,FORWARD,0.04032,0.044655,0.001084,0.8,0.0,0.0,L,0,0,-0.0,0.9036,-0.0,0.9036
2026-05-26T12:50:44.446,114.227,2602,FORWARD,0.037731,0.04327,0.001385,0.8,0.0,0.0,L,0,0,-0.0,0.9042,-0.0,0.9042
2026-05-26T12:50:44.500,114.281,2603,FORWARD,0.038561,0.042328,0.000942,0.8,0.0,0.0,L,0,0,-0.0,0.9054,-0.0,0.9054
2026-05-26T12:50:44.545,114.326,2604,FORWARD,0.037633,0.041389,0.000939,0.8,0.0,0.0,L,0,0,-0.0,0.9042,-0.0,0.9042
2026-05-26T12:50:44.573,114.354,2605,FORWARD,0.036023,0.040316,0.001073,0.8,0.0,0.0,L,0,0,-0.0,0.9042,-0.0,0.9042
2026-05-26T12:50:44.621,114.403,2606,FORWARD,0.035369,0.039327,0.000989,0.8,0.0,0.0,L,0,0,-0.0,0.9042,-0.0,0.9042
2026-05-26T12:50:44.644,114.425,2607,FORWARD,0.031692,0.0378,0.001527,0.8,0.0,0.0,L,0,0,-0.0,0.9036,-0.0,0.9036
2026-05-26T12:50:44.689,114.47,2608,FORWARD,0.033701,0.03698,0.00082,0.8,0.0,0.0,L,0,0,-0.0,0.9042,-0.0,0.9042
2026-05-26T12:50:44.743,114.524,2609,FORWARD,0.037511,0.037086,-0.000106,0.8,0.0,0.0,L,0,0,-0.0,0.9042,-0.0,0.9042
2026-05-26T12:50:44.768,114.55,2610,FORWARD,0.037269,0.037123,-3.7e-05,0.8,0.0,0.0,L,0,0,-0.0,0.9042,-0.0,0.9042
2026-05-26T12:50:44.822,114.603,2611,FORWARD,0.037347,0.037168,-4.5e-05,0.8,0.0,0.0,L,0,0,-0.0,0.9036,-0.0,0.9036
2026-05-26T12:50:44.842,114.623,2612,FORWARD,0.037847,0.037304,-0.000136,0.8,0.0,0.0,L,0,0,-0.0,0.9036,-0.0,0.9036
2026-05-26T12:50:44.886,114.667,2613,FORWARD,0.037529,0.037349,-4.5e-05,0.8,0.0,0.0,L,0,0,-0.0,0.9036,-0.0,0.9036
2026-05-26T12:50:44.935,114.716,2614,FORWARD,0.038528,0.037584,-0.000236,0.8,0.0,0.0,L,0,0,-0.0,0.9042,-0.0,0.9042
2026-05-26T12:50:44.951,114.732,2615,FORWARD,0.033508,0.036769,0.000815,0.8,0.0,0.0,L,0,0,-0.0,0.9042,-0.0,0.9042
2026-05-26T12:50:45.003,114.785,2616,FORWARD,0.028331,0.035081,0.001688,0.8,0.0,0.0,L,0,0,-0.0,0.9042,-0.0,0.9042
2026-05-26T12:50:45.034,114.815,2617,FORWARD,0.024967,0.033059,0.002023,0.8,0.0,0.0,L,0,0,-0.0,0.9042,-0.0,0.9042
2026-05-26T12:50:45.059,114.84,2618,FORWARD,0.025153,0.031477,0.001581,0.8,0.0,0.0,L,0,0,-0.0,0.9042,-0.0,0.9042
2026-05-26T12:50:45.099,114.881,2619,FORWARD,0.0248,0.030142,0.001336,0.8,0.0,0.0,L,0,0,-0.0,0.9042,-0.0,0.9042
2026-05-26T12:50:45.155,114.937,2620,FORWARD,0.027539,0.029621,0.000521,0.8,0.0,0.0,L,0,0,-0.0,0.9042,-0.0,0.9042
2026-05-26T12:50:45.213,114.994,2621,FORWARD,0.029421,0.029581,4e-05,0.8,0.0,0.0,L,0,0,-0.0,0.9042,-0.0,0.9042
2026-05-26T12:50:45.287,115.068,2622,FORWARD,0.030658,0.029796,-0.000215,0.8,0.0,0.0,L,0,0,-0.0,0.9036,-0.0,0.9036
2026-05-26T12:50:45.337,115.118,2623,FORWARD,0.032301,0.030297,-0.000501,0.8,0.0,0.0,L,0,0,-0.0,0.9042,-0.0,0.9042
2026-05-26T12:50:45.383,115.164,2624,FORWARD,0.032184,0.030675,-0.000377,0.8,0.0,0.0,L,0,0,-0.0,0.9042,-0.0,0.9042
2026-05-26T12:50:45.421,115.202,2625,FORWARD,0.032179,0.030976,-0.000301,0.8,0.0,0.0,L,0,0,-0.0,0.9042,-0.0,0.9042
2026-05-26T12:50:45.471,115.252,2626,FORWARD,0.031288,0.031038,-6.3e-05,0.8,0.0,0.0,L,0,0,-0.0,0.9042,-0.0,0.9042
2026-05-26T12:50:45.517,115.298,2627,FORWARD,0.03213,0.031256,-0.000218,0.8,0.0,0.0,L,0,0,-0.0,0.9048,-0.0,0.9048
2026-05-26T12:50:45.570,115.351,2628,FORWARD,0.028693,0.030744,0.000513,0.8,0.0,0.0,L,0,0,-0.0,0.9036,-0.0,0.9036
2026-05-26T12:50:45.618,115.399,2629,FORWARD,0.029788,0.030553,0.000191,0.8,0.0,0.0,L,0,0,-0.0,0.9048,-0.0,0.9048
2026-05-26T12:50:45.660,115.441,2630,FORWARD,0.029615,0.030365,0.000188,0.8,0.0,0.0,L,0,0,-0.0,0.9042,-0.0,0.9042
2026-05-26T12:50:45.713,115.494,2631,FORWARD,0.03099,0.03049,-0.000125,0.8,0.0,0.0,L,0,0,-0.0,0.9042,-0.0,0.9042
2026-05-26T12:50:45.765,115.546,2632,FORWARD,0.029917,0.030375,0.000115,0.8,0.0,0.0,L,0,0,-0.0,0.8943,-0.0,0.8943
2026-05-26T12:50:45.819,115.6,2633,FORWARD,0.03384,0.031068,-0.000693,0.8,0.0,0.0,L,0,0,-0.0,0.8838,-0.0,0.8838
2026-05-26T12:50:45.867,115.648,2634,FORWARD,0.032376,0.03133,-0.000262,0.8,0.0,0.0,L,0,0,-0.0,0.8807,-0.0,0.8807
2026-05-26T12:50:45.905,115.686,2635,FORWARD,0.03539,0.032142,-0.000812,0.8,0.0,0.0,L,0,0,-0.0,0.8776,-0.0,0.8776
2026-05-26T12:50:45.942,115.723,2636,FORWARD,0.034432,0.0326,-0.000458,0.8,0.0,0.0,L,0,0,-0.0,0.8708,-0.0,0.8708
2026-05-26T12:50:45.999,115.78,2637,FORWARD,0.032341,0.032548,5.2e-05,0.8,0.0,0.0,L,0,0,-0.0,0.8646,-0.0,0.8646
2026-05-26T12:50:46.041,115.822,2638,FORWARD,0.028928,0.031824,0.000724,0.8,0.0,0.0,L,0,0,-0.0,0.8653,-0.0,0.8653
2026-05-26T12:50:46.071,115.852,2639,FORWARD,0.028162,0.031092,0.000732,0.8,0.0,0.0,L,0,0,-0.0,0.864,-0.0,0.864
2026-05-26T12:50:46.151,115.932,2640,FORWARD,0.026246,0.030123,0.000969,0.8,0.0,0.0,L,0,0,-0.0,0.8504,-0.0,0.8504
2026-05-26T12:50:46.211,115.992,2641,FORWARD,0.025597,0.029218,0.000905,0.8,0.0,0.0,L,0,0,-0.0,0.8041,-0.0,0.8041
2026-05-26T12:50:46.250,116.031,2642,FORWARD,0.028184,0.029011,0.000207,0.8,0.0,0.0,L,0,0,-0.0,0.7478,-0.0,0.7478
2026-05-26T12:50:46.301,116.082,2643,FORWARD,0.028763,0.028961,5e-05,0.8,0.0,0.0,L,0,0,-0.0,0.6743,-0.0,0.6743
2026-05-26T12:50:46.354,116.135,2644,STOP,0.03223,0.029615,-0.000654,0.8,0.0,0.0,L,0,0,-0.0,0.1465,-0.0,0.0
2026-05-26T12:50:46.394,116.175,2645,STOP,0.031877,0.030067,-0.000452,0.8,0.0,0.0,L,0,0,-0.0,0.0,-0.0,0.0
2026-05-26T12:50:46.432,116.213,2646,STOP,0.032538,0.030562,-0.000494,0.8,0.0,0.0,L,0,0,-0.0,0.0,-0.0,0.0
2026-05-26T12:50:46.503,116.284,2647,STOP,0.036545,0.031758,-0.001197,0.8,0.0,0.0,L,0,0,-0.0,0.0,-0.0,0.0
2026-05-26T12:50:46.553,116.334,2648,STOP,0.045823,0.034571,-0.002813,0.8,0.0,0.0,L,0,0,-0.0,0.0,-0.0,0.0
2026-05-26T12:50:46.612,116.393,2649,STOP,0.032576,0.034172,0.000399,0.8,0.0,0.0,L,0,0,-0.0,0.0,-0.0,0.0
2026-05-26T12:50:46.647,116.428,2650,STOP,0.024304,0.032199,0.001974,0.8,0.0,0.0,L,0,0,-0.0,0.0,-0.0,0.0
2026-05-26T12:50:46.697,116.479,2651,STOP,0.049763,0.035711,-0.003513,0.8,0.0,0.0,L,0,0,-0.0,0.0,-0.0,0.0
2026-05-26T12:50:46.745,116.526,2652,STOP,0.07157,0.042883,-0.007172,0.8,0.0,0.0,L,0,0,-0.0,0.0,-0.0,0.0
2026-05-26T12:50:46.783,116.564,2653,STOP,0.075592,0.049425,-0.006542,0.8,0.0,0.0,L,0,0,-0.0,0.0,-0.0,0.0
2026-05-26T12:50:46.829,116.61,2654,STOP,0.060429,0.051626,-0.002201,0.8,0.0,0.0,M,0,0,-0.0,0.0,-0.0,0.0
2026-05-26T12:50:46.873,116.654,2655,STOP,0.028961,0.047093,0.004533,0.8,0.0,0.0,L,0,0,-0.0,0.0,-0.0,0.0
2026-05-26T12:50:46.907,116.689,2656,STOP,0.019716,0.041618,0.005475,0.8,0.0,0.0,L,0,0,-0.0,0.0,-0.0,0.0
2026-05-26T12:50:46.943,116.724,2657,STOP,0.027849,0.038864,0.002754,0.8,0.0,0.0,L,0,0,-0.0,0.0,-0.0,0.0
2026-05-26T12:50:46.972,116.753,2658,STOP,0.015434,0.034178,0.004686,0.8,0.0,0.0,L,0,0,-0.0,0.0,-0.0,0.0
2026-05-26T12:50:47.001,116.782,2659,STOP,0.017696,0.030881,0.003296,0.8,0.0,0.0,L,0,0,-0.0,0.0,-0.0,0.0
2026-05-26T12:50:47.035,116.816,2660,STOP,0.02135,0.028975,0.001906,0.8,0.0,0.0,L,0,0,-0.0,0.0,-0.0,0.0
2026-05-26T12:50:47.096,116.877,2661,STOP,0.007293,0.024639,0.004336,0.8,0.0,0.0,L,0,0,-0.0,0.0,-0.0,0.0
2026-05-26T12:50:47.132,116.913,2662,STOP,0.021819,0.024075,0.000564,0.8,0.0,0.0,L,0,0,-0.0,0.0,-0.0,0.0
2026-05-26T12:50:47.164,116.946,2663,STOP,0.027104,0.024681,-0.000606,0.8,0.0,0.0,L,0,0,-0.0,0.0,-0.0,0.0
2026-05-26T12:50:47.207,116.988,2664,STOP,0.02045,0.023835,0.000846,0.8,0.0,0.0,L,0,0,-0.0,0.0,-0.0,0.0
2026-05-26T12:50:47.245,117.027,2665,STOP,0.007151,0.020498,0.003337,0.8,0.0,0.0,L,0,0,-0.0,0.0,-0.0,0.0
2026-05-26T12:50:47.296,117.077,2666,STOP,0.014675,0.019333,0.001165,0.8,0.0,0.0,L,0,0,-0.0,0.0,-0.0,0.0
2026-05-26T12:50:47.337,117.118,2667,STOP,0.01489,0.018445,0.000889,0.8,0.0,0.0,L,0,0,-0.0,0.0,-0.0,0.0
2026-05-26T12:50:47.390,117.172,2668,STOP,0.006764,0.016109,0.002336,0.8,0.0,0.0,L,0,0,-0.0,0.0,-0.0,0.0
2026-05-26T12:50:47.442,117.223,2669,STOP,0.008706,0.014628,0.00148,0.8,0.0,0.0,L,0,0,-0.0,0.0,-0.0,0.0
2026-05-26T12:50:47.499,117.28,2670,STOP,0.010579,0.013818,0.00081,0.8,0.0,0.0,L,0,0,-0.0,0.0,-0.0,0.0
2026-05-26T12:50:47.555,117.336,2671,STOP,0.025477,0.01615,-0.002332,0.8,0.0,0.0,L,0,0,-0.0,0.0,-0.0,0.0
2026-05-26T12:50:47.623,117.404,2672,STOP,0.048343,0.022589,-0.006439,0.8,0.0,0.0,L,0,0,-0.0,0.0,-0.0,0.0
2026-05-26T12:50:47.650,117.431,2673,STOP,0.056909,0.029453,-0.006864,0.8,0.0,0.0,L,0,0,-0.0,0.0,-0.0,0.0
2026-05-26T12:50:47.705,117.486,2674,STOP,0.066105,0.036783,-0.00733,0.8,0.0,0.0,L,0,0,-0.0,0.0,-0.0,0.0
2026-05-26T12:50:47.737,117.518,2675,STOP,0.069466,0.04332,-0.006537,0.8,0.0,0.0,L,0,0,-0.0,0.0,-0.0,0.0
2026-05-26T12:50:47.792,117.574,2676,STOP,0.065951,0.047846,-0.004526,0.8,0.0,0.0,L,0,0,-0.0,0.0,-0.0,0.0
2026-05-26T12:50:47.848,117.629,2677,STOP,0.051084,0.048493,-0.000648,0.8,0.0,0.0,L,0,0,-0.0,0.0,-0.0,0.0
2026-05-26T12:50:47.936,117.717,2678,STOP,0.038189,0.046433,0.002061,0.8,0.0,0.0,L,0,0,-0.0,0.0,-0.0,0.0
2026-05-26T12:50:47.995,117.776,2679,STOP,0.022333,0.041613,0.00482,0.8,0.0,0.0,L,0,0,-0.0,0.0,-0.0,0.0
2026-05-26T12:50:48.022,117.803,2680,STOP,0.010941,0.035478,0.006134,0.8,0.0,0.0,L,0,0,-0.0,0.0,-0.0,0.0
2026-05-26T12:50:48.063,117.844,2681,STOP,0.009019,0.030187,0.005292,0.8,0.0,0.0,L,0,0,-0.0,0.0,-0.0,0.0
2026-05-26T12:50:48.099,117.881,2682,STOP,0.01072,0.026293,0.003893,0.8,0.0,0.0,L,0,0,-0.0,0.0,-0.0,0.0
2026-05-26T12:50:48.137,117.918,2683,STOP,0.009573,0.022949,0.003344,0.8,0.0,0.0,L,0,0,-0.0,0.0,-0.0,0.0
2026-05-26T12:50:48.184,117.965,2684,STOP,0.012247,0.020809,0.00214,0.8,0.0,0.0,L,0,0,-0.0,0.0,-0.0,0.0
2026-05-26T12:50:48.236,118.017,2685,STOP,0.008391,0.018325,0.002484,0.8,0.0,0.0,L,0,0,-0.0,0.0,-0.0,0.0
2026-05-26T12:50:48.306,118.088,2686,STOP,0.007341,0.016128,0.002197,0.8,0.0,0.0,L,0,0,-0.0,0.0,-0.0,0.0
2026-05-26T12:50:48.352,118.133,2687,STOP,0.009877,0.014878,0.00125,0.8,0.0,0.0,L,0,0,-0.0,0.0,-0.0,0.0
2026-05-26T12:50:48.415,118.196,2688,STOP,0.008098,0.013522,0.001356,0.8,0.0,0.0,L,0,0,-0.0,0.0,-0.0,0.0
2026-05-26T12:50:48.485,118.266,2689,STOP,0.010897,0.012997,0.000525,0.8,0.0,0.0,L,0,0,-0.0,0.0,-0.0,0.0
2026-05-26T12:50:48.521,118.302,2690,STOP,0.009399,0.012278,0.00072,0.8,0.0,0.0,L,0,0,-0.0,0.0,-0.0,0.0
2026-05-26T12:50:48.599,118.38,2691,STOP,0.011165,0.012055,0.000223,0.8,0.0,0.0,L,0,0,-0.0,0.0,-0.0,0.0
2026-05-26T12:50:48.641,118.422,2692,STOP,0.018158,0.013276,-0.001221,0.8,0.0,0.0,L,0,0,-0.0,0.0,-0.0,0.0
2026-05-26T12:50:48.695,118.476,2693,STOP,0.033315,0.017283,-0.004008,0.8,0.0,0.0,L,0,0,-0.0,0.0,-0.0,0.0
2026-05-26T12:50:48.753,118.534,2694,STOP,0.056739,0.025175,-0.007891,0.8,0.0,0.0,L,0,0,-0.0,0.0,-0.0,0.0
2026-05-26T12:50:48.795,118.576,2695,STOP,0.070472,0.034234,-0.009059,0.8,0.0,0.0,L,0,0,-0.0,0.0,-0.0,0.0
2026-05-26T12:50:48.847,118.628,2696,STOP,0.0764,0.042667,-0.008433,0.8,0.0,0.0,L,0,0,-0.0,0.0,-0.0,0.0
2026-05-26T12:50:48.901,118.682,2697,STOP,0.070394,0.048213,-0.005545,0.8,0.0,0.0,L,0,0,-0.0,0.0,-0.0,0.0
2026-05-26T12:50:48.987,118.768,2698,STOP,0.070667,0.052704,-0.004491,0.8,0.0,0.0,M,0,0,-0.0,0.0,-0.0,0.0
2026-05-26T12:50:49.053,118.834,2699,STOP,0.069751,0.056113,-0.003409,0.8,0.0,0.0,M,0,0,-0.0,0.0,-0.0,0.0
2026-05-26T12:50:49.090,118.871,2700,STOP,0.068168,0.058524,-0.002411,0.8,0.0,0.0,M,0,0,-0.0,0.0,-0.0,0.0
2026-05-26T12:50:49.109,118.89,2701,STOP,0.064392,0.059698,-0.001174,0.8,0.0,0.0,M,0,0,-0.0,0.0,-0.0,0.0
2026-05-26T12:50:49.160,118.941,2702,STOP,0.065173,0.060793,-0.001095,0.8,0.0,0.0,M,0,0,-0.0,0.0,-0.0,0.0
2026-05-26T12:50:49.196,118.977,2703,STOP,0.053006,0.059235,0.001557,0.8,0.0,0.0,M,0,0,-0.0,0.0,-0.0,0.0
2026-05-26T12:50:49.243,119.025,2704,STOP,0.018132,0.051015,0.008221,0.8,0.0,0.0,M,0,0,-0.0,0.0,-0.0,0.0
2026-05-26T12:50:49.296,119.078,2705,STOP,0.017973,0.044406,0.006608,0.8,0.0,0.0,L,0,0,-0.0,0.0,-0.0,0.0
2026-05-26T12:50:49.332,119.114,2706,STOP,0.055471,0.046619,-0.002213,0.8,0.0,0.0,L,0,0,-0.0,0.0,-0.0,0.0
2026-05-26T12:50:49.372,119.154,2707,STOP,0.070484,0.051392,-0.004773,0.8,0.0,0.0,M,0,0,-0.0,0.0,-0.0,0.0
2026-05-26T12:50:49.417,119.198,2708,STOP,0.073393,0.055792,-0.0044,0.8,0.0,0.0,M,0,0,-0.0,0.0,-0.0,0.0
2026-05-26T12:50:49.462,119.244,2709,STOP,0.073357,0.059305,-0.003513,0.8,0.0,0.0,M,0,0,-0.0,0.0,-0.0,0.0
2026-05-26T12:50:49.482,119.263,2710,STOP,0.064263,0.060297,-0.000992,0.8,0.0,0.0,M,0,0,-0.0,0.0,-0.0,0.0
2026-05-26T12:50:49.519,119.3,2711,STOP,0.025622,0.053362,0.006935,0.8,0.0,0.0,M,0,0,-0.0,0.0,-0.0,0.0
2026-05-26T12:50:49.579,119.36,2712,STOP,0.030327,0.048755,0.004607,0.8,0.0,0.0,L,0,0,-0.0,0.0,-0.0,0.0
2026-05-26T12:50:49.634,119.415,2713,STOP,0.049354,0.048875,-0.00012,0.8,0.0,0.0,L,0,0,-0.0,0.0,-0.0,0.0
2026-05-26T12:50:49.676,119.457,2714,STOP,0.074678,0.054035,-0.005161,0.8,0.0,0.0,M,0,0,-0.0,0.0,-0.0,0.0
2026-05-26T12:50:49.734,119.515,2715,STOP,0.076643,0.058557,-0.004522,0.8,0.0,0.0,M,0,0,-0.0,0.0,-0.0,0.0
2026-05-26T12:50:49.770,119.552,2716,STOP,0.076428,0.062131,-0.003574,0.8,0.0,0.0,M,0,0,-0.0,0.0,-0.0,0.0
2026-05-26T12:50:49.826,119.608,2717,STOP,0.062803,0.062265,-0.000134,0.8,0.0,0.0,M,0,0,-0.0,0.0,-0.0,0.0
2026-05-26T12:50:49.869,119.65,2718,STOP,0.064694,0.062751,-0.000486,0.8,0.0,0.0,M,0,0,-0.0,0.0,-0.0,0.0
2026-05-26T12:50:49.928,119.709,2719,STOP,0.047866,0.059774,0.002977,0.8,0.0,0.0,M,0,0,-0.0,0.0,-0.0,0.0
2026-05-26T12:50:49.975,119.757,2720,STOP,0.060906,0.06,-0.000226,0.8,0.0,0.0,M,0,0,-0.0,0.0,-0.0,0.0
2026-05-26T12:50:50.013,119.794,2721,STOP,0.063565,0.060713,-0.000713,0.8,0.0,0.0,M,0,0,-0.0,0.0,-0.0,0.0
2026-05-26T12:50:50.032,119.813,2722,STOP,0.063445,0.06126,-0.000546,0.8,0.0,0.0,M,0,0,-0.0,0.0,-0.0,0.0
2026-05-26T12:50:50.080,119.862,2723,STOP,0.047093,0.058426,0.002833,0.8,0.0,0.0,M,0,0,-0.0,0.0,-0.0,0.0
2026-05-26T12:50:50.115,119.897,2724,STOP,0.04653,0.056047,0.002379,0.8,0.0,0.0,M,0,0,-0.0,0.0,-0.0,0.0
2026-05-26T12:50:50.160,119.942,2725,STOP,0.0509,0.055018,0.001029,0.8,0.0,0.0,M,0,0,-0.0,0.0,-0.0,0.0
2026-05-26T12:50:50.186,119.967,2726,STOP,0.05968,0.05595,-0.000932,0.8,0.0,0.0,M,0,0,-0.0,0.0,-0.0,0.0
2026-05-26T12:50:50.211,119.993,2727,STOP,0.072714,0.059303,-0.003353,0.8,0.0,0.0,M,0,0,-0.0,0.0,-0.0,0.0
2026-05-26T12:50:50.253,120.034,2728,STOP,0.074669,0.062376,-0.003073,0.8,0.0,0.0,M,0,0,-0.0,0.0,-0.0,0.0
2026-05-26T12:50:50.293,120.074,2729,STOP,0.064665,0.062834,-0.000458,0.8,0.0,0.0,M,0,0,-0.0,0.0,-0.0,0.0
2026-05-26T12:50:50.343,120.124,2730,STOP,0.035294,0.057326,0.005508,0.8,0.0,0.0,M,0,0,-0.0,0.0,-0.0,0.0
2026-05-26T12:50:50.395,120.176,2731,STOP,0.03039,0.051939,0.005387,0.8,0.0,0.0,M,0,0,-0.0,0.0,-0.0,0.0
2026-05-26T12:50:50.440,120.221,2732,STOP,0.050643,0.05168,0.000259,0.8,0.0,0.0,M,0,0,-0.0,0.0,-0.0,0.0
2026-05-26T12:50:50.493,120.274,2733,STOP,0.070421,0.055428,-0.003748,0.8,0.0,0.0,M,0,0,-0.0,0.0,-0.0,0.0
2026-05-26T12:50:50.552,120.333,2734,STOP,0.0968,0.063702,-0.008274,0.8,0.0,0.0,M,0,0,-0.0,0.0,-0.0,0.0
2026-05-26T12:50:50.604,120.385,2735,STOP,0.111177,0.073197,-0.009495,0.8,0.0,0.0,M,0,0,-0.0,0.0,-0.0,0.0
2026-05-26T12:50:50.664,120.445,2736,STOP,0.111096,0.080777,-0.00758,0.8,0.0,0.0,M,0,0,-0.0,0.0,-0.0,0.0
2026-05-26T12:50:50.718,120.5,2737,STOP,0.099074,0.084437,-0.003659,0.8,0.0,0.0,M,0,0,-0.0,0.0,-0.0,0.0
2026-05-26T12:50:50.772,120.554,2738,STOP,0.092267,0.086003,-0.001566,0.8,0.0,0.0,M,0,0,-0.0,0.0,-0.0,0.0
2026-05-26T12:50:50.810,120.592,2739,STOP,0.081149,0.085032,0.000971,0.8,0.0,0.0,M,0,0,-0.0,0.0,-0.0,0.0
2026-05-26T12:50:50.832,120.613,2740,STOP,0.078994,0.083824,0.001208,0.8,0.0,0.0,M,0,0,-0.0,0.0,-0.0,0.0
2026-05-26T12:50:50.889,120.67,2741,STOP,0.075965,0.082252,0.001572,0.8,0.0,0.0,M,0,0,-0.0,0.0,-0.0,0.0
2026-05-26T12:50:50.925,120.706,2742,STOP,0.061373,0.078077,0.004176,0.8,0.0,0.0,M,0,0,-0.0,0.0,-0.0,0.0
2026-05-26T12:50:50.951,120.732,2743,STOP,0.047938,0.072049,0.006028,0.8,0.0,0.0,M,0,0,-0.0,0.0,-0.0,0.0
2026-05-26T12:50:51.004,120.786,2744,STOP,0.027708,0.063181,0.008868,0.8,0.0,0.0,M,0,0,-0.0,0.0,-0.0,0.0
2026-05-26T12:50:51.052,120.833,2745,STOP,0.056027,0.06175,0.001431,0.8,0.0,0.0,M,0,0,-0.0,0.0,-0.0,0.0
2026-05-26T12:50:51.104,120.886,2746,STOP,0.083564,0.066113,-0.004363,0.8,0.0,0.0,M,0,0,-0.0,0.0,-0.0,0.0
2026-05-26T12:50:51.164,120.945,2747,STOP,0.092706,0.071431,-0.005319,0.8,0.0,0.0,M,0,0,-0.0,0.0,-0.0,0.0
2026-05-26T12:50:51.212,120.993,2748,STOP,0.096099,0.076365,-0.004934,0.8,0.0,0.0,M,0,0,-0.0,0.0,-0.0,0.0
2026-05-26T12:50:51.254,121.036,2749,STOP,0.088964,0.078885,-0.00252,0.8,0.0,0.0,M,0,0,-0.0,0.0,-0.0,0.0
2026-05-26T12:50:51.302,121.084,2750,STOP,0.071585,0.077425,0.00146,0.8,0.0,0.0,M,0,0,-0.0,0.0,-0.0,0.0
2026-05-26T12:50:51.344,121.125,2751,STOP,0.037873,0.069514,0.00791,0.8,0.0,0.0,M,0,0,-0.0,0.0,-0.0,0.0
2026-05-26T12:50:51.387,121.169,2752,STOP,0.01759,0.059129,0.010385,0.8,0.0,0.0,M,0,0,-0.0,0.0,-0.0,0.0
2026-05-26T12:50:51.441,121.222,2753,STOP,0.004737,0.048251,0.010878,0.8,0.0,0.0,L,0,0,-0.0,0.0,-0.0,0.0
2026-05-26T12:50:51.502,121.284,2754,STOP,0.007573,0.040115,0.008136,0.8,0.0,0.0,L,0,0,-0.0,0.0,-0.0,0.0
2026-05-26T12:50:51.566,121.347,2755,STOP,0.010838,0.03426,0.005855,0.8,0.0,0.0,L,0,0,-0.0,0.0,-0.0,0.0
2026-05-26T12:50:51.653,121.434,2756,STOP,0.019905,0.031389,0.002871,0.8,0.0,0.0,L,0,0,-0.0,0.0,-0.0,0.0
2026-05-26T12:50:51.718,121.5,2757,STOP,0.017161,0.028543,0.002846,0.8,0.0,0.0,L,0,0,-0.0,0.0,-0.0,0.0
2026-05-26T12:50:51.772,121.553,2758,STOP,0.011669,0.025168,0.003375,0.8,0.0,0.0,L,0,0,-0.0,0.0,-0.0,0.0
2026-05-26T12:50:51.811,121.592,2759,STOP,0.005891,0.021313,0.003855,0.8,0.0,0.0,L,0,0,-0.0,0.0,-0.0,0.0
2026-05-26T12:50:51.861,121.642,2760,STOP,0.011383,0.019327,0.001986,0.8,0.0,0.0,L,0,0,-0.0,0.0,-0.0,0.0
2026-05-26T12:50:51.898,121.679,2761,STOP,0.012403,0.017942,0.001385,0.8,0.0,0.0,L,0,0,-0.0,0.0,-0.0,0.0
2026-05-26T12:50:51.943,121.725,2762,STOP,0.012137,0.016781,0.001161,0.8,0.0,0.0,L,0,0,-0.0,0.0,-0.0,0.0
2026-05-26T12:50:51.992,121.773,2763,STOP,0.009333,0.015292,0.00149,0.8,0.0,0.0,L,0,0,-0.0,0.0,-0.0,0.0
2026-05-26T12:50:52.045,121.827,2764,STOP,0.006532,0.01354,0.001752,0.8,0.0,0.0,L,0,0,-0.0,0.0,-0.0,0.0
2026-05-26T12:50:52.102,121.884,2765,STOP,0.002199,0.011272,0.002268,0.8,0.0,0.0,L,0,0,-0.0,0.0,-0.0,0.0
2026-05-26T12:50:52.176,121.958,2766,STOP,0.003216,0.00966,0.001611,0.8,0.0,0.0,L,0,0,-0.0,0.0,-0.0,0.0
2026-05-26T12:50:52.228,122.01,2767,STOP,0.002277,0.008184,0.001477,0.8,0.0,0.0,L,0,0,-0.0,0.0,-0.0,0.0
2026-05-26T12:50:52.291,122.072,2768,STOP,0.004713,0.00749,0.000694,0.8,0.0,0.0,L,0,0,-0.0,0.0,-0.0,0.0
2026-05-26T12:50:52.325,122.106,2769,STOP,0.00224,0.00644,0.00105,0.8,0.0,0.0,L,0,0,-0.0,0.0,-0.0,0.0
2026-05-26T12:50:52.377,122.158,2770,STOP,0.003414,0.005835,0.000605,0.8,0.0,0.0,L,0,0,-0.0,0.0,-0.0,0.0
2026-05-26T12:50:52.428,122.209,2771,STOP,0.00162,0.004992,0.000843,0.8,0.0,0.0,L,0,0,-0.0,0.0,-0.0,0.0
2026-05-26T12:50:52.469,122.251,2772,STOP,0.003185,0.00463,0.000361,0.8,0.0,0.0,L,0,0,-0.0,0.0,-0.0,0.0
2026-05-26T12:50:52.515,122.296,2773,STOP,0.001652,0.004035,0.000596,0.8,0.0,0.0,L,0,0,-0.0,0.0,-0.0,0.0
2026-05-26T12:50:52.543,122.324,2774,STOP,0.001234,0.003475,0.00056,0.8,0.0,0.0,L,0,0,-0.0,0.0,-0.0,0.0
2026-05-26T12:50:52.593,122.374,2775,STOP,0.002242,0.003228,0.000247,0.8,0.0,0.0,L,0,0,-0.0,0.0,-0.0,0.0
2026-05-26T12:50:52.647,122.428,2776,STOP,0.001603,0.002903,0.000325,0.8,0.0,0.0,L,0,0,-0.0,0.0,-0.0,0.0
2026-05-26T12:50:52.694,122.475,2777,STOP,0.002533,0.002829,7.4e-05,0.8,0.0,0.0,L,0,0,-0.0,0.0,-0.0,0.0
2026-05-26T12:50:52.762,122.544,2778,STOP,0.002465,0.002756,7.3e-05,0.8,0.0,0.0,L,0,0,-0.0,0.0,-0.0,0.0
2026-05-26T12:50:52.807,122.588,2779,STOP,0.002128,0.002631,0.000126,0.8,0.0,0.0,L,0,0,-0.0,0.0,-0.0,0.0
2026-05-26T12:50:52.862,122.643,2780,STOP,0.003632,0.002831,-0.0002,0.8,0.0,0.0,L,0,0,-0.0,0.0,-0.0,0.0
2026-05-26T12:50:52.897,122.678,2781,STOP,0.002838,0.002832,-1e-06,0.8,0.0,0.0,L,0,0,-0.0,0.0,-0.0,0.0
2026-05-26T12:50:52.929,122.71,2782,STOP,0.006332,0.003532,-0.0007,0.8,0.0,0.0,L,0,0,-0.0,0.0,-0.0,0.0
2026-05-26T12:50:52.976,122.758,2783,STOP,0.025915,0.008009,-0.004477,0.8,0.0,0.0,L,0,0,-0.0,0.0,-0.0,0.0
2026-05-26T12:50:53.012,122.793,2784,STOP,0.039474,0.014302,-0.006293,0.8,0.0,0.0,L,0,0,-0.0,0.0,-0.0,0.0
2026-05-26T12:50:53.060,122.841,2785,STOP,0.062846,0.024011,-0.009709,0.8,0.0,0.0,L,0,0,-0.0,0.0,-0.0,0.0
2026-05-26T12:50:53.110,122.891,2786,STOP,0.070951,0.033399,-0.009388,0.8,0.0,0.0,L,0,0,-0.0,0.0,-0.0,0.0
2026-05-26T12:50:53.135,122.916,2787,STOP,0.070388,0.040796,-0.007398,0.8,0.0,0.0,L,0,0,-0.0,0.0,-0.0,0.0
2026-05-26T12:50:53.181,122.962,2788,STOP,0.065449,0.045727,-0.00493,0.8,0.0,0.0,L,0,0,-0.0,0.0,-0.0,0.0
2026-05-26T12:50:53.200,122.982,2789,STOP,0.055522,0.047686,-0.001959,0.8,0.0,0.0,L,0,0,-0.0,0.0,-0.0,0.0
2026-05-26T12:50:53.254,123.035,2790,STOP,0.021661,0.042481,0.005205,0.8,0.0,0.0,L,0,0,-0.0,0.0,-0.0,0.0
2026-05-26T12:50:53.291,123.073,2791,STOP,0.011901,0.036365,0.006116,0.8,0.0,0.0,L,0,0,-0.0,0.0,-0.0,0.0
2026-05-26T12:50:53.324,123.105,2792,STOP,0.03042,0.035176,0.001189,0.8,0.0,0.0,L,0,0,-0.0,0.0,-0.0,0.0
2026-05-26T12:50:53.379,123.16,2793,STOP,0.051209,0.038383,-0.003207,0.8,0.0,0.0,L,0,0,-0.0,0.0,-0.0,0.0
2026-05-26T12:50:53.427,123.208,2794,STOP,0.061043,0.042915,-0.004532,0.8,0.0,0.0,L,0,0,-0.0,0.0,-0.0,0.0
2026-05-26T12:50:53.483,123.264,2795,STOP,0.065712,0.047474,-0.004559,0.8,0.0,0.0,L,0,0,-0.0,0.0,-0.0,0.0
2026-05-26T12:50:53.506,123.287,2796,STOP,0.059394,0.049858,-0.002384,0.8,0.0,0.0,L,0,0,-0.0,0.0,-0.0,0.0
2026-05-26T12:50:53.555,123.336,2797,STOP,0.061706,0.052228,-0.00237,0.8,0.0,0.0,M,0,0,-0.0,0.0,-0.0,0.0
2026-05-26T12:50:53.592,123.373,2798,STOP,0.051818,0.052146,8.2e-05,0.8,0.0,0.0,M,0,0,-0.0,0.0,-0.0,0.0
2026-05-26T12:50:53.627,123.408,2799,STOP,0.055307,0.052778,-0.000632,0.8,0.0,0.0,M,0,0,-0.0,0.0,-0.0,0.0
2026-05-26T12:50:53.653,123.434,2800,STOP,0.058185,0.053859,-0.001081,0.8,0.0,0.0,M,0,0,-0.0,0.0,-0.0,0.0
2026-05-26T12:50:53.694,123.475,2801,STOP,0.056679,0.054423,-0.000564,0.8,0.0,0.0,M,0,0,-0.0,0.0,-0.0,0.0
2026-05-26T12:50:53.738,123.519,2802,STOP,0.050359,0.05361,0.000813,0.8,0.0,0.0,M,0,0,-0.0,0.0,-0.0,0.0
2026-05-26T12:50:53.784,123.565,2803,STOP,0.053324,0.053553,5.7e-05,0.8,0.0,0.0,M,0,0,-0.0,0.0,-0.0,0.0
2026-05-26T12:50:53.821,123.602,2804,STOP,0.048486,0.05254,0.001013,0.8,0.0,0.0,M,0,0,-0.0,0.0,-0.0,0.0
2026-05-26T12:50:53.870,123.651,2805,STOP,0.053751,0.052782,-0.000242,0.8,0.0,0.0,M,0,0,-0.0,0.0,-0.0,0.0
2026-05-26T12:50:53.923,123.704,2806,STOP,0.053627,0.052951,-0.000169,0.8,0.0,0.0,M,0,0,-0.0,0.0,-0.0,0.0
2026-05-26T12:50:53.941,123.722,2807,STOP,0.050892,0.052539,0.000412,0.8,0.0,0.0,M,0,0,-0.0,0.0,-0.0,0.0
2026-05-26T12:50:53.988,123.769,2808,STOP,0.04161,0.050353,0.002186,0.8,0.0,0.0,M,0,0,-0.0,0.0,-0.0,0.0
2026-05-26T12:50:54.036,123.817,2809,STOP,0.057144,0.051711,-0.001358,0.8,0.0,0.0,M,0,0,-0.0,0.0,-0.0,0.0
2026-05-26T12:50:54.079,123.861,2810,STOP,0.054361,0.052241,-0.00053,0.8,0.0,0.0,M,0,0,-0.0,0.0,-0.0,0.0
2026-05-26T12:50:54.099,123.88,2811,STOP,0.060187,0.05383,-0.001589,0.8,0.0,0.0,M,0,0,-0.0,0.0,-0.0,0.0
2026-05-26T12:50:54.153,123.934,2812,STOP,0.064274,0.055919,-0.002089,0.8,0.0,0.0,M,0,0,-0.0,0.0,-0.0,0.0
2026-05-26T12:50:54.186,123.967,2813,STOP,0.061207,0.056977,-0.001058,0.8,0.0,0.0,M,0,0,-0.0,0.0,-0.0,0.0
2026-05-26T12:50:54.242,124.023,2814,STOP,0.052303,0.056042,0.000935,0.8,0.0,0.0,M,0,0,-0.0,0.0,-0.0,0.0
2026-05-26T12:50:54.286,124.067,2815,STOP,0.053324,0.055498,0.000544,0.8,0.0,0.0,M,0,0,-0.0,0.0,-0.0,0.0
2026-05-26T12:50:54.345,124.126,2816,STOP,0.057181,0.055835,-0.000336,0.8,0.0,0.0,M,0,0,-0.0,0.0,-0.0,0.0
2026-05-26T12:50:54.390,124.171,2817,STOP,0.057521,0.056172,-0.000337,0.8,0.0,0.0,M,0,0,-0.0,0.0,-0.0,0.0
2026-05-26T12:50:54.426,124.207,2818,STOP,0.056941,0.056326,-0.000154,0.8,0.0,0.0,M,0,0,-0.0,0.0,-0.0,0.0
2026-05-26T12:50:54.478,124.259,2819,STOP,0.051795,0.05542,0.000906,0.8,0.0,0.0,M,0,0,-0.0,0.0,-0.0,0.0
2026-05-26T12:50:54.507,124.288,2820,STOP,0.052566,0.054849,0.000571,0.8,0.0,0.0,M,0,0,-0.0,0.0,-0.0,0.0
2026-05-26T12:50:54.556,124.337,2821,STOP,0.053313,0.054542,0.000307,0.8,0.0,0.0,M,0,0,-0.0,0.0,-0.0,0.0
2026-05-26T12:50:54.602,124.383,2822,STOP,0.068681,0.05737,-0.002828,0.8,0.0,0.0,M,0,0,-0.0,0.0,-0.0,0.0
2026-05-26T12:50:54.660,124.442,2823,STOP,0.073232,0.060542,-0.003172,0.8,0.0,0.0,M,0,0,-0.0,0.0,-0.0,0.0
2026-05-26T12:50:54.695,124.476,2824,STOP,0.070651,0.062564,-0.002022,0.8,0.0,0.0,M,0,0,-0.0,0.0,-0.0,0.0
2026-05-26T12:50:54.713,124.494,2825,STOP,0.067542,0.063559,-0.000996,0.8,0.0,0.0,M,0,0,-0.0,0.0,-0.0,0.0
2026-05-26T12:50:54.762,124.543,2826,STOP,0.061557,0.063159,0.000401,0.8,0.0,0.0,M,0,0,-0.0,0.0,-0.0,0.0
2026-05-26T12:50:54.792,124.573,2827,STOP,0.050883,0.060704,0.002455,0.8,0.0,0.0,M,0,0,-0.0,0.0,-0.0,0.0
2026-05-26T12:50:54.848,124.63,2828,STOP,0.063272,0.061218,-0.000514,0.8,0.0,0.0,M,0,0,-0.0,0.0,-0.0,0.0
2026-05-26T12:50:54.896,124.677,2829,STOP,0.07565,0.064104,-0.002886,0.8,0.0,0.0,M,0,0,-0.0,0.0,-0.0,0.0
2026-05-26T12:50:54.944,124.725,2830,STOP,0.076136,0.06651,-0.002406,0.8,0.0,0.0,M,0,0,-0.0,0.0,-0.0,0.0
2026-05-26T12:50:54.991,124.772,2831,STOP,0.075387,0.068286,-0.001775,0.8,0.0,0.0,M,0,0,-0.0,0.0,-0.0,0.0
2026-05-26T12:50:55.028,124.809,2832,STOP,0.06616,0.067861,0.000425,0.8,0.0,0.0,M,0,0,-0.0,0.0,-0.0,0.0
2026-05-26T12:50:55.066,124.847,2833,STOP,0.06122,0.066532,0.001328,0.8,0.0,0.0,M,0,0,-0.0,0.0,-0.0,0.0
2026-05-26T12:50:55.110,124.891,2834,STOP,0.053633,0.063952,0.00258,0.8,0.0,0.0,M,0,0,-0.0,0.0,-0.0,0.0
2026-05-26T12:50:55.167,124.948,2835,STOP,0.059155,0.062993,0.000959,0.8,0.0,0.0,M,0,0,-0.0,0.0,-0.0,0.0
2026-05-26T12:50:55.214,124.996,2836,STOP,0.071338,0.064662,-0.001669,0.8,0.0,0.0,M,0,0,-0.0,0.0,-0.0,0.0
2026-05-26T12:50:55.267,125.048,2837,STOP,0.073069,0.066343,-0.001681,0.8,0.0,0.0,M,0,0,-0.0,0.0,-0.0,0.0
2026-05-26T12:50:55.305,125.086,2838,STOP,0.07469,0.068013,-0.001669,0.8,0.0,0.0,M,0,0,-0.0,0.0,-0.0,0.0
2026-05-26T12:50:55.362,125.144,2839,STOP,0.087106,0.071831,-0.003819,0.8,0.0,0.0,M,0,0,-0.0,0.0,-0.0,0.0
2026-05-26T12:50:55.414,125.195,2840,STOP,0.086568,0.074779,-0.002947,0.8,0.0,0.0,M,0,0,-0.0,0.0,-0.0,0.0
2026-05-26T12:50:55.478,125.259,2841,STOP,0.081038,0.07603,-0.001252,0.8,0.0,0.0,M,0,0,-0.0,0.0,-0.0,0.0
2026-05-26T12:50:55.516,125.297,2842,STOP,0.076583,0.076141,-0.00011,0.8,0.0,0.0,M,0,0,-0.0,0.0,-0.0,0.0
2026-05-26T12:50:55.541,125.322,2843,STOP,0.06197,0.073307,0.002834,0.8,0.0,0.0,M,0,0,-0.0,0.0,-0.0,0.0
2026-05-26T12:50:55.576,125.357,2844,STOP,0.033532,0.065352,0.007955,0.8,0.0,0.0,M,0,0,-0.0,0.0,-0.0,0.0
2026-05-26T12:50:55.604,125.385,2845,STOP,0.034606,0.059203,0.006149,0.8,0.0,0.0,M,0,0,-0.0,0.0,-0.0,0.0
2026-05-26T12:50:55.646,125.427,2846,STOP,0.040859,0.055534,0.003669,0.8,0.0,0.0,M,0,0,-0.0,0.0,-0.0,0.0
2026-05-26T12:50:55.665,125.447,2847,STOP,0.039453,0.052318,0.003216,0.8,0.0,0.0,M,0,0,-0.0,0.0,-0.0,0.0
2026-05-26T12:50:55.720,125.501,2848,STOP,0.049783,0.051811,0.000507,0.8,0.0,0.0,M,0,0,-0.0,0.0,-0.0,0.0
2026-05-26T12:50:55.751,125.532,2849,STOP,0.050466,0.051542,0.000269,0.8,0.0,0.0,M,0,0,-0.0,0.0,-0.0,0.0
2026-05-26T12:50:55.796,125.577,2850,STOP,0.011749,0.043583,0.007958,0.8,0.0,0.0,L,0,0,-0.0,0.0,-0.0,0.0
2026-05-26T12:50:55.837,125.618,2851,STOP,0.016572,0.038181,0.005402,0.8,0.0,0.0,L,0,0,-0.0,0.0,-0.0,0.0
2026-05-26T12:50:55.862,125.643,2852,STOP,0.034332,0.037411,0.00077,0.8,0.0,0.0,L,0,0,-0.0,0.0,-0.0,0.0
2026-05-26T12:50:55.898,125.679,2853,STOP,0.035008,0.036931,0.000481,0.8,0.0,0.0,L,0,0,-0.0,0.0,-0.0,0.0
2026-05-26T12:50:55.928,125.709,2854,STOP,0.015299,0.032604,0.004326,0.8,0.0,0.0,L,0,0,-0.0,0.0,-0.0,0.0
2026-05-26T12:50:55.956,125.737,2855,STOP,0.033689,0.032821,-0.000217,0.8,0.0,0.0,L,0,0,-0.0,0.0,-0.0,0.0
2026-05-26T12:50:55.990,125.771,2856,STOP,0.03354,0.032965,-0.000144,0.8,0.0,0.0,L,0,0,-0.0,0.0,-0.0,0.0
2026-05-26T12:50:56.050,125.831,2857,STOP,0.016815,0.029735,0.00323,0.8,0.0,0.0,L,0,0,-0.0,0.0,-0.0,0.0
2026-05-26T12:50:56.100,125.881,2858,STOP,0.013708,0.02653,0.003205,0.8,0.0,0.0,L,0,0,-0.0,0.0,-0.0,0.0
2026-05-26T12:50:56.159,125.941,2859,STOP,0.022665,0.025757,0.000773,0.8,0.0,0.0,L,0,0,-0.0,0.0,-0.0,0.0
2026-05-26T12:50:56.206,125.987,2860,STOP,0.00895,0.022395,0.003361,0.8,0.0,0.0,L,0,0,-0.0,0.0,-0.0,0.0
2026-05-26T12:50:56.237,126.018,2861,STOP,0.002011,0.018318,0.004077,0.8,0.0,0.0,L,0,0,-0.0,0.0,-0.0,0.0
2026-05-26T12:50:56.313,126.094,2862,STOP,0.003814,0.015418,0.002901,0.8,0.0,0.0,L,0,0,-0.0,0.0,-0.0,0.0
2026-05-26T12:50:56.367,126.148,2863,FORWARD,0.008322,0.013998,0.001419,0.8,0.0,0.0,L,0,0,-0.0,0.775,-0.0,0.775
2026-05-26T12:50:56.426,126.207,2864,FORWARD,0.006587,0.012516,0.001482,0.8,0.0,0.0,L,0,0,-0.0,0.8721,-0.0,0.8721
2026-05-26T12:50:56.466,126.247,2865,FORWARD,0.023376,0.014688,-0.002172,0.8,0.0,0.0,L,0,0,-0.0,0.8727,-0.0,0.8727
2026-05-26T12:50:56.525,126.306,2866,FORWARD,0.047809,0.021312,-0.006624,0.8,0.0,0.0,L,0,0,-0.0,0.8727,-0.0,0.8727
2026-05-26T12:50:56.583,126.364,2867,FORWARD,0.068627,0.030775,-0.009463,0.8,0.0,0.0,L,0,0,-0.0,0.8844,-0.0,0.8844
2026-05-26T12:50:56.617,126.398,2868,FORWARD,0.051985,0.035017,-0.004242,0.8,0.0,0.0,L,0,0,-0.0,0.8844,-0.0,0.8844
2026-05-26T12:50:56.664,126.445,2869,FORWARD,0.054386,0.038891,-0.003874,0.8,0.0,0.0,L,0,0,-0.0,0.885,-0.0,0.885
2026-05-26T12:50:56.696,126.477,2870,FORWARD,0.074382,0.045989,-0.007098,0.8,0.0,0.0,L,0,0,-0.0,0.8863,-0.0,0.8863
2026-05-26T12:50:56.736,126.517,2871,FORWARD,0.075774,0.051946,-0.005957,0.8,0.0,0.0,M,0,0,-0.0,0.8875,-0.0,0.8875
2026-05-26T12:50:56.778,126.559,2872,FORWARD,0.088678,0.059293,-0.007346,0.8,0.0,0.0,M,0,0,-0.0,0.8881,-0.0,0.8881
2026-05-26T12:50:56.826,126.607,2873,FORWARD,0.088908,0.065216,-0.005923,0.8,0.0,0.0,M,0,0,-0.0,0.89,-0.0,0.89
2026-05-26T12:50:56.876,126.657,2874,FORWARD,0.087097,0.069592,-0.004376,0.8,0.0,0.0,M,0,0,-0.0,0.8875,-0.0,0.8875
2026-05-26T12:50:56.913,126.694,2875,FORWARD,0.087247,0.073123,-0.003531,0.8,0.0,0.0,M,0,0,-0.0,0.8881,-0.0,0.8881
2026-05-26T12:50:56.964,126.745,2876,FORWARD,0.089882,0.076475,-0.003352,0.8,0.0,0.0,M,0,0,-0.0,0.5624,-0.0,0.5624
2026-05-26T12:50:56.994,126.775,2877,FORWARD,0.091279,0.079436,-0.002961,0.8,0.0,0.0,M,0,0,-0.0,0.5624,-0.0,0.5624
2026-05-26T12:50:57.070,126.851,2878,STOP,0.065827,0.076714,0.002722,0.8,0.0,0.0,M,0,0,-0.0,0.0,-0.0,0.0
2026-05-26T12:50:57.142,126.923,2879,STOP,0.067357,0.074842,0.001871,0.8,0.0,0.0,M,0,0,-0.0,0.0,-0.0,0.0
2026-05-26T12:50:57.178,126.96,2880,STOP,0.072426,0.074359,0.000483,0.8,0.0,0.0,M,0,0,-0.0,0.0,-0.0,0.0
2026-05-26T12:50:57.236,127.017,2881,STOP,0.065285,0.072545,0.001815,0.8,0.0,0.0,M,0,0,-0.0,0.0,-0.0,0.0
2026-05-26T12:50:57.296,127.078,2882,STOP,0.0804,0.074116,-0.001571,0.8,0.0,0.0,M,0,0,-0.0,0.0,-0.0,0.0
2026-05-26T12:50:57.359,127.14,2883,STOP,0.088811,0.077055,-0.002939,0.8,0.0,0.0,M,0,0,-0.0,0.0,-0.0,0.0
2026-05-26T12:50:57.424,127.205,2884,STOP,0.095282,0.0807,-0.003645,0.8,0.0,0.0,M,0,0,-0.0,0.0,-0.0,0.0
2026-05-26T12:50:57.484,127.265,2885,STOP,0.092419,0.083044,-0.002344,0.8,0.0,0.0,M,0,0,-0.0,0.0,-0.0,0.0
2026-05-26T12:50:57.538,127.319,2886,STOP,0.073796,0.081194,0.00185,0.8,0.0,0.0,M,0,0,-0.0,0.0,-0.0,0.0
2026-05-26T12:50:57.608,127.389,2887,STOP,0.092107,0.083377,-0.002183,0.8,0.0,0.0,M,0,0,-0.0,0.0,-0.0,0.0
2026-05-26T12:50:57.659,127.44,2888,STOP,0.082486,0.083199,0.000178,0.8,0.0,0.0,M,0,0,-0.0,0.0,-0.0,0.0
2026-05-26T12:50:57.692,127.473,2889,STOP,0.034843,0.073528,0.009671,0.8,0.0,0.0,M,0,0,-0.0,0.0,-0.0,0.0
2026-05-26T12:50:57.740,127.521,2890,STOP,0.035654,0.065953,0.007575,0.8,0.0,0.0,M,0,0,-0.0,0.0,-0.0,0.0
2026-05-26T12:50:57.764,127.545,2891,STOP,0.040831,0.060928,0.005024,0.8,0.0,0.0,M,0,0,-0.0,0.0,-0.0,0.0
2026-05-26T12:50:57.791,127.573,2892,STOP,0.024288,0.0536,0.007328,0.8,0.0,0.0,M,0,0,-0.0,0.0,-0.0,0.0
2026-05-26T12:50:57.826,127.607,2893,STOP,0.036388,0.050158,0.003442,0.8,0.0,0.0,M,0,0,-0.0,0.0,-0.0,0.0
2026-05-26T12:50:57.854,127.635,2894,STOP,0.023514,0.044829,0.005329,0.8,0.0,0.0,L,0,0,-0.0,0.0,-0.0,0.0
2026-05-26T12:50:57.901,127.683,2895,STOP,0.012063,0.038276,0.006553,0.8,0.0,0.0,L,0,0,-0.0,0.0,-0.0,0.0
2026-05-26T12:50:57.934,127.715,2896,STOP,0.017915,0.034204,0.004072,0.8,0.0,0.0,L,0,0,-0.0,0.0,-0.0,0.0
2026-05-26T12:50:57.974,127.755,2897,STOP,0.016863,0.030736,0.003468,0.8,0.0,0.0,L,0,0,-0.0,0.0,-0.0,0.0
2026-05-26T12:50:58.014,127.795,2898,STOP,0.005469,0.025682,0.005053,0.8,0.0,0.0,L,0,0,-0.0,0.0,-0.0,0.0
2026-05-26T12:50:58.070,127.851,2899,STOP,0.014051,0.023356,0.002326,0.8,0.0,0.0,L,0,0,-0.0,0.0,-0.0,0.0
2026-05-26T12:50:58.089,127.87,2900,STOP,0.014835,0.021652,0.001704,0.8,0.0,0.0,L,0,0,-0.0,0.0,-0.0,0.0
2026-05-26T12:50:58.123,127.904,2901,STOP,0.010072,0.019336,0.002316,0.8,0.0,0.0,L,0,0,-0.0,0.0,-0.0,0.0
2026-05-26T12:50:58.174,127.955,2902,STOP,0.007985,0.017066,0.00227,0.8,0.0,0.0,L,0,0,-0.0,0.0,-0.0,0.0
2026-05-26T12:50:58.204,127.985,2903,STOP,0.008452,0.015343,0.001723,0.8,0.0,0.0,L,0,0,-0.0,0.0,-0.0,0.0
2026-05-26T12:50:58.236,128.017,2904,STOP,0.002801,0.012834,0.002508,0.8,0.0,0.0,L,0,0,-0.0,0.0,-0.0,0.0
2026-05-26T12:50:58.257,128.038,2905,STOP,0.009352,0.012138,0.000696,0.8,0.0,0.0,L,0,0,-0.0,0.0,-0.0,0.0
2026-05-26T12:50:58.287,128.068,2906,STOP,0.011719,0.012054,8.4e-05,0.8,0.0,0.0,L,0,0,-0.0,0.0,-0.0,0.0
2026-05-26T12:50:58.333,128.114,2907,STOP,0.006831,0.011009,0.001045,0.8,0.0,0.0,L,0,0,-0.0,0.0,-0.0,0.0
2026-05-26T12:50:58.366,128.147,2908,STOP,0.005553,0.009918,0.001091,0.8,0.0,0.0,L,0,0,-0.0,0.0,-0.0,0.0
2026-05-26T12:50:58.393,128.174,2909,STOP,0.010036,0.009942,-2.4e-05,0.8,0.0,0.0,L,0,0,-0.0,0.0,-0.0,0.0
2026-05-26T12:50:58.440,128.221,2910,STOP,0.006729,0.009299,0.000643,0.8,0.0,0.0,L,0,0,-0.0,0.0,-0.0,0.0
2026-05-26T12:50:58.474,128.255,2911,STOP,0.00482,0.008403,0.000896,0.8,0.0,0.0,L,0,0,-0.0,0.0,-0.0,0.0
2026-05-26T12:50:58.509,128.291,2912,STOP,0.008615,0.008446,-4.2e-05,0.8,0.0,0.0,L,0,0,-0.0,0.0,-0.0,0.0
2026-05-26T12:50:58.538,128.319,2913,STOP,0.010935,0.008944,-0.000498,0.8,0.0,0.0,L,0,0,-0.0,0.0,-0.0,0.0
2026-05-26T12:50:58.586,128.367,2914,STOP,0.027742,0.012703,-0.00376,0.8,0.0,0.0,L,0,0,-0.0,0.0,-0.0,0.0
2026-05-26T12:50:58.603,128.384,2915,STOP,0.047179,0.019598,-0.006895,0.8,0.0,0.0,L,0,0,-0.0,0.0,-0.0,0.0
2026-05-26T12:50:58.655,128.436,2916,STOP,0.061914,0.028062,-0.008463,0.8,0.0,0.0,L,0,0,-0.0,0.0,-0.0,0.0
2026-05-26T12:50:58.694,128.475,2917,STOP,0.083452,0.03914,-0.011078,0.8,0.0,0.0,L,0,0,-0.0,0.0,-0.0,0.0
2026-05-26T12:50:58.750,128.531,2918,STOP,0.090122,0.049336,-0.010196,0.8,0.0,0.0,L,0,0,-0.0,0.0,-0.0,0.0
2026-05-26T12:50:58.782,128.563,2919,STOP,0.095412,0.058551,-0.009215,0.8,0.0,0.0,M,0,0,-0.0,0.0,-0.0,0.0
2026-05-26T12:50:58.834,128.615,2920,STOP,0.106293,0.0681,-0.009548,0.8,0.0,0.0,M,0,0,-0.0,0.0,-0.0,0.0
2026-05-26T12:50:58.867,128.649,2921,STOP,0.108827,0.076245,-0.008146,0.8,0.0,0.0,M,0,0,-0.0,0.0,-0.0,0.0
2026-05-26T12:50:58.926,128.708,2922,STOP,0.104229,0.081842,-0.005597,0.8,0.0,0.0,M,0,0,-0.0,0.0,-0.0,0.0
2026-05-26T12:50:58.978,128.76,2923,STOP,0.115811,0.088636,-0.006794,0.8,0.0,0.0,M,0,0,-0.0,0.0,-0.0,0.0
2026-05-26T12:50:59.009,128.791,2924,STOP,0.117992,0.094507,-0.005871,0.8,0.0,0.0,M,0,0,-0.0,0.0,-0.0,0.0
2026-05-26T12:50:59.056,128.837,2925,STOP,0.11413,0.098432,-0.003925,0.8,0.0,0.0,M,0,0,-0.0,0.0,-0.0,0.0
2026-05-26T12:50:59.092,128.873,2926,STOP,0.125651,0.103876,-0.005444,0.8,0.0,0.0,M,0,0,-0.0,0.0,-0.0,0.0
2026-05-26T12:50:59.153,128.935,2927,STOP,0.126945,0.10849,-0.004614,0.8,0.0,0.0,M,0,0,-0.0,0.0,-0.0,0.0
2026-05-26T12:50:59.199,128.98,2928,STOP,0.129662,0.112724,-0.004234,0.8,0.0,0.0,M,0,0,-0.0,0.0,-0.0,0.0
2026-05-26T12:50:59.256,129.037,2929,STOP,0.13221,0.116621,-0.003897,0.8,0.0,0.0,M,0,0,-0.0,0.0,-0.0,0.0
2026-05-26T12:50:59.296,129.077,2930,STOP,0.139148,0.121127,-0.004505,0.8,0.0,0.0,M,0,0,-0.0,0.0,-0.0,0.0
2026-05-26T12:50:59.352,129.133,2931,STOP,0.133815,0.123664,-0.002538,0.8,0.0,0.0,M,0,0,-0.0,0.0,-0.0,0.0
2026-05-26T12:50:59.369,129.15,2932,STOP,0.134787,0.125889,-0.002225,0.8,0.0,0.0,M,0,0,-0.0,0.0,-0.0,0.0
2026-05-26T12:50:59.413,129.194,2933,STOP,0.128945,0.1265,-0.000611,0.8,0.0,0.0,M,0,0,-0.0,0.0,-0.0,0.0
2026-05-26T12:50:59.454,129.236,2934,STOP,0.126937,0.126587,-8.7e-05,0.8,0.0,0.0,M,0,0,-0.0,0.0,-0.0,0.0
2026-05-26T12:50:59.504,129.285,2935,STOP,0.10891,0.123052,0.003535,0.8,0.0,0.0,M,0,0,-0.0,0.0,-0.0,0.0
2026-05-26T12:50:59.539,129.32,2936,STOP,0.094695,0.11738,0.005671,0.8,0.0,0.0,M,0,0,-0.0,0.0,-0.0,0.0
2026-05-26T12:50:59.559,129.341,2937,STOP,0.07091,0.108086,0.009294,0.8,0.0,0.0,M,0,0,-0.0,0.0,-0.0,0.0
2026-05-26T12:50:59.600,129.381,2938,STOP,0.041118,0.094693,0.013394,0.8,0.0,0.0,M,0,0,-0.0,0.0,-0.0,0.0
2026-05-26T12:50:59.660,129.441,2939,STOP,0.026792,0.081113,0.01358,0.8,0.0,0.0,M,0,0,-0.0,0.0,-0.0,0.0
2026-05-26T12:50:59.716,129.498,2940,STOP,0.023459,0.069582,0.011531,0.8,0.0,0.0,M,0,0,-0.0,0.0,-0.0,0.0
2026-05-26T12:50:59.751,129.532,2941,STOP,0.01819,0.059303,0.010278,0.8,0.0,0.0,M,0,0,-0.0,0.0,-0.0,0.0
2026-05-26T12:50:59.780,129.562,2942,STOP,0.011317,0.049706,0.009597,0.8,0.0,0.0,L,0,0,-0.0,0.0,-0.0,0.0
2026-05-26T12:50:59.821,129.603,2943,STOP,0.012315,0.042228,0.007478,0.8,0.0,0.0,L,0,0,-0.0,0.0,-0.0,0.0
2026-05-26T12:50:59.875,129.657,2944,STOP,0.009431,0.035668,0.006559,0.8,0.0,0.0,L,0,0,-0.0,0.0,-0.0,0.0
2026-05-26T12:50:59.912,129.693,2945,STOP,0.006531,0.029841,0.005828,0.8,0.0,0.0,L,0,0,-0.0,0.0,-0.0,0.0
2026-05-26T12:50:59.959,129.741,2946,STOP,0.006134,0.0251,0.004741,0.8,0.0,0.0,L,0,0,-0.0,0.0,-0.0,0.0
2026-05-26T12:50:59.985,129.766,2947,STOP,0.004594,0.020998,0.004101,0.8,0.0,0.0,L,0,0,-0.0,0.0,-0.0,0.0
2026-05-26T12:51:00.029,129.811,2948,STOP,0.002502,0.017299,0.003699,0.8,0.0,0.0,L,0,0,-0.0,0.0,-0.0,0.0
2026-05-26T12:51:00.060,129.841,2949,STOP,0.004927,0.014825,0.002474,0.8,0.0,0.0,L,0,0,-0.0,0.0,-0.0,0.0
2026-05-26T12:51:00.104,129.885,2950,STOP,0.005457,0.012951,0.001874,0.8,0.0,0.0,L,0,0,-0.0,0.0,-0.0,0.0
2026-05-26T12:51:00.118,129.899,2951,STOP,0.018262,0.014014,-0.001062,0.8,0.0,0.0,L,0,0,-0.0,0.0,-0.0,0.0
2026-05-26T12:51:00.161,129.943,2952,STOP,0.031053,0.017422,-0.003408,0.8,0.0,0.0,L,0,0,-0.0,0.0,-0.0,0.0
2026-05-26T12:51:00.192,129.973,2953,STOP,0.048086,0.023555,-0.006133,0.8,0.0,0.0,L,0,0,-0.0,0.0,-0.0,0.0
2026-05-26T12:51:00.244,130.025,2954,STOP,0.070212,0.032886,-0.009331,0.8,0.0,0.0,L,0,0,-0.0,0.0,-0.0,0.0
2026-05-26T12:51:00.276,130.057,2955,STOP,0.085261,0.043361,-0.010475,0.8,0.0,0.0,L,0,0,-0.0,0.0,-0.0,0.0
2026-05-26T12:51:00.330,130.111,2956,STOP,0.099995,0.054688,-0.011327,0.8,0.0,0.0,M,0,0,-0.0,0.0,-0.0,0.0
2026-05-26T12:51:00.395,130.177,2957,STOP,0.104598,0.06467,-0.009982,0.8,0.0,0.0,M,0,0,-0.0,0.0,-0.0,0.0
2026-05-26T12:51:00.426,130.207,2958,STOP,0.116036,0.074943,-0.010273,0.8,0.0,0.0,M,0,0,-0.0,0.0,-0.0,0.0
2026-05-26T12:51:00.477,130.258,2959,STOP,0.114678,0.08289,-0.007947,0.8,0.0,0.0,M,0,0,-0.0,0.0,-0.0,0.0
2026-05-26T12:51:00.512,130.293,2960,STOP,0.116939,0.0897,-0.00681,0.8,0.0,0.0,M,0,0,-0.0,0.0,-0.0,0.0
2026-05-26T12:51:00.545,130.327,2961,STOP,0.112358,0.094231,-0.004532,0.8,0.0,0.0,M,0,0,-0.0,0.0,-0.0,0.0
2026-05-26T12:51:00.595,130.377,2962,STOP,0.120153,0.099416,-0.005184,0.8,0.0,0.0,M,0,0,-0.0,0.0,-0.0,0.0
2026-05-26T12:51:00.641,130.422,2963,STOP,0.110332,0.101599,-0.002183,0.8,0.0,0.0,M,0,0,-0.0,0.0,-0.0,0.0
2026-05-26T12:51:00.700,130.481,2964,STOP,0.115659,0.104411,-0.002812,0.8,0.0,0.0,M,0,0,-0.0,0.0,-0.0,0.0
2026-05-26T12:51:00.751,130.533,2965,STOP,0.113252,0.106179,-0.001768,0.8,0.0,0.0,M,0,0,-0.0,0.0,-0.0,0.0
2026-05-26T12:51:00.802,130.583,2966,STOP,0.112542,0.107452,-0.001273,0.8,0.0,0.0,M,0,0,-0.0,0.0,-0.0,0.0
2026-05-26T12:51:00.840,130.621,2967,STOP,0.112302,0.108422,-0.00097,0.8,0.0,0.0,M,0,0,-0.0,0.0,-0.0,0.0
2026-05-26T12:51:00.896,130.677,2968,STOP,0.118857,0.110509,-0.002087,0.8,0.0,0.0,M,0,0,-0.0,0.0,-0.0,0.0
2026-05-26T12:51:00.944,130.725,2969,STOP,0.111249,0.110657,-0.000148,0.8,0.0,0.0,M,0,0,-0.0,0.0,-0.0,0.0
2026-05-26T12:51:00.963,130.744,2970,STOP,0.110909,0.110707,-5e-05,0.8,0.0,0.0,M,0,0,-0.0,0.0,-0.0,0.0
2026-05-26T12:51:00.999,130.78,2971,STOP,0.107318,0.11003,0.000678,0.8,0.0,0.0,M,0,0,-0.0,0.0,-0.0,0.0
2026-05-26T12:51:01.055,130.836,2972,STOP,0.107529,0.10953,0.0005,0.8,0.0,0.0,M,0,0,-0.0,0.0,-0.0,0.0
2026-05-26T12:51:01.093,130.874,2973,STOP,0.098782,0.10738,0.002149,0.8,0.0,0.0,M,0,0,-0.0,0.0,-0.0,0.0
2026-05-26T12:51:01.139,130.92,2974,STOP,0.093919,0.104688,0.002692,0.8,0.0,0.0,M,0,0,-0.0,0.0,-0.0,0.0
2026-05-26T12:51:01.197,130.979,2975,STOP,0.072652,0.098281,0.006407,0.8,0.0,0.0,M,0,0,-0.0,0.0,-0.0,0.0
2026-05-26T12:51:01.256,131.037,2976,STOP,0.024696,0.083564,0.014717,0.8,0.0,0.0,M,0,0,-0.0,0.0,-0.0,0.0
2026-05-26T12:51:01.301,131.082,2977,STOP,0.091184,0.085088,-0.001524,0.8,0.0,0.0,M,0,0,-0.0,0.0,-0.0,0.0
2026-05-26T12:51:01.375,131.157,2978,STOP,0.110977,0.090266,-0.005178,0.8,0.0,0.0,M,0,0,-0.0,0.0,-0.0,0.0
2026-05-26T12:51:01.434,131.215,2979,STOP,0.126666,0.097546,-0.00728,0.8,0.0,0.0,M,0,0,-0.0,0.0,-0.0,0.0
2026-05-26T12:51:01.484,131.265,2980,STOP,0.121366,0.10231,-0.004764,0.8,0.0,0.0,M,0,0,-0.0,0.0,-0.0,0.0
2026-05-26T12:51:01.530,131.311,2981,STOP,0.130884,0.108025,-0.005715,0.8,0.0,0.0,M,0,0,-0.0,0.0,-0.0,0.0
2026-05-26T12:51:01.559,131.34,2982,STOP,0.121233,0.110666,-0.002642,0.8,0.0,0.0,M,0,0,-0.0,0.0,-0.0,0.0
2026-05-26T12:51:01.589,131.371,2983,STOP,0.120356,0.112604,-0.001938,0.8,0.0,0.0,M,0,0,-0.0,0.0,-0.0,0.0
2026-05-26T12:51:01.627,131.409,2984,STOP,0.113482,0.11278,-0.000176,0.8,0.0,0.0,M,0,0,-0.0,0.0,-0.0,0.0
2026-05-26T12:51:01.663,131.444,2985,STOP,0.112404,0.112705,7.5e-05,0.8,0.0,0.0,M,0,0,-0.0,0.0,-0.0,0.0
2026-05-26T12:51:01.702,131.483,2986,STOP,0.10516,0.111196,0.001509,0.8,0.0,0.0,M,0,0,-0.0,0.0,-0.0,0.0
2026-05-26T12:51:01.757,131.538,2987,STOP,0.106706,0.110298,0.000898,0.8,0.0,0.0,M,0,0,-0.0,0.0,-0.0,0.0
2026-05-26T12:51:01.792,131.573,2988,STOP,0.117247,0.111688,-0.00139,0.8,0.0,0.0,M,0,0,-0.0,0.0,-0.0,0.0
2026-05-26T12:51:01.819,131.6,2989,STOP,0.120374,0.113425,-0.001737,0.8,0.0,0.0,M,0,0,-0.0,0.0,-0.0,0.0
2026-05-26T12:51:01.855,131.636,2990,STOP,0.123873,0.115514,-0.00209,0.8,0.0,0.0,M,0,0,-0.0,0.0,-0.0,0.0
2026-05-26T12:51:01.883,131.664,2991,STOP,0.124611,0.117334,-0.001819,0.8,0.0,0.0,M,0,0,-0.0,0.0,-0.0,0.0
2026-05-26T12:51:01.917,131.698,2992,STOP,0.124917,0.11885,-0.001517,0.8,0.0,0.0,M,0,0,-0.0,0.0,-0.0,0.0
2026-05-26T12:51:01.952,131.733,2993,STOP,0.113908,0.117862,0.000988,0.8,0.0,0.0,M,0,0,-0.0,0.0,-0.0,0.0
2026-05-26T12:51:01.983,131.765,2994,STOP,0.113794,0.117048,0.000813,0.8,0.0,0.0,M,0,0,-0.0,0.0,-0.0,0.0
2026-05-26T12:51:02.015,131.797,2995,STOP,0.113194,0.116278,0.000771,0.8,0.0,0.0,M,0,0,-0.0,0.0,-0.0,0.0
2026-05-26T12:51:02.057,131.838,2996,STOP,0.115134,0.116049,0.000229,0.8,0.0,0.0,M,0,0,-0.0,0.0,-0.0,0.0
2026-05-26T12:51:02.095,131.876,2997,STOP,0.115528,0.115945,0.000104,0.8,0.0,0.0,M,0,0,-0.0,0.0,-0.0,0.0
2026-05-26T12:51:02.143,131.924,2998,STOP,0.110926,0.114941,0.001004,0.8,0.0,0.0,M,0,0,-0.0,0.0,-0.0,0.0
2026-05-26T12:51:02.168,131.95,2999,STOP,0.11272,0.114497,0.000444,0.8,0.0,0.0,M,0,0,-0.0,0.0,-0.0,0.0
2026-05-26T12:51:02.185,131.966,3000,STOP,0.112111,0.114019,0.000477,0.8,0.0,0.0,M,0,0,-0.0,0.0,-0.0,0.0
2026-05-26T12:51:02.223,132.004,3001,STOP,0.103176,0.111851,0.002169,0.8,0.0,0.0,M,0,0,-0.0,0.0,-0.0,0.0
2026-05-26T12:51:02.259,132.041,3002,STOP,0.102891,0.110059,0.001792,0.8,0.0,0.0,M,0,0,-0.0,0.0,-0.0,0.0
2026-05-26T12:51:02.299,132.08,3003,STOP,0.101963,0.10844,0.001619,0.8,0.0,0.0,M,0,0,-0.0,0.0,-0.0,0.0
2026-05-26T12:51:02.326,132.107,3004,STOP,0.095949,0.105942,0.002498,0.8,0.0,0.0,M,0,0,-0.0,0.0,-0.0,0.0
2026-05-26T12:51:02.350,132.131,3005,STOP,0.088271,0.102408,0.003534,0.8,0.0,0.0,M,0,0,-0.0,0.0,-0.0,0.0
2026-05-26T12:51:02.385,132.166,3006,STOP,0.073879,0.096702,0.005706,0.8,0.0,0.0,M,0,0,-0.0,0.0,-0.0,0.0
2026-05-26T12:51:02.425,132.206,3007,STOP,0.048381,0.087038,0.009664,0.8,0.0,0.0,M,0,0,-0.0,0.0,-0.0,0.0
2026-05-26T12:51:02.463,132.244,3008,STOP,0.015423,0.072715,0.014323,0.8,0.0,0.0,M,0,0,-0.0,0.0,-0.0,0.0
2026-05-26T12:51:02.512,132.293,3009,STOP,0.036193,0.06541,0.007304,0.8,0.0,0.0,M,0,0,-0.0,0.0,-0.0,0.0
2026-05-26T12:51:02.547,132.329,3010,STOP,0.052825,0.062893,0.002517,0.8,0.0,0.0,M,0,0,-0.0,0.0,-0.0,0.0
2026-05-26T12:51:02.601,132.382,3011,STOP,0.077002,0.065715,-0.002822,0.8,0.0,0.0,M,0,0,-0.0,0.0,-0.0,0.0
2026-05-26T12:51:02.659,132.441,3012,STOP,0.094654,0.071503,-0.005788,0.8,0.0,0.0,M,0,0,-0.0,0.0,-0.0,0.0
2026-05-26T12:51:02.703,132.485,3013,STOP,0.098888,0.07698,-0.005477,0.8,0.0,0.0,M,0,0,-0.0,0.0,-0.0,0.0
2026-05-26T12:51:02.751,132.532,3014,STOP,0.102207,0.082025,-0.005045,0.8,0.0,0.0,M,0,0,-0.0,0.0,-0.0,0.0
2026-05-26T12:51:02.787,132.569,3015,STOP,0.104441,0.086508,-0.004483,0.8,0.0,0.0,M,0,0,-0.0,0.0,-0.0,0.0
2026-05-26T12:51:02.815,132.596,3016,STOP,0.096132,0.088433,-0.001925,0.8,0.0,0.0,M,0,0,-0.0,0.0,-0.0,0.0
2026-05-26T12:51:02.852,132.633,3017,STOP,0.092479,0.089242,-0.000809,0.8,0.0,0.0,M,0,0,-0.0,0.0,-0.0,0.0
2026-05-26T12:51:02.915,132.696,3018,STOP,0.100817,0.091557,-0.002315,0.8,0.0,0.0,M,0,0,-0.0,0.0,-0.0,0.0
2026-05-26T12:51:02.971,132.752,3019,STOP,0.090113,0.091268,0.000289,0.8,0.0,0.0,M,0,0,-0.0,0.0,-0.0,0.0
2026-05-26T12:51:03.015,132.796,3020,STOP,0.078476,0.08871,0.002558,0.8,0.0,0.0,M,0,0,-0.0,0.0,-0.0,0.0
2026-05-26T12:51:03.051,132.832,3021,STOP,0.075371,0.086042,0.002668,0.8,0.0,0.0,M,0,0,-0.0,0.0,-0.0,0.0
2026-05-26T12:51:03.085,132.866,3022,STOP,0.079019,0.084638,0.001405,0.8,0.0,0.0,M,0,0,-0.0,0.0,-0.0,0.0
2026-05-26T12:51:03.119,132.9,3023,STOP,0.092676,0.086245,-0.001608,0.8,0.0,0.0,M,0,0,-0.0,0.0,-0.0,0.0
2026-05-26T12:51:03.169,132.95,3024,STOP,0.091939,0.087384,-0.001139,0.8,0.0,0.0,M,0,0,-0.0,0.0,-0.0,0.0
2026-05-26T12:51:03.218,132.999,3025,STOP,0.093269,0.088561,-0.001177,0.8,0.0,0.0,M,0,0,-0.0,0.0,-0.0,0.0
2026-05-26T12:51:03.255,133.037,3026,STOP,0.092999,0.089449,-0.000888,0.8,0.0,0.0,M,0,0,-0.0,0.0,-0.0,0.0
2026-05-26T12:51:03.297,133.079,3027,STOP,0.090719,0.089703,-0.000254,0.8,0.0,0.0,M,0,0,-0.0,0.0,-0.0,0.0
2026-05-26T12:51:03.326,133.107,3028,STOP,0.089285,0.089619,8.4e-05,0.8,0.0,0.0,M,0,0,-0.0,0.0,-0.0,0.0
2026-05-26T12:51:03.373,133.154,3029,STOP,0.088442,0.089384,0.000235,0.8,0.0,0.0,M,0,0,-0.0,0.0,-0.0,0.0
2026-05-26T12:51:03.398,133.179,3030,STOP,0.089017,0.08931,7.3e-05,0.8,0.0,0.0,M,0,0,-0.0,0.0,-0.0,0.0
2026-05-26T12:51:03.441,133.223,3031,STOP,0.084097,0.088268,0.001043,0.8,0.0,0.0,M,0,0,-0.0,0.0,-0.0,0.0
2026-05-26T12:51:03.476,133.257,3032,STOP,0.08559,0.087732,0.000535,0.8,0.0,0.0,M,0,0,-0.0,0.0,-0.0,0.0
2026-05-26T12:51:03.524,133.305,3033,STOP,0.084356,0.087057,0.000675,0.8,0.0,0.0,M,0,0,-0.0,0.0,-0.0,0.0
2026-05-26T12:51:03.554,133.335,3034,STOP,0.082322,0.08611,0.000947,0.8,0.0,0.0,M,0,0,-0.0,0.0,-0.0,0.0
2026-05-26T12:51:03.593,133.374,3035,STOP,0.089272,0.086742,-0.000632,0.8,0.0,0.0,M,0,0,-0.0,0.0,-0.0,0.0
2026-05-26T12:51:03.641,133.422,3036,STOP,0.089082,0.08721,-0.000468,0.8,0.0,0.0,M,0,0,-0.0,0.0,-0.0,0.0
2026-05-26T12:51:03.704,133.485,3037,STOP,0.088876,0.087543,-0.000333,0.8,0.0,0.0,M,0,0,-0.0,0.0,-0.0,0.0
2026-05-26T12:51:03.748,133.529,3038,STOP,0.084517,0.086938,0.000605,0.8,0.0,0.0,M,0,0,-0.0,0.0,-0.0,0.0
2026-05-26T12:51:03.787,133.568,3039,STOP,0.07378,0.084306,0.002632,0.8,0.0,0.0,M,0,0,-0.0,0.0,-0.0,0.0
2026-05-26T12:51:03.830,133.611,3040,STOP,0.046787,0.076802,0.007504,0.8,0.0,0.0,M,0,0,-0.0,0.0,-0.0,0.0
2026-05-26T12:51:03.879,133.66,3041,STOP,0.016517,0.064745,0.012057,0.8,0.0,0.0,M,0,0,-0.0,0.0,-0.0,0.0
2026-05-26T12:51:03.922,133.703,3042,STOP,0.04557,0.06091,0.003835,0.8,0.0,0.0,M,0,0,-0.0,0.0,-0.0,0.0
2026-05-26T12:51:03.979,133.76,3043,STOP,0.057921,0.060313,0.000598,0.8,0.0,0.0,M,0,0,-0.0,0.0,-0.0,0.0
2026-05-26T12:51:04.013,133.794,3044,STOP,0.064502,0.06115,-0.000838,0.8,0.0,0.0,M,0,0,-0.0,0.0,-0.0,0.0
2026-05-26T12:51:04.063,133.845,3045,STOP,0.078248,0.06457,-0.003419,0.8,0.0,0.0,M,0,0,-0.0,0.0,-0.0,0.0
2026-05-26T12:51:04.091,133.872,3046,STOP,0.082239,0.068104,-0.003534,0.8,0.0,0.0,M,0,0,-0.0,0.0,-0.0,0.0
2026-05-26T12:51:04.127,133.908,3047,STOP,0.083287,0.07114,-0.003037,0.8,0.0,0.0,M,0,0,-0.0,0.0,-0.0,0.0
2026-05-26T12:51:04.166,133.947,3048,STOP,0.083855,0.073683,-0.002543,0.8,0.0,0.0,M,0,0,-0.0,0.0,-0.0,0.0
2026-05-26T12:51:04.228,134.01,3049,STOP,0.084374,0.075821,-0.002138,0.8,0.0,0.0,M,0,0,-0.0,0.0,-0.0,0.0
2026-05-26T12:51:04.263,134.044,3050,STOP,0.087831,0.078223,-0.002402,0.8,0.0,0.0,M,0,0,-0.0,0.0,-0.0,0.0
2026-05-26T12:51:04.302,134.083,3051,STOP,0.089817,0.080542,-0.002319,0.8,0.0,0.0,M,0,0,-0.0,0.0,-0.0,0.0
2026-05-26T12:51:04.335,134.116,3052,STOP,0.09115,0.082664,-0.002122,0.8,0.0,0.0,M,0,0,-0.0,0.0,-0.0,0.0
2026-05-26T12:51:04.376,134.157,3053,STOP,0.092056,0.084542,-0.001878,0.8,0.0,0.0,M,0,0,-0.0,0.0,-0.0,0.0
2026-05-26T12:51:04.407,134.188,3054,STOP,0.091954,0.086024,-0.001482,0.8,0.0,0.0,M,0,0,-0.0,0.0,-0.0,0.0
2026-05-26T12:51:04.465,134.246,3055,STOP,0.101051,0.08903,-0.003005,0.8,0.0,0.0,M,0,0,-0.0,0.0,-0.0,0.0
2026-05-26T12:51:04.513,134.294,3056,STOP,0.104315,0.092087,-0.003057,0.8,0.0,0.0,M,0,0,-0.0,0.0,-0.0,0.0
2026-05-26T12:51:04.557,134.338,3057,STOP,0.113101,0.09629,-0.004203,0.8,0.0,0.0,M,0,0,-0.0,0.0,-0.0,0.0
2026-05-26T12:51:04.654,134.435,3058,STOP,0.120952,0.101222,-0.004932,0.8,0.0,0.0,M,0,0,-0.0,0.0,-0.0,0.0
2026-05-26T12:51:04.695,134.476,3059,STOP,0.131532,0.107284,-0.006062,0.8,0.0,0.0,M,0,0,-0.0,0.0,-0.0,0.0
2026-05-26T12:51:04.737,134.519,3060,STOP,0.126854,0.111198,-0.003914,0.8,0.0,0.0,M,0,0,-0.0,0.0,-0.0,0.0
2026-05-26T12:51:04.758,134.539,3061,STOP,0.127161,0.114391,-0.003193,0.8,0.0,0.0,M,0,0,-0.0,0.0,-0.0,0.0
2026-05-26T12:51:04.804,134.585,3062,STOP,0.12321,0.116155,-0.001764,0.8,0.0,0.0,M,0,0,-0.0,0.0,-0.0,0.0
2026-05-26T12:51:04.900,134.681,3063,STOP,0.127351,0.118394,-0.002239,0.8,0.0,0.0,M,0,0,-0.0,0.0,-0.0,0.0
2026-05-26T12:51:04.949,134.73,3064,STOP,0.127865,0.120288,-0.001894,0.8,0.0,0.0,M,0,0,-0.0,0.0,-0.0,0.0
2026-05-26T12:51:05.049,134.831,3065,STOP,0.136379,0.123506,-0.003218,0.8,0.0,0.0,M,0,0,-0.0,0.0,-0.0,0.0
2026-05-26T12:51:05.103,134.884,3066,STOP,0.142369,0.127279,-0.003772,0.8,0.0,0.0,M,0,0,-0.0,0.0,-0.0,0.0
2026-05-26T12:51:05.141,134.922,3067,STOP,0.141768,0.130177,-0.002898,0.8,0.0,0.0,M,0,0,-0.0,0.0,-0.0,0.0
2026-05-26T12:51:05.177,134.958,3068,STOP,0.129905,0.130122,5.4e-05,0.8,0.0,0.0,M,0,0,-0.0,0.0,-0.0,0.0
2026-05-26T12:51:05.215,134.996,3069,STOP,0.126906,0.129479,0.000643,0.8,0.0,0.0,M,0,0,-0.0,0.0,-0.0,0.0
2026-05-26T12:51:05.248,135.029,3070,STOP,0.119106,0.127404,0.002075,0.8,0.0,0.0,M,0,0,-0.0,0.0,-0.0,0.0
2026-05-26T12:51:05.290,135.071,3071,STOP,0.110315,0.123986,0.003418,0.8,0.0,0.0,M,0,0,-0.0,0.0,-0.0,0.0
2026-05-26T12:51:05.329,135.11,3072,STOP,0.108628,0.120915,0.003072,0.8,0.0,0.0,M,0,0,-0.0,0.0,-0.0,0.0
2026-05-26T12:51:05.359,135.14,3073,STOP,0.106819,0.118096,0.002819,0.8,0.0,0.0,M,0,0,-0.0,0.0,-0.0,0.0
2026-05-26T12:51:05.410,135.191,3074,STOP,0.096041,0.113685,0.004411,0.8,0.0,0.0,M,0,0,-0.0,0.0,-0.0,0.0
2026-05-26T12:51:05.455,135.236,3075,STOP,0.094818,0.109912,0.003773,0.8,0.0,0.0,M,0,0,-0.0,0.0,-0.0,0.0
2026-05-26T12:51:05.513,135.294,3076,STOP,0.086988,0.105327,0.004585,0.8,0.0,0.0,M,0,0,-0.0,0.0,-0.0,0.0
2026-05-26T12:51:05.557,135.338,3077,STOP,0.072816,0.098825,0.006502,0.8,0.0,0.0,M,0,0,-0.0,0.0,-0.0,0.0
2026-05-26T12:51:05.592,135.373,3078,STOP,0.058929,0.090846,0.007979,0.8,0.0,0.0,M,0,0,-0.0,0.0,-0.0,0.0
2026-05-26T12:51:05.655,135.436,3079,STOP,0.043363,0.081349,0.009496,0.8,0.0,0.0,M,0,0,-0.0,0.0,-0.0,0.0
2026-05-26T12:51:05.683,135.464,3080,STOP,0.016765,0.068432,0.012917,0.8,0.0,0.0,M,0,0,-0.0,0.0,-0.0,0.0
2026-05-26T12:51:05.734,135.515,3081,STOP,0.014925,0.057731,0.010701,0.8,0.0,0.0,M,0,0,-0.0,0.0,-0.0,0.0
2026-05-26T12:51:05.785,135.566,3082,STOP,0.01491,0.049167,0.008564,0.8,0.0,0.0,L,0,0,-0.0,0.0,-0.0,0.0
2026-05-26T12:51:05.821,135.603,3083,STOP,0.014782,0.04229,0.006877,0.8,0.0,0.0,L,0,0,-0.0,0.0,-0.0,0.0
2026-05-26T12:51:05.866,135.647,3084,STOP,0.013856,0.036603,0.005687,0.8,0.0,0.0,L,0,0,-0.0,0.0,-0.0,0.0
2026-05-26T12:51:05.913,135.694,3085,STOP,0.018727,0.033028,0.003575,0.8,0.0,0.0,L,0,0,-0.0,0.0,-0.0,0.0
2026-05-26T12:51:05.957,135.739,3086,STOP,0.015534,0.029529,0.003499,0.8,0.0,0.0,L,0,0,-0.0,0.0,-0.0,0.0
2026-05-26T12:51:06.005,135.786,3087,STOP,0.014614,0.026546,0.002983,0.8,0.0,0.0,L,0,0,-0.0,0.0,-0.0,0.0
2026-05-26T12:51:06.045,135.826,3088,STOP,0.014862,0.024209,0.002337,0.8,0.0,0.0,L,0,0,-0.0,0.0,-0.0,0.0
2026-05-26T12:51:06.079,135.86,3089,STOP,0.00433,0.020233,0.003976,0.8,0.0,0.0,L,0,0,-0.0,0.0,-0.0,0.0
2026-05-26T12:51:06.129,135.91,3090,STOP,0.004993,0.017185,0.003048,0.8,0.0,0.0,L,0,0,-0.0,0.0,-0.0,0.0
2026-05-26T12:51:06.163,135.944,3091,STOP,0.004436,0.014635,0.00255,0.8,0.0,0.0,L,0,0,-0.0,0.0,-0.0,0.0
2026-05-26T12:51:06.190,135.972,3092,STOP,0.002173,0.012143,0.002493,0.8,0.0,0.0,L,0,0,-0.0,0.0,-0.0,0.0
2026-05-26T12:51:06.238,136.019,3093,STOP,0.002263,0.010167,0.001976,0.8,0.0,0.0,L,0,0,-0.0,0.0,-0.0,0.0
2026-05-26T12:51:06.292,136.073,3094,STOP,0.001894,0.008512,0.001655,0.8,0.0,0.0,L,0,0,-0.0,0.0,-0.0,0.0
2026-05-26T12:51:06.328,136.109,3095,STOP,0.001721,0.007154,0.001358,0.8,0.0,0.0,L,0,0,-0.0,0.0,-0.0,0.0
2026-05-26T12:51:06.387,136.168,3096,STOP,0.001531,0.006029,0.001125,0.8,0.0,0.0,L,0,0,-0.0,0.0,-0.0,0.0
2026-05-26T12:51:06.424,136.206,3097,STOP,0.002579,0.005339,0.00069,0.8,0.0,0.0,L,0,0,-0.0,0.0,-0.0,0.0
2026-05-26T12:51:06.467,136.248,3098,STOP,0.002715,0.004814,0.000525,0.8,0.0,0.0,L,0,0,-0.0,0.0,-0.0,0.0
2026-05-26T12:51:06.510,136.291,3099,STOP,0.002262,0.004304,0.00051,0.8,0.0,0.0,L,0,0,-0.0,0.0,-0.0,0.0
2026-05-26T12:51:06.574,136.355,3100,STOP,0.002835,0.00401,0.000294,0.8,0.0,0.0,L,0,0,-0.0,0.0,-0.0,0.0
2026-05-26T12:51:06.611,136.392,3101,STOP,0.00248,0.003704,0.000306,0.8,0.0,0.0,L,0,0,-0.0,0.0,-0.0,0.0
2026-05-26T12:51:06.657,136.438,3102,STOP,0.003254,0.003614,9e-05,0.8,0.0,0.0,L,0,0,-0.0,0.0,-0.0,0.0
2026-05-26T12:51:06.719,136.501,3103,STOP,0.005618,0.004015,-0.000401,0.8,0.0,0.0,L,0,0,-0.0,0.0,-0.0,0.0
2026-05-26T12:51:06.765,136.546,3104,STOP,0.007108,0.004634,-0.000619,0.8,0.0,0.0,L,0,0,-0.0,0.0,-0.0,0.0
2026-05-26T12:51:06.801,136.582,3105,STOP,0.00654,0.005015,-0.000381,0.8,0.0,0.0,L,0,0,-0.0,0.0,-0.0,0.0
2026-05-26T12:51:06.840,136.621,3106,STOP,0.006066,0.005225,-0.00021,0.8,0.0,0.0,L,0,0,-0.0,0.0,-0.0,0.0
2026-05-26T12:51:06.865,136.646,3107,STOP,0.005506,0.005281,-5.6e-05,0.8,0.0,0.0,L,0,0,-0.0,0.0,-0.0,0.0
2026-05-26T12:51:06.906,136.687,3108,STOP,0.002522,0.004729,0.000552,0.8,0.0,0.0,L,0,0,-0.0,0.0,-0.0,0.0
2026-05-26T12:51:06.943,136.725,3109,STOP,0.002685,0.00432,0.000409,0.8,0.0,0.0,L,0,0,-0.0,0.0,-0.0,0.0
2026-05-26T12:51:06.995,136.776,3110,STOP,0.002862,0.004029,0.000292,0.8,0.0,0.0,L,0,0,-0.0,0.0,-0.0,0.0
2026-05-26T12:51:07.031,136.812,3111,STOP,0.00288,0.003799,0.00023,0.8,0.0,0.0,L,0,0,-0.0,0.0,-0.0,0.0
2026-05-26T12:51:07.069,136.85,3112,STOP,0.002602,0.00356,0.000239,0.8,0.0,0.0,L,0,0,-0.0,0.0,-0.0,0.0
2026-05-26T12:51:07.085,136.866,3113,STOP,0.002599,0.003367,0.000192,0.8,0.0,0.0,L,0,0,-0.0,0.0,-0.0,0.0
2026-05-26T12:51:07.125,136.907,3114,STOP,0.002857,0.003265,0.000102,0.8,0.0,0.0,L,0,0,-0.0,0.0,-0.0,0.0
2026-05-26T12:51:07.156,136.938,3115,STOP,0.00264,0.00314,0.000125,0.8,0.0,0.0,L,0,0,-0.0,0.0,-0.0,0.0
2026-05-26T12:51:07.194,136.975,3116,STOP,0.002838,0.00308,6e-05,0.8,0.0,0.0,L,0,0,-0.0,0.0,-0.0,0.0
2026-05-26T12:51:07.269,137.05,3117,STOP,0.002835,0.003031,4.9e-05,0.8,0.0,0.0,L,0,0,-0.0,0.0,-0.0,0.0
2026-05-26T12:51:07.311,137.092,3118,STOP,0.003029,0.003031,0.0,0.8,0.0,0.0,L,0,0,-0.0,0.0,-0.0,0.0
2026-05-26T12:51:07.365,137.146,3119,STOP,0.003548,0.003134,-0.000103,0.8,0.0,0.0,L,0,0,-0.0,0.0,-0.0,0.0
2026-05-26T12:51:07.379,137.16,3120,STOP,0.003544,0.003216,-8.2e-05,0.8,0.0,0.0,L,0,0,-0.0,0.0,-0.0,0.0
2026-05-26T12:51:07.426,137.207,3121,STOP,0.003879,0.003349,-0.000133,0.8,0.0,0.0,L,0,0,-0.0,0.0,-0.0,0.0
2026-05-26T12:51:07.479,137.26,3122,STOP,0.002911,0.003261,8.8e-05,0.8,0.0,0.0,L,0,0,-0.0,0.0,-0.0,0.0
2026-05-26T12:51:07.521,137.302,3123,STOP,0.004191,0.003447,-0.000186,0.8,0.0,0.0,L,0,0,-0.0,0.0,-0.0,0.0
2026-05-26T12:51:07.549,137.33,3124,STOP,0.004079,0.003573,-0.000126,0.8,0.0,0.0,L,0,0,-0.0,0.0,-0.0,0.0
2026-05-26T12:51:07.616,137.397,3125,STOP,0.005099,0.003878,-0.000305,0.8,0.0,0.0,L,0,0,-0.0,0.0,-0.0,0.0
2026-05-26T12:51:07.653,137.434,3126,STOP,0.005752,0.004253,-0.000375,0.8,0.0,0.0,L,0,0,-0.0,0.0,-0.0,0.0
2026-05-26T12:51:07.711,137.492,3127,STOP,0.006826,0.004768,-0.000515,0.8,0.0,0.0,L,0,0,-0.0,0.0,-0.0,0.0
2026-05-26T12:51:07.741,137.522,3128,STOP,0.005259,0.004866,-9.8e-05,0.8,0.0,0.0,L,0,0,-0.0,0.0,-0.0,0.0
2026-05-26T12:51:07.804,137.585,3129,STOP,0.004368,0.004766,0.0001,0.8,0.0,0.0,L,0,0,-0.0,0.0,-0.0,0.0
2026-05-26T12:51:07.845,137.626,3130,STOP,0.003451,0.004503,0.000263,0.8,0.0,0.0,L,0,0,-0.0,0.0,-0.0,0.0
2026-05-26T12:51:07.879,137.66,3131,STOP,0.003255,0.004254,0.00025,0.8,0.0,0.0,L,0,0,-0.0,0.0,-0.0,0.0
2026-05-26T12:51:07.917,137.698,3132,STOP,0.002492,0.003901,0.000352,0.8,0.0,0.0,L,0,0,-0.0,0.0,-0.0,0.0
2026-05-26T12:51:07.966,137.747,3133,STOP,0.002543,0.00363,0.000272,0.8,0.0,0.0,L,0,0,-0.0,0.0,-0.0,0.0
2026-05-26T12:51:08.021,137.802,3134,STOP,0.002535,0.003411,0.000219,0.8,0.0,0.0,L,0,0,-0.0,0.0,-0.0,0.0
2026-05-26T12:51:08.061,137.842,3135,STOP,0.002843,0.003297,0.000114,0.8,0.0,0.0,L,0,0,-0.0,0.0,-0.0,0.0
2026-05-26T12:51:08.129,137.91,3136,STOP,0.002742,0.003186,0.000111,0.8,0.0,0.0,L,0,0,-0.0,0.0,-0.0,0.0
2026-05-26T12:51:08.180,137.962,3137,STOP,0.002893,0.003127,5.9e-05,0.8,0.0,0.0,L,0,0,-0.0,0.0,-0.0,0.0
2026-05-26T12:51:08.212,137.993,3138,STOP,0.003119,0.003126,2e-06,0.8,0.0,0.0,L,0,0,-0.0,0.0,-0.0,0.0
2026-05-26T12:51:08.249,138.03,3139,STOP,0.00277,0.003055,7.1e-05,0.8,0.0,0.0,L,0,0,-0.0,0.0,-0.0,0.0
2026-05-26T12:51:08.277,138.058,3140,STOP,0.002657,0.002975,8e-05,0.8,0.0,0.0,L,0,0,-0.0,0.0,-0.0,0.0
2026-05-26T12:51:08.313,138.094,3141,STOP,0.002886,0.002957,1.8e-05,0.8,0.0,0.0,L,0,0,-0.0,0.0,-0.0,0.0
2026-05-26T12:51:08.377,138.158,3142,STOP,0.002466,0.002859,9.8e-05,0.8,0.0,0.0,L,0,0,-0.0,0.0,-0.0,0.0
2026-05-26T12:51:08.419,138.2,3143,STOP,0.002589,0.002805,5.4e-05,0.8,0.0,0.0,L,0,0,-0.0,0.0,-0.0,0.0
2026-05-26T12:51:08.467,138.248,3144,STOP,0.002572,0.002758,4.7e-05,0.8,0.0,0.0,L,0,0,-0.0,0.0,-0.0,0.0
2026-05-26T12:51:08.520,138.302,3145,STOP,0.002639,0.002734,2.4e-05,0.8,0.0,0.0,L,0,0,-0.0,0.0,-0.0,0.0
2026-05-26T12:51:08.585,138.366,3146,STOP,0.002517,0.002691,4.3e-05,0.8,0.0,0.0,L,0,0,-0.0,0.0,-0.0,0.0
2026-05-26T12:51:08.625,138.406,3147,STOP,0.002487,0.00265,4.1e-05,0.8,0.0,0.0,L,0,0,-0.0,0.0,-0.0,0.0
2026-05-26T12:51:08.651,138.432,3148,STOP,0.002363,0.002593,5.7e-05,0.8,0.0,0.0,L,0,0,-0.0,0.0,-0.0,0.0
2026-05-26T12:51:08.710,138.491,3149,STOP,0.002376,0.002549,4.3e-05,0.8,0.0,0.0,L,0,0,-0.0,0.0,-0.0,0.0
2026-05-26T12:51:08.771,138.552,3150,STOP,0.002155,0.00247,7.9e-05,0.8,0.0,0.0,L,0,0,-0.0,0.0,-0.0,0.0
2026-05-26T12:51:08.808,138.59,3151,STOP,0.002388,0.002454,1.6e-05,0.8,0.0,0.0,L,0,0,-0.0,0.0,-0.0,0.0
2026-05-26T12:51:08.841,138.622,3152,STOP,0.001859,0.002335,0.000119,0.8,0.0,0.0,L,0,0,-0.0,0.0,-0.0,0.0
2026-05-26T12:51:08.881,138.662,3153,STOP,0.002076,0.002283,5.2e-05,0.8,0.0,0.0,L,0,0,-0.0,0.0,-0.0,0.0
2026-05-26T12:51:08.943,138.724,3154,STOP,0.002312,0.002289,-6e-06,0.8,0.0,0.0,L,0,0,-0.0,0.0,-0.0,0.0
2026-05-26T12:51:08.962,138.743,3155,STOP,0.002696,0.00237,-8.1e-05,0.8,0.0,0.0,L,0,0,-0.0,0.0,-0.0,0.0
2026-05-26T12:51:09.032,138.813,3156,STOP,0.003119,0.00252,-0.00015,0.8,0.0,0.0,L,0,0,-0.0,0.0,-0.0,0.0
2026-05-26T12:51:09.075,138.856,3157,STOP,0.003078,0.002632,-0.000112,0.8,0.0,0.0,L,0,0,-0.0,0.0,-0.0,0.0
2026-05-26T12:51:09.100,138.881,3158,STOP,0.003148,0.002735,-0.000103,0.8,0.0,0.0,L,0,0,-0.0,0.0,-0.0,0.0
2026-05-26T12:51:09.145,138.926,3159,STOP,0.003285,0.002845,-0.00011,0.8,0.0,0.0,L,0,0,-0.0,0.0,-0.0,0.0
2026-05-26T12:51:09.188,138.97,3160,STOP,0.003345,0.002945,-0.0001,0.8,0.0,0.0,L,0,0,-0.0,0.0,-0.0,0.0
2026-05-26T12:51:09.233,139.015,3161,STOP,0.003254,0.003007,-6.2e-05,0.8,0.0,0.0,L,0,0,-0.0,0.0,-0.0,0.0
2026-05-26T12:51:09.272,139.054,3162,STOP,0.003082,0.003022,-1.5e-05,0.8,0.0,0.0,L,0,0,-0.0,0.0,-0.0,0.0
2026-05-26T12:51:09.327,139.108,3163,STOP,0.004163,0.00325,-0.000228,0.8,0.0,0.0,L,0,0,-0.0,0.0,-0.0,0.0
2026-05-26T12:51:09.368,139.149,3164,STOP,0.00438,0.003476,-0.000226,0.8,0.0,0.0,L,0,0,-0.0,0.0,-0.0,0.0
2026-05-26T12:51:09.401,139.182,3165,STOP,0.00464,0.003709,-0.000233,0.8,0.0,0.0,L,0,0,-0.0,0.0,-0.0,0.0
2026-05-26T12:51:09.457,139.238,3166,STOP,0.003772,0.003721,-1.3e-05,0.8,0.0,0.0,L,0,0,-0.0,0.0,-0.0,0.0
2026-05-26T12:51:09.480,139.261,3167,STOP,0.003823,0.003742,-2e-05,0.8,0.0,0.0,L,0,0,-0.0,0.0,-0.0,0.0
2026-05-26T12:51:09.531,139.312,3168,STOP,0.003574,0.003708,3.3e-05,0.8,0.0,0.0,L,0,0,-0.0,0.0,-0.0,0.0
2026-05-26T12:51:09.565,139.346,3169,STOP,0.003328,0.003632,7.6e-05,0.8,0.0,0.0,L,0,0,-0.0,0.0,-0.0,0.0
2026-05-26T12:51:09.611,139.392,3170,STOP,0.003153,0.003536,9.6e-05,0.8,0.0,0.0,L,0,0,-0.0,0.0,-0.0,0.0
2026-05-26T12:51:09.642,139.423,3171,STOP,0.002991,0.003427,0.000109,0.8,0.0,0.0,L,0,0,-0.0,0.0,-0.0,0.0
2026-05-26T12:51:09.660,139.442,3172,STOP,0.002922,0.003326,0.000101,0.8,0.0,0.0,L,0,0,-0.0,0.0,-0.0,0.0
2026-05-26T12:51:09.711,139.492,3173,STOP,0.002423,0.003146,0.000181,0.8,0.0,0.0,L,0,0,-0.0,0.0,-0.0,0.0
2026-05-26T12:51:09.750,139.531,3174,STOP,0.001994,0.002915,0.00023,0.8,0.0,0.0,L,0,0,-0.0,0.0,-0.0,0.0
2026-05-26T12:51:09.785,139.566,3175,STOP,0.002376,0.002807,0.000108,0.8,0.0,0.0,L,0,0,-0.0,0.0,-0.0,0.0
2026-05-26T12:51:09.839,139.62,3176,STOP,0.002646,0.002775,3.2e-05,0.8,0.0,0.0,L,0,0,-0.0,0.0,-0.0,0.0
2026-05-26T12:51:09.859,139.64,3177,STOP,0.002685,0.002757,1.8e-05,0.8,0.0,0.0,L,0,0,-0.0,0.0,-0.0,0.0
2026-05-26T12:51:09.895,139.676,3178,STOP,0.002729,0.002751,6e-06,0.8,0.0,0.0,L,0,0,-0.0,0.0,-0.0,0.0
2026-05-26T12:51:09.937,139.718,3179,STOP,0.003096,0.00282,-6.9e-05,0.8,0.0,0.0,L,0,0,-0.0,0.0,-0.0,0.0
2026-05-26T12:51:09.983,139.764,3180,STOP,0.002838,0.002824,-3e-06,0.8,0.0,0.0,L,0,0,-0.0,0.0,-0.0,0.0
2026-05-26T12:51:10.013,139.794,3181,STOP,0.002702,0.0028,2.4e-05,0.8,0.0,0.0,L,0,0,-0.0,0.0,-0.0,0.0
2026-05-26T12:51:10.047,139.828,3182,STOP,0.002685,0.002777,2.3e-05,0.8,0.0,0.0,L,0,0,-0.0,0.0,-0.0,0.0
2026-05-26T12:51:10.089,139.87,3183,STOP,0.002576,0.002736,4e-05,0.8,0.0,0.0,L,0,0,-0.0,0.0,-0.0,0.0
2026-05-26T12:51:10.130,139.912,3184,STOP,0.002179,0.002625,0.000111,0.8,0.0,0.0,L,0,0,-0.0,0.0,-0.0,0.0
2026-05-26T12:51:10.163,139.944,3185,STOP,0.001869,0.002474,0.000151,0.8,0.0,0.0,L,0,0,-0.0,0.0,-0.0,0.0
2026-05-26T12:51:10.214,139.995,3186,STOP,0.002035,0.002386,8.8e-05,0.8,0.0,0.0,L,0,0,-0.0,0.0,-0.0,0.0
2026-05-26T12:51:10.242,140.024,3187,STOP,0.002161,0.002341,4.5e-05,0.8,0.0,0.0,L,0,0,-0.0,0.0,-0.0,0.0
2026-05-26T12:51:10.283,140.064,3188,STOP,0.002282,0.002329,1.2e-05,0.8,0.0,0.0,L,0,0,-0.0,0.0,-0.0,0.0
2026-05-26T12:51:10.327,140.108,3189,STOP,0.00245,0.002353,-2.4e-05,0.8,0.0,0.0,L,0,0,-0.0,0.0,-0.0,0.0
2026-05-26T12:51:10.376,140.157,3190,STOP,0.002806,0.002444,-9e-05,0.8,0.0,0.0,L,0,0,-0.0,0.0,-0.0,0.0
2026-05-26T12:51:10.405,140.186,3191,STOP,0.003002,0.002556,-0.000112,0.8,0.0,0.0,L,0,0,-0.0,0.0,-0.0,0.0
2026-05-26T12:51:10.426,140.207,3192,STOP,0.002988,0.002642,-8.7e-05,0.8,0.0,0.0,L,0,0,-0.0,0.0,-0.0,0.0
2026-05-26T12:51:10.473,140.254,3193,STOP,0.002773,0.002668,-2.6e-05,0.8,0.0,0.0,L,0,0,-0.0,0.0,-0.0,0.0
2026-05-26T12:51:10.540,140.322,3194,STOP,0.002756,0.002686,-1.8e-05,0.8,0.0,0.0,L,0,0,-0.0,0.0,-0.0,0.0
2026-05-26T12:51:10.592,140.374,3195,STOP,0.003065,0.002762,-7.6e-05,0.8,0.0,0.0,L,0,0,-0.0,0.0,-0.0,0.0
2026-05-26T12:51:10.646,140.427,3196,STOP,0.003519,0.002913,-0.000152,0.8,0.0,0.0,L,0,0,-0.0,0.0,-0.0,0.0
2026-05-26T12:51:10.685,140.466,3197,STOP,0.004016,0.003134,-0.000221,0.8,0.0,0.0,L,0,0,-0.0,0.0,-0.0,0.0
2026-05-26T12:51:10.737,140.518,3198,STOP,0.004133,0.003334,-0.0002,0.8,0.0,0.0,L,0,0,-0.0,0.0,-0.0,0.0
2026-05-26T12:51:10.767,140.548,3199,STOP,0.004073,0.003482,-0.000148,0.8,0.0,0.0,L,0,0,-0.0,0.0,-0.0,0.0
2026-05-26T12:51:10.787,140.569,3200,STOP,0.004026,0.003591,-0.000109,0.8,0.0,0.0,L,0,0,-0.0,0.0,-0.0,0.0
2026-05-26T12:51:10.823,140.604,3201,STOP,0.004045,0.003682,-9.1e-05,0.8,0.0,0.0,L,0,0,-0.0,0.0,-0.0,0.0
2026-05-26T12:51:10.887,140.668,3202,STOP,0.004575,0.00386,-0.000179,0.8,0.0,0.0,L,0,0,-0.0,0.0,-0.0,0.0
2026-05-26T12:51:10.919,140.7,3203,STOP,0.004776,0.004043,-0.000183,0.8,0.0,0.0,L,0,0,-0.0,0.0,-0.0,0.0
2026-05-26T12:51:10.979,140.76,3204,STOP,0.005227,0.00428,-0.000237,0.8,0.0,0.0,L,0,0,-0.0,0.0,-0.0,0.0
2026-05-26T12:51:11.029,140.81,3205,STOP,0.005115,0.004447,-0.000167,0.8,0.0,0.0,L,0,0,-0.0,0.0,-0.0,0.0
2026-05-26T12:51:11.074,140.856,3206,STOP,0.005217,0.004601,-0.000154,0.8,0.0,0.0,L,0,0,-0.0,0.0,-0.0,0.0
2026-05-26T12:51:11.107,140.888,3207,STOP,0.005134,0.004708,-0.000107,0.8,0.0,0.0,L,0,0,-0.0,0.0,-0.0,0.0
2026-05-26T12:51:11.129,140.91,3208,STOP,0.005153,0.004797,-8.9e-05,0.8,0.0,0.0,L,0,0,-0.0,0.0,-0.0,0.0
2026-05-26T12:51:11.162,140.943,3209,STOP,0.00451,0.00474,5.7e-05,0.8,0.0,0.0,L,0,0,-0.0,0.0,-0.0,0.0
2026-05-26T12:51:11.191,140.973,3210,STOP,0.004848,0.004761,-2.2e-05,0.8,0.0,0.0,L,0,0,-0.0,0.0,-0.0,0.0
2026-05-26T12:51:11.245,141.026,3211,STOP,0.005386,0.004886,-0.000125,0.8,0.0,0.0,L,0,0,-0.0,0.0,-0.0,0.0
2026-05-26T12:51:11.294,141.075,3212,STOP,0.005346,0.004978,-9.2e-05,0.8,0.0,0.0,L,0,0,-0.0,0.0,-0.0,0.0
2026-05-26T12:51:11.313,141.094,3213,STOP,0.005222,0.005027,-4.9e-05,0.8,0.0,0.0,L,0,0,-0.0,0.0,-0.0,0.0
2026-05-26T12:51:11.357,141.138,3214,STOP,0.004935,0.005009,1.8e-05,0.8,0.0,0.0,L,0,0,-0.0,0.0,-0.0,0.0
2026-05-26T12:51:11.387,141.169,3215,STOP,0.004529,0.004913,9.6e-05,0.8,0.0,0.0,L,0,0,-0.0,0.0,-0.0,0.0
2026-05-26T12:51:11.414,141.195,3216,STOP,0.003934,0.004717,0.000196,0.8,0.0,0.0,L,0,0,-0.0,0.0,-0.0,0.0
2026-05-26T12:51:11.466,141.247,3217,STOP,0.00367,0.004508,0.000209,0.8,0.0,0.0,L,0,0,-0.0,0.0,-0.0,0.0
2026-05-26T12:51:11.513,141.294,3218,STOP,0.003794,0.004365,0.000143,0.8,0.0,0.0,L,0,0,-0.0,0.0,-0.0,0.0
2026-05-26T12:51:11.568,141.349,3219,STOP,0.003952,0.004282,8.3e-05,0.8,0.0,0.0,L,0,0,-0.0,0.0,-0.0,0.0
2026-05-26T12:51:11.587,141.368,3220,STOP,0.004024,0.004231,5.2e-05,0.8,0.0,0.0,L,0,0,-0.0,0.0,-0.0,0.0
2026-05-26T12:51:11.624,141.405,3221,STOP,0.004454,0.004275,-4.5e-05,0.8,0.0,0.0,L,0,0,-0.0,0.0,-0.0,0.0
2026-05-26T12:51:11.680,141.461,3222,STOP,0.004769,0.004374,-9.9e-05,0.8,0.0,0.0,L,0,0,-0.0,0.0,-0.0,0.0
2026-05-26T12:51:11.728,141.51,3223,STOP,0.005627,0.004625,-0.000251,0.8,0.0,0.0,L,0,0,-0.0,0.0,-0.0,0.0
2026-05-26T12:51:11.770,141.551,3224,STOP,0.00608,0.004916,-0.000291,0.8,0.0,0.0,L,0,0,-0.0,0.0,-0.0,0.0
2026-05-26T12:51:11.809,141.59,3225,STOP,0.006689,0.00527,-0.000355,0.8,0.0,0.0,L,0,0,-0.0,0.0,-0.0,0.0
2026-05-26T12:51:11.836,141.617,3226,STOP,0.0069,0.005596,-0.000326,0.8,0.0,0.0,L,0,0,-0.0,0.0,-0.0,0.0
2026-05-26T12:51:11.885,141.666,3227,STOP,0.007641,0.006005,-0.000409,0.8,0.0,0.0,L,0,0,-0.0,0.0,-0.0,0.0
2026-05-26T12:51:11.929,141.71,3228,STOP,0.006687,0.006142,-0.000136,0.8,0.0,0.0,L,0,0,-0.0,0.0,-0.0,0.0
2026-05-26T12:51:11.957,141.738,3229,STOP,0.006624,0.006238,-9.6e-05,0.8,0.0,0.0,L,0,0,-0.0,0.0,-0.0,0.0
2026-05-26T12:51:11.985,141.766,3230,STOP,0.006609,0.006312,-7.4e-05,0.8,0.0,0.0,L,0,0,-0.0,0.0,-0.0,0.0
2026-05-26T12:51:12.032,141.814,3231,STOP,0.00638,0.006326,-1.4e-05,0.8,0.0,0.0,L,0,0,-0.0,0.0,-0.0,0.0
2026-05-26T12:51:12.071,141.852,3232,STOP,0.005372,0.006135,0.000191,0.8,0.0,0.0,L,0,0,-0.0,0.0,-0.0,0.0
2026-05-26T12:51:12.100,141.881,3233,STOP,0.005157,0.005939,0.000196,0.8,0.0,0.0,L,0,0,-0.0,0.0,-0.0,0.0
2026-05-26T12:51:12.152,141.933,3234,STOP,0.004982,0.005748,0.000191,0.8,0.0,0.0,L,0,0,-0.0,0.0,-0.0,0.0
2026-05-26T12:51:12.212,141.993,3235,STOP,0.004594,0.005517,0.000231,0.8,0.0,0.0,L,0,0,-0.0,0.0,-0.0,0.0
2026-05-26T12:51:12.244,142.025,3236,STOP,0.004525,0.005319,0.000198,0.8,0.0,0.0,L,0,0,-0.0,0.0,-0.0,0.0
2026-05-26T12:51:12.276,142.058,3237,STOP,0.004058,0.005067,0.000252,0.8,0.0,0.0,L,0,0,-0.0,0.0,-0.0,0.0
2026-05-26T12:51:12.313,142.094,3238,STOP,0.003882,0.00483,0.000237,0.8,0.0,0.0,L,0,0,-0.0,0.0,-0.0,0.0
2026-05-26T12:51:12.364,142.146,3239,STOP,0.003567,0.004577,0.000253,0.8,0.0,0.0,L,0,0,-0.0,0.0,-0.0,0.0
2026-05-26T12:51:12.405,142.186,3240,STOP,0.003814,0.004425,0.000153,0.8,0.0,0.0,L,0,0,-0.0,0.0,-0.0,0.0
2026-05-26T12:51:12.431,142.212,3241,STOP,0.003653,0.00427,0.000154,0.8,0.0,0.0,L,0,0,-0.0,0.0,-0.0,0.0
2026-05-26T12:51:12.460,142.242,3242,STOP,0.003641,0.004144,0.000126,0.8,0.0,0.0,L,0,0,-0.0,0.0,-0.0,0.0
2026-05-26T12:51:12.504,142.285,3243,STOP,0.004038,0.004123,2.1e-05,0.8,0.0,0.0,L,0,0,-0.0,0.0,-0.0,0.0
2026-05-26T12:51:12.530,142.311,3244,STOP,0.004476,0.004194,-7e-05,0.8,0.0,0.0,L,0,0,-0.0,0.0,-0.0,0.0
2026-05-26T12:51:12.579,142.36,3245,STOP,0.005257,0.004406,-0.000213,0.8,0.0,0.0,L,0,0,-0.0,0.0,-0.0,0.0
2026-05-26T12:51:12.606,142.388,3246,STOP,0.005176,0.00456,-0.000154,0.8,0.0,0.0,L,0,0,-0.0,0.0,-0.0,0.0
2026-05-26T12:51:12.638,142.419,3247,STOP,0.005416,0.004732,-0.000171,0.8,0.0,0.0,L,0,0,-0.0,0.0,-0.0,0.0
2026-05-26T12:51:12.687,142.468,3248,STOP,0.00579,0.004943,-0.000212,0.8,0.0,0.0,L,0,0,-0.0,0.0,-0.0,0.0
2026-05-26T12:51:12.722,142.503,3249,STOP,0.006253,0.005205,-0.000262,0.8,0.0,0.0,L,0,0,-0.0,0.0,-0.0,0.0
2026-05-26T12:51:12.758,142.539,3250,STOP,0.005914,0.005347,-0.000142,0.8,0.0,0.0,L,0,0,-0.0,0.0,-0.0,0.0
2026-05-26T12:51:12.793,142.575,3251,STOP,0.005983,0.005474,-0.000127,0.8,0.0,0.0,L,0,0,-0.0,0.0,-0.0,0.0
2026-05-26T12:51:12.836,142.618,3252,STOP,0.006037,0.005587,-0.000113,0.8,0.0,0.0,L,0,0,-0.0,0.0,-0.0,0.0
2026-05-26T12:51:12.874,142.656,3253,STOP,0.005797,0.005629,-4.2e-05,0.8,0.0,0.0,L,0,0,-0.0,0.0,-0.0,0.0
2026-05-26T12:51:12.928,142.709,3254,STOP,0.005433,0.00559,3.9e-05,0.8,0.0,0.0,L,0,0,-0.0,0.0,-0.0,0.0
2026-05-26T12:51:12.974,142.756,3255,STOP,0.005339,0.005539,5e-05,0.8,0.0,0.0,L,0,0,-0.0,0.0,-0.0,0.0
2026-05-26T12:51:13.005,142.786,3256,STOP,0.005145,0.00546,7.9e-05,0.8,0.0,0.0,L,0,0,-0.0,0.0,-0.0,0.0
2026-05-26T12:51:13.047,142.828,3257,STOP,0.00554,0.005476,-1.6e-05,0.8,0.0,0.0,L,0,0,-0.0,0.0,-0.0,0.0
2026-05-26T12:51:13.085,142.867,3258,STOP,0.005012,0.005383,9.3e-05,0.8,0.0,0.0,L,0,0,-0.0,0.0,-0.0,0.0
2026-05-26T12:51:13.121,142.902,3259,STOP,0.005035,0.005314,7e-05,0.8,0.0,0.0,L,0,0,-0.0,0.0,-0.0,0.0
2026-05-26T12:51:13.153,142.935,3260,STOP,0.004999,0.005251,6.3e-05,0.8,0.0,0.0,L,0,0,-0.0,0.0,-0.0,0.0
2026-05-26T12:51:13.176,142.957,3261,STOP,0.004882,0.005177,7.4e-05,0.8,0.0,0.0,L,0,0,-0.0,0.0,-0.0,0.0
2026-05-26T12:51:13.244,143.026,3262,STOP,0.004322,0.005006,0.000171,0.8,0.0,0.0,L,0,0,-0.0,0.0,-0.0,0.0
2026-05-26T12:51:13.292,143.073,3263,STOP,0.004405,0.004886,0.00012,0.8,0.0,0.0,L,0,0,-0.0,0.0,-0.0,0.0
2026-05-26T12:51:13.345,143.126,3264,STOP,0.003916,0.004692,0.000194,0.8,0.0,0.0,L,0,0,-0.0,0.0,-0.0,0.0
2026-05-26T12:51:13.383,143.164,3265,STOP,0.003627,0.004479,0.000213,0.8,0.0,0.0,L,0,0,-0.0,0.0,-0.0,0.0
2026-05-26T12:51:13.420,143.201,3266,STOP,0.003656,0.004314,0.000165,0.8,0.0,0.0,L,0,0,-0.0,0.0,-0.0,0.0
2026-05-26T12:51:13.447,143.228,3267,STOP,0.003503,0.004152,0.000162,0.8,0.0,0.0,L,0,0,-0.0,0.0,-0.0,0.0
2026-05-26T12:51:13.482,143.264,3268,STOP,0.002801,0.003882,0.00027,0.8,0.0,0.0,L,0,0,-0.0,0.0,-0.0,0.0
2026-05-26T12:51:13.521,143.302,3269,STOP,0.002685,0.003642,0.000239,0.8,0.0,0.0,L,0,0,-0.0,0.0,-0.0,0.0
2026-05-26T12:51:13.569,143.35,3270,STOP,0.002748,0.003464,0.000179,0.8,0.0,0.0,L,0,0,-0.0,0.0,-0.0,0.0
2026-05-26T12:51:13.630,143.412,3271,STOP,0.00391,0.003553,-8.9e-05,0.8,0.0,0.0,L,0,0,-0.0,0.0,-0.0,0.0
2026-05-26T12:51:13.661,143.442,3272,STOP,0.004185,0.003679,-0.000126,0.8,0.0,0.0,L,0,0,-0.0,0.0,-0.0,0.0
2026-05-26T12:51:13.704,143.485,3273,STOP,0.004288,0.003801,-0.000122,0.8,0.0,0.0,L,0,0,-0.0,0.0,-0.0,0.0
2026-05-26T12:51:13.760,143.542,3274,STOP,0.005044,0.004049,-0.000249,0.8,0.0,0.0,L,0,0,-0.0,0.0,-0.0,0.0
2026-05-26T12:51:13.804,143.585,3275,STOP,0.005129,0.004265,-0.000216,0.8,0.0,0.0,L,0,0,-0.0,0.0,-0.0,0.0
2026-05-26T12:51:13.840,143.622,3276,STOP,0.00439,0.00429,-2.5e-05,0.8,0.0,0.0,L,0,0,-0.0,0.0,-0.0,0.0
2026-05-26T12:51:13.876,143.657,3277,STOP,0.004149,0.004262,2.8e-05,0.8,0.0,0.0,L,0,0,-0.0,0.0,-0.0,0.0
2026-05-26T12:51:13.921,143.703,3278,STOP,0.004114,0.004233,3e-05,0.8,0.0,0.0,L,0,0,-0.0,0.0,-0.0,0.0
2026-05-26T12:51:13.941,143.722,3279,STOP,0.003505,0.004087,0.000145,0.8,0.0,0.0,L,0,0,-0.0,0.0,-0.0,0.0
2026-05-26T12:51:13.985,143.767,3280,STOP,0.00326,0.003922,0.000165,0.8,0.0,0.0,L,0,0,-0.0,0.0,-0.0,0.0
2026-05-26T12:51:14.034,143.815,3281,STOP,0.002999,0.003737,0.000185,0.8,0.0,0.0,L,0,0,-0.0,0.0,-0.0,0.0
2026-05-26T12:51:14.071,143.852,3282,STOP,0.003493,0.003688,4.9e-05,0.8,0.0,0.0,L,0,0,-0.0,0.0,-0.0,0.0
2026-05-26T12:51:14.100,143.881,3283,STOP,0.004151,0.003781,-9.3e-05,0.8,0.0,0.0,L,0,0,-0.0,0.0,-0.0,0.0
2026-05-26T12:51:14.137,143.918,3284,STOP,0.004576,0.00394,-0.000159,0.8,0.0,0.0,L,0,0,-0.0,0.0,-0.0,0.0
2026-05-26T12:51:14.155,143.936,3285,STOP,0.004795,0.004111,-0.000171,0.8,0.0,0.0,L,0,0,-0.0,0.0,-0.0,0.0
2026-05-26T12:51:14.204,143.985,3286,STOP,0.005314,0.004352,-0.000241,0.8,0.0,0.0,L,0,0,-0.0,0.0,-0.0,0.0
2026-05-26T12:51:14.247,144.028,3287,STOP,0.005205,0.004522,-0.000171,0.8,0.0,0.0,L,0,0,-0.0,0.0,-0.0,0.0
2026-05-26T12:51:14.294,144.075,3288,STOP,0.005461,0.00471,-0.000188,0.8,0.0,0.0,L,0,0,-0.0,0.0,-0.0,0.0
2026-05-26T12:51:14.335,144.116,3289,STOP,0.005773,0.004922,-0.000213,0.8,0.0,0.0,L,0,0,-0.0,0.0,-0.0,0.0
2026-05-26T12:51:14.382,144.163,3290,STOP,0.006371,0.005212,-0.00029,0.8,0.0,0.0,L,0,0,-0.0,0.0,-0.0,0.0
2026-05-26T12:51:14.417,144.198,3291,STOP,0.006362,0.005442,-0.00023,0.8,0.0,0.0,L,0,0,-0.0,0.0,-0.0,0.0
2026-05-26T12:51:14.460,144.241,3292,STOP,0.005935,0.005541,-9.8e-05,0.8,0.0,0.0,L,0,0,-0.0,0.0,-0.0,0.0
2026-05-26T12:51:14.489,144.27,3293,STOP,0.004852,0.005403,0.000138,0.8,0.0,0.0,L,0,0,-0.0,0.0,-0.0,0.0
2026-05-26T12:51:14.515,144.296,3294,STOP,0.004188,0.00516,0.000243,0.8,0.0,0.0,L,0,0,-0.0,0.0,-0.0,0.0
2026-05-26T12:51:14.545,144.326,3295,STOP,0.003313,0.004791,0.000369,0.8,0.0,0.0,L,0,0,-0.0,0.0,-0.0,0.0
2026-05-26T12:51:14.586,144.367,3296,STOP,0.003259,0.004484,0.000306,0.8,0.0,0.0,L,0,0,-0.0,0.0,-0.0,0.0
2026-05-26T12:51:14.620,144.401,3297,STOP,0.00349,0.004285,0.000199,0.8,0.0,0.0,L,0,0,-0.0,0.0,-0.0,0.0
2026-05-26T12:51:14.658,144.44,3298,STOP,0.003528,0.004134,0.000151,0.8,0.0,0.0,L,0,0,-0.0,0.0,-0.0,0.0
2026-05-26T12:51:14.697,144.478,3299,STOP,0.003259,0.003959,0.000175,0.8,0.0,0.0,L,0,0,-0.0,0.0,-0.0,0.0
2026-05-26T12:51:14.755,144.536,3300,STOP,0.003568,0.003881,7.8e-05,0.8,0.0,0.0,L,0,0,-0.0,0.0,-0.0,0.0
2026-05-26T12:51:14.798,144.579,3301,STOP,0.003578,0.00382,6.1e-05,0.8,0.0,0.0,L,0,0,-0.0,0.0,-0.0,0.0
2026-05-26T12:51:14.824,144.605,3302,STOP,0.003541,0.003764,5.6e-05,0.8,0.0,0.0,L,0,0,-0.0,0.0,-0.0,0.0
2026-05-26T12:51:14.885,144.666,3303,STOP,0.003776,0.003767,-2e-06,0.8,0.0,0.0,L,0,0,-0.0,0.0,-0.0,0.0
2026-05-26T12:51:14.922,144.703,3304,STOP,0.003509,0.003715,5.2e-05,0.8,0.0,0.0,L,0,0,-0.0,0.0,-0.0,0.0
2026-05-26T12:51:14.943,144.724,3305,STOP,0.002896,0.003552,0.000164,0.8,0.0,0.0,L,0,0,-0.0,0.0,-0.0,0.0
2026-05-26T12:51:14.998,144.779,3306,STOP,0.002971,0.003435,0.000116,0.8,0.0,0.0,L,0,0,-0.0,0.0,-0.0,0.0
2026-05-26T12:51:15.045,144.826,3307,STOP,0.003059,0.00336,7.5e-05,0.8,0.0,0.0,L,0,0,-0.0,0.0,-0.0,0.0
2026-05-26T12:51:15.083,144.864,3308,STOP,0.002956,0.003279,8.1e-05,0.8,0.0,0.0,L,0,0,-0.0,0.0,-0.0,0.0
2026-05-26T12:51:15.137,144.918,3309,STOP,0.002948,0.003213,6.6e-05,0.8,0.0,0.0,L,0,0,-0.0,0.0,-0.0,0.0
2026-05-26T12:51:15.190,144.971,3310,STOP,0.003489,0.003268,-5.5e-05,0.8,0.0,0.0,L,0,0,-0.0,0.0,-0.0,0.0
2026-05-26T12:51:15.238,145.019,3311,STOP,0.004144,0.003443,-0.000175,0.8,0.0,0.0,L,0,0,-0.0,0.0,-0.0,0.0
2026-05-26T12:51:15.274,145.055,3312,STOP,0.004348,0.003624,-0.000181,0.8,0.0,0.0,L,0,0,-0.0,0.0,-0.0,0.0
2026-05-26T12:51:15.304,145.086,3313,STOP,0.004298,0.003759,-0.000135,0.8,0.0,0.0,L,0,0,-0.0,0.0,-0.0,0.0
2026-05-26T12:51:15.355,145.136,3314,STOP,0.004573,0.003922,-0.000163,0.8,0.0,0.0,L,0,0,-0.0,0.0,-0.0,0.0
2026-05-26T12:51:15.406,145.188,3315,STOP,0.004569,0.004051,-0.000129,0.8,0.0,0.0,L,0,0,-0.0,0.0,-0.0,0.0
2026-05-26T12:51:15.444,145.226,3316,STOP,0.004657,0.004172,-0.000121,0.8,0.0,0.0,L,0,0,-0.0,0.0,-0.0,0.0
2026-05-26T12:51:15.505,145.286,3317,STOP,0.006503,0.004638,-0.000466,0.8,0.0,0.0,L,0,0,-0.0,0.0,-0.0,0.0
2026-05-26T12:51:15.541,145.322,3318,STOP,0.007004,0.005112,-0.000473,0.8,0.0,0.0,L,0,0,-0.0,0.0,-0.0,0.0
2026-05-26T12:51:15.600,145.381,3319,STOP,0.007307,0.005551,-0.000439,0.8,0.0,0.0,L,0,0,-0.0,0.0,-0.0,0.0
2026-05-26T12:51:15.642,145.423,3320,STOP,0.007324,0.005905,-0.000355,0.8,0.0,0.0,L,0,0,-0.0,0.0,-0.0,0.0
2026-05-26T12:51:15.676,145.457,3321,STOP,0.007613,0.006247,-0.000342,0.8,0.0,0.0,L,0,0,-0.0,0.0,-0.0,0.0
2026-05-26T12:51:15.705,145.487,3322,STOP,0.006342,0.006266,-1.9e-05,0.8,0.0,0.0,L,0,0,-0.0,0.0,-0.0,0.0
2026-05-26T12:51:15.736,145.517,3323,STOP,0.006427,0.006298,-3.2e-05,0.8,0.0,0.0,L,0,0,-0.0,0.0,-0.0,0.0
2026-05-26T12:51:15.776,145.557,3324,STOP,0.006205,0.00628,1.9e-05,0.8,0.0,0.0,L,0,0,-0.0,0.0,-0.0,0.0
2026-05-26T12:51:15.825,145.606,3325,STOP,0.005799,0.006184,9.6e-05,0.8,0.0,0.0,L,0,0,-0.0,0.0,-0.0,0.0
2026-05-26T12:51:15.874,145.656,3326,STOP,0.004791,0.005905,0.000279,0.8,0.0,0.0,L,0,0,-0.0,0.0,-0.0,0.0
2026-05-26T12:51:15.910,145.692,3327,STOP,0.005012,0.005726,0.000179,0.8,0.0,0.0,L,0,0,-0.0,0.0,-0.0,0.0
2026-05-26T12:51:15.941,145.722,3328,STOP,0.005,0.005581,0.000145,0.8,0.0,0.0,L,0,0,-0.0,0.0,-0.0,0.0
2026-05-26T12:51:15.982,145.764,3329,STOP,0.004799,0.005425,0.000157,0.8,0.0,0.0,L,0,0,-0.0,0.0,-0.0,0.0
2026-05-26T12:51:16.022,145.803,3330,STOP,0.004672,0.005274,0.00015,0.8,0.0,0.0,L,0,0,-0.0,0.0,-0.0,0.0
2026-05-26T12:51:16.060,145.841,3331,STOP,0.004639,0.005147,0.000127,0.8,0.0,0.0,L,0,0,-0.0,0.0,-0.0,0.0
2026-05-26T12:51:16.094,145.875,3332,STOP,0.004076,0.004933,0.000214,0.8,0.0,0.0,L,0,0,-0.0,0.0,-0.0,0.0
2026-05-26T12:51:16.115,145.897,3333,STOP,0.00403,0.004752,0.000181,0.8,0.0,0.0,L,0,0,-0.0,0.0,-0.0,0.0
2026-05-26T12:51:16.146,145.927,3334,STOP,0.003973,0.004596,0.000156,0.8,0.0,0.0,L,0,0,-0.0,0.0,-0.0,0.0
2026-05-26T12:51:16.170,145.951,3335,STOP,0.003874,0.004452,0.000144,0.8,0.0,0.0,L,0,0,-0.0,0.0,-0.0,0.0
2026-05-26T12:51:16.210,145.991,3336,STOP,0.003931,0.004348,0.000104,0.8,0.0,0.0,L,0,0,-0.0,0.0,-0.0,0.0
2026-05-26T12:51:16.241,146.022,3337,STOP,0.003739,0.004226,0.000122,0.8,0.0,0.0,L,0,0,-0.0,0.0,-0.0,0.0
2026-05-26T12:51:16.283,146.064,3338,STOP,0.003721,0.004125,0.000101,0.8,0.0,0.0,L,0,0,-0.0,0.0,-0.0,0.0
2026-05-26T12:51:16.336,146.117,3339,STOP,0.003849,0.00407,5.5e-05,0.8,0.0,0.0,L,0,0,-0.0,0.0,-0.0,0.0
2026-05-26T12:51:16.404,146.185,3340,STOP,0.003675,0.003991,7.9e-05,0.8,0.0,0.0,L,0,0,-0.0,0.0,-0.0,0.0
2026-05-26T12:51:16.432,146.213,3341,STOP,0.00366,0.003925,6.6e-05,0.8,0.0,0.0,L,0,0,-0.0,0.0,-0.0,0.0
2026-05-26T12:51:16.492,146.273,3342,STOP,0.003938,0.003927,-3e-06,0.8,0.0,0.0,L,0,0,-0.0,0.0,-0.0,0.0
2026-05-26T12:51:16.538,146.319,3343,STOP,0.003609,0.003864,6.4e-05,0.8,0.0,0.0,L,0,0,-0.0,0.0,-0.0,0.0
2026-05-26T12:51:16.570,146.351,3344,STOP,0.003305,0.003752,0.000112,0.8,0.0,0.0,L,0,0,-0.0,0.0,-0.0,0.0
2026-05-26T12:51:16.633,146.414,3345,STOP,0.003177,0.003637,0.000115,0.8,0.0,0.0,L,0,0,-0.0,0.0,-0.0,0.0
2026-05-26T12:51:16.673,146.454,3346,STOP,0.003565,0.003623,1.4e-05,0.8,0.0,0.0,L,0,0,-0.0,0.0,-0.0,0.0
2026-05-26T12:51:16.704,146.485,3347,STOP,0.002851,0.003468,0.000154,0.8,0.0,0.0,L,0,0,-0.0,0.0,-0.0,0.0
2026-05-26T12:51:16.737,146.518,3348,STOP,0.002705,0.003316,0.000153,0.8,0.0,0.0,L,0,0,-0.0,0.0,-0.0,0.0
2026-05-26T12:51:16.790,146.572,3349,STOP,0.002562,0.003165,0.000151,0.8,0.0,0.0,L,0,0,-0.0,0.0,-0.0,0.0
2026-05-26T12:51:16.842,146.623,3350,STOP,0.00264,0.00306,0.000105,0.8,0.0,0.0,L,0,0,-0.0,0.0,-0.0,0.0
2026-05-26T12:51:16.874,146.656,3351,STOP,0.002362,0.00292,0.00014,0.8,0.0,0.0,L,0,0,-0.0,0.0,-0.0,0.0
2026-05-26T12:51:16.926,146.707,3352,STOP,0.002406,0.002817,0.000103,0.8,0.0,0.0,L,0,0,-0.0,0.0,-0.0,0.0
2026-05-26T12:51:16.946,146.728,3353,STOP,0.002446,0.002743,7.4e-05,0.8,0.0,0.0,L,0,0,-0.0,0.0,-0.0,0.0
2026-05-26T12:51:16.997,146.778,3354,STOP,0.002364,0.002667,7.6e-05,0.8,0.0,0.0,L,0,0,-0.0,0.0,-0.0,0.0
2026-05-26T12:51:17.039,146.821,3355,STOP,0.002575,0.002649,1.9e-05,0.8,0.0,0.0,L,0,0,-0.0,0.0,-0.0,0.0
2026-05-26T12:51:17.089,146.87,3356,STOP,0.002557,0.00263,1.8e-05,0.8,0.0,0.0,L,0,0,-0.0,0.0,-0.0,0.0
2026-05-26T12:51:17.150,146.931,3357,STOP,0.002969,0.002698,-6.8e-05,0.8,0.0,0.0,L,0,0,-0.0,0.0,-0.0,0.0
2026-05-26T12:51:17.221,147.002,3358,STOP,0.003648,0.002888,-0.00019,0.8,0.0,0.0,L,0,0,-0.0,0.0,-0.0,0.0
2026-05-26T12:51:17.278,147.059,3359,STOP,0.003964,0.003103,-0.000215,0.8,0.0,0.0,L,0,0,-0.0,0.0,-0.0,0.0
2026-05-26T12:51:17.345,147.126,3360,STOP,0.004871,0.003457,-0.000354,0.8,0.0,0.0,L,0,0,-0.0,0.0,-0.0,0.0
2026-05-26T12:51:17.426,147.207,3361,STOP,0.005143,0.003794,-0.000337,0.8,0.0,0.0,L,0,0,-0.0,0.0,-0.0,0.0
2026-05-26T12:51:17.468,147.249,3362,STOP,0.005236,0.004083,-0.000288,0.8,0.0,0.0,L,0,0,-0.0,0.0,-0.0,0.0
2026-05-26T12:51:17.512,147.294,3363,STOP,0.00517,0.0043,-0.000217,0.8,0.0,0.0,L,0,0,-0.0,0.0,-0.0,0.0
2026-05-26T12:51:17.580,147.361,3364,STOP,0.004981,0.004436,-0.000136,0.8,0.0,0.0,L,0,0,-0.0,0.0,-0.0,0.0
2026-05-26T12:51:17.616,147.397,3365,STOP,0.004536,0.004456,-2e-05,0.8,0.0,0.0,L,0,0,-0.0,0.0,-0.0,0.0
2026-05-26T12:51:17.654,147.435,3366,STOP,0.003867,0.004338,0.000118,0.8,0.0,0.0,L,0,0,-0.0,0.0,-0.0,0.0
2026-05-26T12:51:17.716,147.497,3367,STOP,0.004366,0.004344,-6e-06,0.8,0.0,0.0,L,0,0,-0.0,0.0,-0.0,0.0
2026-05-26T12:51:17.747,147.528,3368,STOP,0.003811,0.004237,0.000107,0.8,0.0,0.0,L,0,0,-0.0,0.0,-0.0,0.0
2026-05-26T12:51:17.797,147.578,3369,STOP,0.003472,0.004084,0.000153,0.8,0.0,0.0,L,0,0,-0.0,0.0,-0.0,0.0
2026-05-26T12:51:17.838,147.62,3370,STOP,0.003324,0.003932,0.000152,0.8,0.0,0.0,L,0,0,-0.0,0.0,-0.0,0.0
2026-05-26T12:51:17.879,147.66,3371,STOP,0.003512,0.003848,8.4e-05,0.8,0.0,0.0,L,0,0,-0.0,0.0,-0.0,0.0
2026-05-26T12:51:17.913,147.695,3372,STOP,0.003384,0.003755,9.3e-05,0.8,0.0,0.0,L,0,0,-0.0,0.0,-0.0,0.0
2026-05-26T12:51:17.962,147.743,3373,STOP,0.003488,0.003702,5.4e-05,0.8,0.0,0.0,L,0,0,-0.0,0.0,-0.0,0.0
2026-05-26T12:51:18.004,147.785,3374,STOP,0.003493,0.00366,4.2e-05,0.8,0.0,0.0,L,0,0,-0.0,0.0,-0.0,0.0
2026-05-26T12:51:18.033,147.814,3375,STOP,0.003428,0.003613,4.6e-05,0.8,0.0,0.0,L,0,0,-0.0,0.0,-0.0,0.0
2026-05-26T12:51:18.057,147.838,3376,STOP,0.002888,0.003468,0.000145,0.8,0.0,0.0,L,0,0,-0.0,0.0,-0.0,0.0
2026-05-26T12:51:18.099,147.88,3377,STOP,0.003048,0.003384,8.4e-05,0.8,0.0,0.0,L,0,0,-0.0,0.0,-0.0,0.0
2026-05-26T12:51:18.130,147.911,3378,STOP,0.003196,0.003347,3.8e-05,0.8,0.0,0.0,L,0,0,-0.0,0.0,-0.0,0.0
2026-05-26T12:51:18.182,147.963,3379,STOP,0.002996,0.003277,7e-05,0.8,0.0,0.0,L,0,0,-0.0,0.0,-0.0,0.0
2026-05-26T12:51:18.230,148.011,3380,STOP,0.002899,0.003201,7.6e-05,0.8,0.0,0.0,L,0,0,-0.0,0.0,-0.0,0.0
2026-05-26T12:51:18.279,148.06,3381,STOP,0.002764,0.003114,8.7e-05,0.8,0.0,0.0,L,0,0,-0.0,0.0,-0.0,0.0
2026-05-26T12:51:18.332,148.113,3382,STOP,0.002489,0.002989,0.000125,0.8,0.0,0.0,L,0,0,-0.0,0.0,-0.0,0.0
2026-05-26T12:51:18.358,148.139,3383,STOP,0.002415,0.002874,0.000115,0.8,0.0,0.0,L,0,0,-0.0,0.0,-0.0,0.0
2026-05-26T12:51:18.392,148.174,3384,STOP,0.002138,0.002727,0.000147,0.8,0.0,0.0,L,0,0,-0.0,0.0,-0.0,0.0
2026-05-26T12:51:18.414,148.195,3385,STOP,0.002184,0.002618,0.000109,0.8,0.0,0.0,L,0,0,-0.0,0.0,-0.0,0.0
2026-05-26T12:51:18.471,148.252,3386,STOP,0.002027,0.0025,0.000118,0.8,0.0,0.0,L,0,0,-0.0,0.0,-0.0,0.0
2026-05-26T12:51:18.518,148.3,3387,STOP,0.001888,0.002378,0.000122,0.8,0.0,0.0,L,0,0,-0.0,0.0,-0.0,0.0
2026-05-26T12:51:18.572,148.353,3388,STOP,0.001861,0.002274,0.000103,0.8,0.0,0.0,L,0,0,-0.0,0.0,-0.0,0.0
2026-05-26T12:51:18.621,148.402,3389,STOP,0.00169,0.002158,0.000117,0.8,0.0,0.0,L,0,0,-0.0,0.0,-0.0,0.0
2026-05-26T12:51:18.664,148.445,3390,STOP,0.001785,0.002083,7.5e-05,0.8,0.0,0.0,L,0,0,-0.0,0.0,-0.0,0.0
2026-05-26T12:51:18.708,148.489,3391,STOP,0.001638,0.001994,8.9e-05,0.8,0.0,0.0,L,0,0,-0.0,0.0,-0.0,0.0
2026-05-26T12:51:18.746,148.527,3392,STOP,0.001607,0.001917,7.7e-05,0.8,0.0,0.0,L,0,0,-0.0,0.0,-0.0,0.0
2026-05-26T12:51:18.772,148.553,3393,STOP,0.001614,0.001856,6.1e-05,0.8,0.0,0.0,L,0,0,-0.0,0.0,-0.0,0.0
2026-05-26T12:51:18.813,148.594,3394,STOP,0.001656,0.001816,4e-05,0.8,0.0,0.0,L,0,0,-0.0,0.0,-0.0,0.0
2026-05-26T12:51:18.857,148.638,3395,STOP,0.001514,0.001756,6e-05,0.8,0.0,0.0,L,0,0,-0.0,0.0,-0.0,0.0
2026-05-26T12:51:18.907,148.688,3396,STOP,0.001845,0.001773,-1.8e-05,0.8,0.0,0.0,L,0,0,-0.0,0.0,-0.0,0.0
2026-05-26T12:51:18.939,148.721,3397,STOP,0.001714,0.001762,1.2e-05,0.8,0.0,0.0,L,0,0,-0.0,0.0,-0.0,0.0
2026-05-26T12:51:18.980,148.762,3398,STOP,0.00163,0.001735,2.6e-05,0.8,0.0,0.0,L,0,0,-0.0,0.0,-0.0,0.0
2026-05-26T12:51:19.024,148.806,3399,STOP,0.001443,0.001677,5.9e-05,0.8,0.0,0.0,L,0,0,-0.0,0.0,-0.0,0.0
2026-05-26T12:51:19.066,148.847,3400,STOP,0.001605,0.001662,1.4e-05,0.8,0.0,0.0,L,0,0,-0.0,0.0,-0.0,0.0
2026-05-26T12:51:19.114,148.895,3401,STOP,0.001625,0.001655,7e-06,0.8,0.0,0.0,L,0,0,-0.0,0.0,-0.0,0.0
2026-05-26T12:51:19.174,148.955,3402,STOP,0.001443,0.001612,4.2e-05,0.8,0.0,0.0,L,0,0,-0.0,0.0,-0.0,0.0
2026-05-26T12:51:19.209,148.99,3403,STOP,0.001467,0.001583,2.9e-05,0.8,0.0,0.0,L,0,0,-0.0,0.0,-0.0,0.0
2026-05-26T12:51:19.236,149.018,3404,STOP,0.001458,0.001558,2.5e-05,0.8,0.0,0.0,L,0,0,-0.0,0.0,-0.0,0.0
2026-05-26T12:51:19.280,149.062,3405,STOP,0.001389,0.001524,3.4e-05,0.8,0.0,0.0,L,0,0,-0.0,0.0,-0.0,0.0
2026-05-26T12:51:19.326,149.107,3406,STOP,0.001362,0.001492,3.2e-05,0.8,0.0,0.0,L,0,0,-0.0,0.0,-0.0,0.0
2026-05-26T12:51:19.362,149.143,3407,STOP,0.001626,0.001519,-2.7e-05,0.8,0.0,0.0,L,0,0,-0.0,0.0,-0.0,0.0
2026-05-26T12:51:19.420,149.201,3408,STOP,0.001347,0.001484,3.4e-05,0.8,0.0,0.0,L,0,0,-0.0,0.0,-0.0,0.0
2026-05-26T12:51:19.457,149.238,3409,STOP,0.00142,0.001471,1.3e-05,0.8,0.0,0.0,L,0,0,-0.0,0.0,-0.0,0.0
2026-05-26T12:51:19.508,149.289,3410,STOP,0.001453,0.001468,4e-06,0.8,0.0,0.0,L,0,0,-0.0,0.0,-0.0,0.0
2026-05-26T12:51:19.544,149.325,3411,STOP,0.001357,0.001446,2.2e-05,0.8,0.0,0.0,L,0,0,-0.0,0.0,-0.0,0.0
2026-05-26T12:51:19.586,149.367,3412,STOP,0.001374,0.001431,1.4e-05,0.8,0.0,0.0,L,0,0,-0.0,0.0,-0.0,0.0
2026-05-26T12:51:19.642,149.423,3413,STOP,0.001417,0.001428,3e-06,0.8,0.0,0.0,L,0,0,-0.0,0.0,-0.0,0.0
2026-05-26T12:51:19.686,149.467,3414,STOP,0.001417,0.001426,2e-06,0.8,0.0,0.0,L,0,0,-0.0,0.0,-0.0,0.0
2026-05-26T12:51:19.746,149.527,3415,STOP,0.00149,0.001439,-1.3e-05,0.8,0.0,0.0,L,0,0,-0.0,0.0,-0.0,0.0
2026-05-26T12:51:19.800,149.581,3416,STOP,0.001371,0.001425,1.4e-05,0.8,0.0,0.0,L,0,0,-0.0,0.0,-0.0,0.0
2026-05-26T12:51:19.897,149.678,3417,STOP,0.002036,0.001547,-0.000122,0.8,0.0,0.0,L,0,0,-0.0,0.0,-0.0,0.0
2026-05-26T12:51:19.931,149.712,3418,STOP,0.001802,0.001598,-5.1e-05,0.8,0.0,0.0,L,0,0,-0.0,0.0,-0.0,0.0
2026-05-26T12:51:19.991,149.772,3419,STOP,0.001746,0.001628,-3e-05,0.8,0.0,0.0,L,0,0,-0.0,0.0,-0.0,0.0
2026-05-26T12:51:20.056,149.837,3420,STOP,0.001954,0.001693,-6.5e-05,0.8,0.0,0.0,L,0,0,-0.0,0.0,-0.0,0.0
2026-05-26T12:51:20.110,149.891,3421,STOP,0.002083,0.001771,-7.8e-05,0.8,0.0,0.0,L,0,0,-0.0,0.0,-0.0,0.0
2026-05-26T12:51:20.141,149.923,3422,STOP,0.001434,0.001704,6.8e-05,0.8,0.0,0.0,L,0,0,-0.0,0.0,-0.0,0.0
2026-05-26T12:51:20.200,149.982,3423,STOP,0.001588,0.001681,2.3e-05,0.8,0.0,0.0,L,0,0,-0.0,0.0,-0.0,0.0
2026-05-26T12:51:20.264,150.045,3424,STOP,0.00145,0.001635,4.6e-05,0.8,0.0,0.0,L,0,0,-0.0,0.0,-0.0,0.0
2026-05-26T12:51:20.303,150.085,3425,STOP,0.001731,0.001654,-1.9e-05,0.8,0.0,0.0,L,0,0,-0.0,0.0,-0.0,0.0
2026-05-26T12:51:20.344,150.125,3426,STOP,0.001471,0.001617,3.7e-05,0.8,0.0,0.0,L,0,0,-0.0,0.0,-0.0,0.0
2026-05-26T12:51:20.374,150.156,3427,STOP,0.00138,0.00157,4.7e-05,0.8,0.0,0.0,L,0,0,-0.0,0.0,-0.0,0.0
2026-05-26T12:51:20.426,150.207,3428,STOP,0.001468,0.001549,2e-05,0.8,0.0,0.0,L,0,0,-0.0,0.0,-0.0,0.0
2026-05-26T12:51:20.446,150.228,3429,STOP,0.001368,0.001513,3.6e-05,0.8,0.0,0.0,L,0,0,-0.0,0.0,-0.0,0.0
2026-05-26T12:51:20.492,150.273,3430,STOP,0.001737,0.001558,-4.5e-05,0.8,0.0,0.0,L,0,0,-0.0,0.0,-0.0,0.0
2026-05-26T12:51:20.569,150.35,3431,STOP,0.001652,0.001577,-1.9e-05,0.8,0.0,0.0,L,0,0,-0.0,0.0,-0.0,0.0
2026-05-26T12:51:20.601,150.383,3432,STOP,0.001578,0.001577,-0.0,0.8,0.0,0.0,L,0,0,-0.0,0.0,-0.0,0.0
2026-05-26T12:51:20.641,150.423,3433,STOP,0.00166,0.001594,-1.7e-05,0.8,0.0,0.0,L,0,0,-0.0,0.0,-0.0,0.0
2026-05-26T12:51:20.696,150.477,3434,STOP,0.00149,0.001573,2.1e-05,0.8,0.0,0.0,L,0,0,-0.0,0.0,-0.0,0.0
2026-05-26T12:51:20.731,150.513,3435,STOP,0.002151,0.001688,-0.000116,0.8,0.0,0.0,L,0,0,-0.0,0.0,-0.0,0.0
2026-05-26T12:51:20.766,150.547,3436,STOP,0.001462,0.001643,4.5e-05,0.8,0.0,0.0,L,0,0,-0.0,0.0,-0.0,0.0
2026-05-26T12:51:20.826,150.607,3437,STOP,0.001374,0.001589,5.4e-05,0.8,0.0,0.0,L,0,0,-0.0,0.0,-0.0,0.0
2026-05-26T12:51:20.858,150.639,3438,STOP,0.001566,0.001585,5e-06,0.8,0.0,0.0,L,0,0,-0.0,0.0,-0.0,0.0
2026-05-26T12:51:20.894,150.675,3439,STOP,0.001926,0.001653,-6.8e-05,0.8,0.0,0.0,L,0,0,-0.0,0.0,-0.0,0.0
2026-05-26T12:51:20.942,150.723,3440,STOP,0.001737,0.00167,-1.7e-05,0.8,0.0,0.0,L,0,0,-0.0,0.0,-0.0,0.0
2026-05-26T12:51:20.988,150.769,3441,STOP,0.001749,0.001686,-1.6e-05,0.8,0.0,0.0,L,0,0,-0.0,0.0,-0.0,0.0
2026-05-26T12:51:21.024,150.805,3442,STOP,0.001745,0.001698,-1.2e-05,0.8,0.0,0.0,L,0,0,-0.0,0.0,-0.0,0.0
2026-05-26T12:51:21.061,150.843,3443,STOP,0.002039,0.001766,-6.8e-05,0.8,0.0,0.0,L,0,0,-0.0,0.0,-0.0,0.0
2026-05-26T12:51:21.100,150.881,3444,STOP,0.002471,0.001907,-0.000141,0.8,0.0,0.0,L,0,0,-0.0,0.0,-0.0,0.0
2026-05-26T12:51:21.156,150.937,3445,STOP,0.002562,0.002038,-0.000131,0.8,0.0,0.0,L,0,0,-0.0,0.0,-0.0,0.0
2026-05-26T12:51:21.178,150.959,3446,STOP,0.002771,0.002185,-0.000147,0.8,0.0,0.0,L,0,0,-0.0,0.0,-0.0,0.0
2026-05-26T12:51:21.224,151.006,3447,STOP,0.003046,0.002357,-0.000172,0.8,0.0,0.0,L,0,0,-0.0,0.0,-0.0,0.0
2026-05-26T12:51:21.273,151.055,3448,STOP,0.003473,0.00258,-0.000223,0.8,0.0,0.0,L,0,0,-0.0,0.0,-0.0,0.0
2026-05-26T12:51:21.310,151.091,3449,STOP,0.003294,0.002723,-0.000143,0.8,0.0,0.0,L,0,0,-0.0,0.0,-0.0,0.0
2026-05-26T12:51:21.358,151.139,3450,STOP,0.003134,0.002805,-8.2e-05,0.8,0.0,0.0,L,0,0,-0.0,0.0,-0.0,0.0
2026-05-26T12:51:21.382,151.164,3451,STOP,0.00277,0.002798,7e-06,0.8,0.0,0.0,L,0,0,-0.0,0.0,-0.0,0.0
2026-05-26T12:51:21.458,151.239,3452,STOP,0.003014,0.002841,-4.3e-05,0.8,0.0,0.0,L,0,0,-0.0,0.0,-0.0,0.0
2026-05-26T12:51:21.509,151.291,3453,STOP,0.002603,0.002794,4.8e-05,0.8,0.0,0.0,L,0,0,-0.0,0.0,-0.0,0.0
2026-05-26T12:51:21.550,151.331,3454,STOP,0.002482,0.002731,6.2e-05,0.8,0.0,0.0,L,0,0,-0.0,0.0,-0.0,0.0
2026-05-26T12:51:21.588,151.369,3455,STOP,0.002484,0.002682,4.9e-05,0.8,0.0,0.0,L,0,0,-0.0,0.0,-0.0,0.0
2026-05-26T12:51:21.620,151.402,3456,STOP,0.002222,0.00259,9.2e-05,0.8,0.0,0.0,L,0,0,-0.0,0.0,-0.0,0.0
2026-05-26T12:51:21.653,151.435,3457,STOP,0.002262,0.002524,6.6e-05,0.8,0.0,0.0,L,0,0,-0.0,0.0,-0.0,0.0
2026-05-26T12:51:21.683,151.465,3458,STOP,0.002411,0.002502,2.3e-05,0.8,0.0,0.0,L,0,0,-0.0,0.0,-0.0,0.0
2026-05-26T12:51:21.706,151.488,3459,STOP,0.002646,0.002531,-2.9e-05,0.8,0.0,0.0,L,0,0,-0.0,0.0,-0.0,0.0
2026-05-26T12:51:21.745,151.526,3460,STOP,0.002609,0.002546,-1.6e-05,0.8,0.0,0.0,L,0,0,-0.0,0.0,-0.0,0.0
2026-05-26T12:51:21.801,151.582,3461,STOP,0.002554,0.002548,-2e-06,0.8,0.0,0.0,L,0,0,-0.0,0.0,-0.0,0.0
2026-05-26T12:51:21.847,151.628,3462,STOP,0.002454,0.002529,1.9e-05,0.8,0.0,0.0,L,0,0,-0.0,0.0,-0.0,0.0
2026-05-26T12:51:21.865,151.646,3463,STOP,0.00271,0.002565,-3.6e-05,0.8,0.0,0.0,L,0,0,-0.0,0.0,-0.0,0.0
2026-05-26T12:51:21.905,151.687,3464,STOP,0.002733,0.002599,-3.4e-05,0.8,0.0,0.0,L,0,0,-0.0,0.0,-0.0,0.0
2026-05-26T12:51:21.926,151.707,3465,STOP,0.002659,0.002611,-1.2e-05,0.8,0.0,0.0,L,0,0,-0.0,0.0,-0.0,0.0
2026-05-26T12:51:21.977,151.759,3466,STOP,0.002774,0.002644,-3.3e-05,0.8,0.0,0.0,L,0,0,-0.0,0.0,-0.0,0.0
2026-05-26T12:51:22.052,151.833,3467,STOP,0.002791,0.002673,-2.9e-05,0.8,0.0,0.0,L,0,0,-0.0,0.0,-0.0,0.0
2026-05-26T12:51:22.102,151.883,3468,STOP,0.00319,0.002776,-0.000103,0.8,0.0,0.0,L,0,0,-0.0,0.0,-0.0,0.0
2026-05-26T12:51:22.146,151.927,3469,STOP,0.003305,0.002882,-0.000106,0.8,0.0,0.0,L,0,0,-0.0,0.0,-0.0,0.0
2026-05-26T12:51:22.169,151.951,3470,STOP,0.003111,0.002928,-4.6e-05,0.8,0.0,0.0,L,0,0,-0.0,0.0,-0.0,0.0
2026-05-26T12:51:22.234,152.015,3471,STOP,0.003435,0.003029,-0.000101,0.8,0.0,0.0,L,0,0,-0.0,0.0,-0.0,0.0
2026-05-26T12:51:22.262,152.043,3472,STOP,0.003064,0.003036,-7e-06,0.8,0.0,0.0,L,0,0,-0.0,0.0,-0.0,0.0
2026-05-26T12:51:22.288,152.069,3473,STOP,0.002996,0.003028,8e-06,0.8,0.0,0.0,L,0,0,-0.0,0.0,-0.0,0.0
2026-05-26T12:51:22.323,152.104,3474,STOP,0.00318,0.003059,-3e-05,0.8,0.0,0.0,L,0,0,-0.0,0.0,-0.0,0.0
2026-05-26T12:51:22.355,152.136,3475,STOP,0.00332,0.003111,-5.2e-05,0.8,0.0,0.0,L,0,0,-0.0,0.0,-0.0,0.0
2026-05-26T12:51:22.386,152.167,3476,STOP,0.003306,0.00315,-3.9e-05,0.8,0.0,0.0,L,0,0,-0.0,0.0,-0.0,0.0
2026-05-26T12:51:22.418,152.199,3477,STOP,0.003556,0.003231,-8.1e-05,0.8,0.0,0.0,L,0,0,-0.0,0.0,-0.0,0.0
2026-05-26T12:51:22.465,152.247,3478,STOP,0.004449,0.003475,-0.000244,0.8,0.0,0.0,L,0,0,-0.0,0.0,-0.0,0.0
2026-05-26T12:51:22.503,152.284,3479,STOP,0.004502,0.00368,-0.000206,0.8,0.0,0.0,L,0,0,-0.0,0.0,-0.0,0.0
2026-05-26T12:51:22.532,152.313,3480,STOP,0.004559,0.003856,-0.000176,0.8,0.0,0.0,L,0,0,-0.0,0.0,-0.0,0.0
2026-05-26T12:51:22.583,152.364,3481,STOP,0.004453,0.003975,-0.000119,0.8,0.0,0.0,L,0,0,-0.0,0.0,-0.0,0.0
2026-05-26T12:51:22.617,152.398,3482,STOP,0.004223,0.004025,-5e-05,0.8,0.0,0.0,L,0,0,-0.0,0.0,-0.0,0.0
2026-05-26T12:51:22.656,152.437,3483,STOP,0.003366,0.003893,0.000132,0.8,0.0,0.0,L,0,0,-0.0,0.0,-0.0,0.0
2026-05-26T12:51:22.680,152.461,3484,STOP,0.003509,0.003816,7.7e-05,0.8,0.0,0.0,L,0,0,-0.0,0.0,-0.0,0.0
2026-05-26T12:51:22.722,152.503,3485,STOP,0.003304,0.003714,0.000103,0.8,0.0,0.0,L,0,0,-0.0,0.0,-0.0,0.0
2026-05-26T12:51:22.762,152.543,3486,STOP,0.003227,0.003616,9.7e-05,0.8,0.0,0.0,L,0,0,-0.0,0.0,-0.0,0.0
2026-05-26T12:51:22.820,152.601,3487,STOP,0.003408,0.003575,4.2e-05,0.8,0.0,0.0,L,0,0,-0.0,0.0,-0.0,0.0
2026-05-26T12:51:22.862,152.643,3488,STOP,0.003254,0.003511,6.4e-05,0.8,0.0,0.0,L,0,0,-0.0,0.0,-0.0,0.0
2026-05-26T12:51:22.914,152.695,3489,STOP,0.003496,0.003508,3e-06,0.8,0.0,0.0,L,0,0,-0.0,0.0,-0.0,0.0
2026-05-26T12:51:22.968,152.749,3490,STOP,0.004039,0.003614,-0.000106,0.8,0.0,0.0,L,0,0,-0.0,0.0,-0.0,0.0
2026-05-26T12:51:23.017,152.798,3491,STOP,0.003841,0.003659,-4.5e-05,0.8,0.0,0.0,L,0,0,-0.0,0.0,-0.0,0.0
2026-05-26T12:51:23.060,152.841,3492,STOP,0.003374,0.003602,5.7e-05,0.8,0.0,0.0,L,0,0,-0.0,0.0,-0.0,0.0
2026-05-26T12:51:23.112,152.893,3493,STOP,0.003859,0.003654,-5.1e-05,0.8,0.0,0.0,L,0,0,-0.0,0.0,-0.0,0.0
2026-05-26T12:51:23.166,152.947,3494,STOP,0.003288,0.003581,7.3e-05,0.8,0.0,0.0,L,0,0,-0.0,0.0,-0.0,0.0
2026-05-26T12:51:23.200,152.981,3495,STOP,0.003221,0.003509,7.2e-05,0.8,0.0,0.0,L,0,0,-0.0,0.0,-0.0,0.0
2026-05-26T12:51:23.236,153.017,3496,STOP,0.003199,0.003447,6.2e-05,0.8,0.0,0.0,L,0,0,-0.0,0.0,-0.0,0.0
2026-05-26T12:51:23.267,153.049,3497,STOP,0.003046,0.003367,8e-05,0.8,0.0,0.0,L,0,0,-0.0,0.0,-0.0,0.0
2026-05-26T12:51:23.304,153.085,3498,STOP,0.002956,0.003285,8.2e-05,0.8,0.0,0.0,L,0,0,-0.0,0.0,-0.0,0.0
2026-05-26T12:51:23.343,153.124,3499,STOP,0.002706,0.003169,0.000116,0.8,0.0,0.0,L,0,0,-0.0,0.0,-0.0,0.0
2026-05-26T12:51:23.405,153.187,3500,STOP,0.002505,0.003036,0.000133,0.8,0.0,0.0,L,0,0,-0.0,0.0,-0.0,0.0
2026-05-26T12:51:23.450,153.231,3501,STOP,0.002597,0.002948,8.8e-05,0.8,0.0,0.0,L,0,0,-0.0,0.0,-0.0,0.0
2026-05-26T12:51:23.479,153.26,3502,STOP,0.002474,0.002853,9.5e-05,0.8,0.0,0.0,L,0,0,-0.0,0.0,-0.0,0.0
2026-05-26T12:51:23.516,153.298,3503,STOP,0.002512,0.002785,6.8e-05,0.8,0.0,0.0,L,0,0,-0.0,0.0,-0.0,0.0
2026-05-26T12:51:23.550,153.331,3504,STOP,0.002276,0.002683,0.000102,0.8,0.0,0.0,L,0,0,-0.0,0.0,-0.0,0.0
2026-05-26T12:51:23.586,153.367,3505,STOP,0.002282,0.002603,8e-05,0.8,0.0,0.0,L,0,0,-0.0,0.0,-0.0,0.0
2026-05-26T12:51:23.647,153.428,3506,STOP,0.002057,0.002494,0.000109,0.8,0.0,0.0,L,0,0,-0.0,0.0,-0.0,0.0
2026-05-26T12:51:23.692,153.473,3507,STOP,0.002045,0.002404,9e-05,0.8,0.0,0.0,L,0,0,-0.0,0.0,-0.0,0.0
2026-05-26T12:51:23.730,153.511,3508,STOP,0.002169,0.002357,4.7e-05,0.8,0.0,0.0,L,0,0,-0.0,0.0,-0.0,0.0
2026-05-26T12:51:23.768,153.549,3509,STOP,0.002165,0.002319,3.8e-05,0.8,0.0,0.0,L,0,0,-0.0,0.0,-0.0,0.0
2026-05-26T12:51:23.800,153.581,3510,STOP,0.002049,0.002265,5.4e-05,0.8,0.0,0.0,L,0,0,-0.0,0.0,-0.0,0.0
2026-05-26T12:51:23.829,153.611,3511,STOP,0.002077,0.002227,3.8e-05,0.8,0.0,0.0,L,0,0,-0.0,0.0,-0.0,0.0
2026-05-26T12:51:23.880,153.661,3512,STOP,0.001971,0.002176,5.1e-05,0.8,0.0,0.0,L,0,0,-0.0,0.0,-0.0,0.0
2026-05-26T12:51:23.934,153.715,3513,STOP,0.00169,0.002079,9.7e-05,0.8,0.0,0.0,L,0,0,-0.0,0.0,-0.0,0.0
2026-05-26T12:51:23.994,153.775,3514,STOP,0.00181,0.002025,5.4e-05,0.8,0.0,0.0,L,0,0,-0.0,0.0,-0.0,0.0
2026-05-26T12:51:24.030,153.811,3515,STOP,0.001658,0.001952,7.3e-05,0.8,0.0,0.0,L,0,0,-0.0,0.0,-0.0,0.0
2026-05-26T12:51:24.080,153.861,3516,STOP,0.001658,0.001893,5.9e-05,0.8,0.0,0.0,L,0,0,-0.0,0.0,-0.0,0.0
2026-05-26T12:51:24.124,153.905,3517,STOP,0.001841,0.001883,1e-05,0.8,0.0,0.0,L,0,0,-0.0,0.0,-0.0,0.0
2026-05-26T12:51:24.158,153.939,3518,STOP,0.001868,0.00188,3e-06,0.8,0.0,0.0,L,0,0,-0.0,0.0,-0.0,0.0
2026-05-26T12:51:24.203,153.984,3519,STOP,0.001837,0.001871,9e-06,0.8,0.0,0.0,L,0,0,-0.0,0.0,-0.0,0.0
2026-05-26T12:51:24.233,154.015,3520,STOP,0.002122,0.001921,-5e-05,0.8,0.0,0.0,L,0,0,-0.0,0.0,-0.0,0.0
2026-05-26T12:51:24.268,154.049,3521,STOP,0.002399,0.002017,-9.5e-05,0.8,0.0,0.0,L,0,0,-0.0,0.0,-0.0,0.0
2026-05-26T12:51:24.335,154.116,3522,STOP,0.002648,0.002143,-0.000126,0.8,0.0,0.0,L,0,0,-0.0,0.0,-0.0,0.0
2026-05-26T12:51:24.387,154.168,3523,STOP,0.002876,0.002289,-0.000147,0.8,0.0,0.0,L,0,0,-0.0,0.0,-0.0,0.0
2026-05-26T12:51:24.423,154.205,3524,STOP,0.003055,0.002443,-0.000153,0.8,0.0,0.0,L,0,0,-0.0,0.0,-0.0,0.0
2026-05-26T12:51:24.437,154.218,3525,STOP,0.003094,0.002573,-0.00013,0.8,0.0,0.0,L,0,0,-0.0,0.0,-0.0,0.0
2026-05-26T12:51:24.501,154.283,3526,STOP,0.002862,0.002631,-5.8e-05,0.8,0.0,0.0,L,0,0,-0.0,0.0,-0.0,0.0
2026-05-26T12:51:24.548,154.329,3527,STOP,0.002719,0.002648,-1.8e-05,0.8,0.0,0.0,L,0,0,-0.0,0.0,-0.0,0.0
2026-05-26T12:51:24.581,154.362,3528,STOP,0.002317,0.002582,6.6e-05,0.8,0.0,0.0,L,0,0,-0.0,0.0,-0.0,0.0
2026-05-26T12:51:24.625,154.406,3529,STOP,0.002224,0.00251,7.2e-05,0.8,0.0,0.0,L,0,0,-0.0,0.0,-0.0,0.0
2026-05-26T12:51:24.654,154.435,3530,STOP,0.001926,0.002394,0.000117,0.8,0.0,0.0,L,0,0,-0.0,0.0,-0.0,0.0
2026-05-26T12:51:24.691,154.473,3531,STOP,0.002184,0.002352,4.2e-05,0.8,0.0,0.0,L,0,0,-0.0,0.0,-0.0,0.0
2026-05-26T12:51:24.715,154.496,3532,STOP,0.001958,0.002273,7.9e-05,0.8,0.0,0.0,L,0,0,-0.0,0.0,-0.0,0.0
2026-05-26T12:51:24.753,154.534,3533,STOP,0.002096,0.002238,3.5e-05,0.8,0.0,0.0,L,0,0,-0.0,0.0,-0.0,0.0
2026-05-26T12:51:24.810,154.591,3534,STOP,0.00172,0.002134,0.000104,0.8,0.0,0.0,L,0,0,-0.0,0.0,-0.0,0.0
2026-05-26T12:51:24.831,154.612,3535,STOP,0.001834,0.002074,6e-05,0.8,0.0,0.0,L,0,0,-0.0,0.0,-0.0,0.0
2026-05-26T12:51:24.891,154.672,3536,STOP,0.001744,0.002008,6.6e-05,0.8,0.0,0.0,L,0,0,-0.0,0.0,-0.0,0.0
2026-05-26T12:51:24.922,154.703,3537,STOP,0.001768,0.00196,4.8e-05,0.8,0.0,0.0,L,0,0,-0.0,0.0,-0.0,0.0
2026-05-26T12:51:24.943,154.725,3538,STOP,0.001774,0.001923,3.7e-05,0.8,0.0,0.0,L,0,0,-0.0,0.0,-0.0,0.0
2026-05-26T12:51:24.973,154.754,3539,STOP,0.002357,0.00201,-8.7e-05,0.8,0.0,0.0,L,0,0,-0.0,0.0,-0.0,0.0
2026-05-26T12:51:24.995,154.776,3540,STOP,0.002171,0.002042,-3.2e-05,0.8,0.0,0.0,L,0,0,-0.0,0.0,-0.0,0.0
2026-05-26T12:51:25.067,154.848,3541,STOP,0.002483,0.00213,-8.8e-05,0.8,0.0,0.0,L,0,0,-0.0,0.0,-0.0,0.0
2026-05-26T12:51:25.097,154.878,3542,STOP,0.002585,0.002221,-9.1e-05,0.8,0.0,0.0,L,0,0,-0.0,0.0,-0.0,0.0
2026-05-26T12:51:25.122,154.904,3543,STOP,0.003011,0.002379,-0.000158,0.8,0.0,0.0,L,0,0,-0.0,0.0,-0.0,0.0
2026-05-26T12:51:25.174,154.955,3544,STOP,0.003405,0.002584,-0.000205,0.8,0.0,0.0,L,0,0,-0.0,0.0,-0.0,0.0
2026-05-26T12:51:25.215,154.996,3545,STOP,0.004141,0.002896,-0.000311,0.8,0.0,0.0,L,0,0,-0.0,0.0,-0.0,0.0
2026-05-26T12:51:25.240,155.021,3546,STOP,0.006449,0.003606,-0.000711,0.8,0.0,0.0,L,0,0,-0.0,0.0,-0.0,0.0
2026-05-26T12:51:25.297,155.079,3547,STOP,0.017133,0.006312,-0.002705,0.8,0.0,0.0,L,0,0,-0.0,0.0,-0.0,0.0
2026-05-26T12:51:25.339,155.12,3548,STOP,0.028521,0.010753,-0.004442,0.8,0.0,0.0,L,0,0,-0.0,0.0,-0.0,0.0
2026-05-26T12:51:25.402,155.183,3549,STOP,0.077847,0.024172,-0.013419,0.8,0.0,0.0,L,0,0,-0.0,0.0,-0.0,0.0
2026-05-26T12:51:25.432,155.213,3550,STOP,0.101592,0.039656,-0.015484,0.8,0.0,0.0,L,0,0,-0.0,0.0,-0.0,0.0
2026-05-26T12:51:25.476,155.257,3551,STOP,0.111558,0.054036,-0.01438,0.8,0.0,0.0,M,0,0,-0.0,0.0,-0.0,0.0
2026-05-26T12:51:25.519,155.3,3552,STOP,0.119305,0.06709,-0.013054,0.8,0.0,0.0,M,0,0,-0.0,0.0,-0.0,0.0
2026-05-26T12:51:25.566,155.347,3553,STOP,0.13997,0.081666,-0.014576,0.8,0.0,0.0,M,0,0,-0.0,0.0,-0.0,0.0
2026-05-26T12:51:25.600,155.381,3554,STOP,0.149405,0.095214,-0.013548,0.8,0.0,0.0,M,0,0,-0.0,0.0,-0.0,0.0
2026-05-26T12:51:25.629,155.41,3555,STOP,0.197878,0.115747,-0.020533,0.8,0.0,0.0,M,0,0,-0.0,0.0,-0.0,0.0
2026-05-26T12:51:25.672,155.453,3556,STOP,0.207953,0.134188,-0.018441,0.8,0.0,0.0,M,0,0,-0.0,0.0,-0.0,0.0
2026-05-26T12:51:25.719,155.501,3557,STOP,0.216605,0.150672,-0.016483,0.8,0.0,0.0,H,0,0,-0.0,0.0,-0.0,0.0
2026-05-26T12:51:25.773,155.554,3558,STOP,0.231563,0.16685,-0.016178,0.8,0.0,0.0,H,0,0,-0.0,0.0,-0.0,0.0
2026-05-26T12:51:25.821,155.603,3559,STOP,0.232892,0.180058,-0.013208,0.8,0.0,0.0,H,0,0,-0.0,0.0,-0.0,0.0
2026-05-26T12:51:25.841,155.623,3560,STOP,0.249627,0.193972,-0.013914,0.8,0.0,0.0,H,0,0,-0.0,0.0,-0.0,0.0
2026-05-26T12:51:25.883,155.665,3561,STOP,0.240653,0.203308,-0.009336,0.8,0.0,0.0,H,0,0,-0.0,0.0,-0.0,0.0
2026-05-26T12:51:25.910,155.691,3562,STOP,0.217596,0.206166,-0.002858,0.8,0.0,0.0,H,0,0,-0.0,0.0,-0.0,0.0
2026-05-26T12:51:25.959,155.74,3563,STOP,0.170292,0.198991,0.007175,0.8,0.0,0.0,H,0,0,-0.0,0.0,-0.0,0.0
2026-05-26T12:51:25.980,155.761,3564,STOP,0.158848,0.190962,0.008029,0.8,0.0,0.0,H,0,0,-0.0,0.0,-0.0,0.0
2026-05-26T12:51:26.018,155.799,3565,STOP,0.122368,0.177243,0.013719,0.8,0.0,0.0,H,0,0,-0.0,0.0,-0.0,0.0
2026-05-26T12:51:26.064,155.845,3566,STOP,0.1106,0.163915,0.013329,0.8,0.0,0.0,H,0,0,-0.0,0.0,-0.0,0.0
2026-05-26T12:51:26.104,155.885,3567,STOP,0.103262,0.151784,0.012131,0.8,0.0,0.0,H,0,0,-0.0,0.0,-0.0,0.0
2026-05-26T12:51:26.155,155.936,3568,STOP,0.090128,0.139453,0.012331,0.8,0.0,0.0,M,0,0,-0.0,0.0,-0.0,0.0
2026-05-26T12:51:26.191,155.973,3569,STOP,0.086314,0.128825,0.010628,0.8,0.0,0.0,M,0,0,-0.0,0.0,-0.0,0.0
2026-05-26T12:51:26.208,155.99,3570,STOP,0.085657,0.120192,0.008634,0.8,0.0,0.0,M,0,0,-0.0,0.0,-0.0,0.0
2026-05-26T12:51:26.247,156.028,3571,STOP,0.08707,0.113567,0.006624,0.8,0.0,0.0,M,0,0,-0.0,0.0,-0.0,0.0
2026-05-26T12:51:26.276,156.057,3572,STOP,0.085035,0.107861,0.005706,0.8,0.0,0.0,M,0,0,-0.0,0.0,-0.0,0.0
2026-05-26T12:51:26.305,156.087,3573,STOP,0.083573,0.103003,0.004857,0.8,0.0,0.0,M,0,0,-0.0,0.0,-0.0,0.0
2026-05-26T12:51:26.344,156.125,3574,STOP,0.087486,0.0999,0.003103,0.8,0.0,0.0,M,0,0,-0.0,0.0,-0.0,0.0
2026-05-26T12:51:26.395,156.176,3575,STOP,0.083896,0.096699,0.003201,0.8,0.0,0.0,M,0,0,-0.0,0.0,-0.0,0.0
2026-05-26T12:51:26.436,156.218,3576,STOP,0.067019,0.090763,0.005936,0.8,0.0,0.0,M,0,0,-0.0,0.0,-0.0,0.0
2026-05-26T12:51:26.491,156.273,3577,STOP,0.061654,0.084941,0.005822,0.8,0.0,0.0,M,0,0,-0.0,0.0,-0.0,0.0
2026-05-26T12:51:26.538,156.319,3578,STOP,0.068247,0.081602,0.003339,0.8,0.0,0.0,M,0,0,-0.0,0.0,-0.0,0.0
2026-05-26T12:51:26.571,156.352,3579,STOP,0.058488,0.076979,0.004623,0.8,0.0,0.0,M,0,0,-0.0,0.0,-0.0,0.0
2026-05-26T12:51:26.611,156.393,3580,STOP,0.053089,0.072201,0.004778,0.8,0.0,0.0,M,0,0,-0.0,0.0,-0.0,0.0
2026-05-26T12:51:26.670,156.452,3581,STOP,0.050952,0.067952,0.00425,0.8,0.0,0.0,M,0,0,-0.0,0.0,-0.0,0.0
2026-05-26T12:51:26.706,156.488,3582,STOP,0.051301,0.064621,0.00333,0.8,0.0,0.0,M,0,0,-0.0,0.0,-0.0,0.0
2026-05-26T12:51:26.762,156.544,3583,STOP,0.040746,0.059846,0.004775,0.8,0.0,0.0,M,0,0,-0.0,0.0,-0.0,0.0
2026-05-26T12:51:26.813,156.595,3584,STOP,0.043922,0.056662,0.003185,0.8,0.0,0.0,M,0,0,-0.0,0.0,-0.0,0.0
2026-05-26T12:51:26.884,156.665,3585,STOP,0.04755,0.054839,0.001822,0.8,0.0,0.0,M,0,0,-0.0,0.0,-0.0,0.0
2026-05-26T12:51:26.924,156.705,3586,STOP,0.035538,0.050979,0.00386,0.8,0.0,0.0,M,0,0,-0.0,0.0,-0.0,0.0
2026-05-26T12:51:26.961,156.743,3587,STOP,0.04425,0.049633,0.001346,0.8,0.0,0.0,L,0,0,-0.0,0.0,-0.0,0.0
2026-05-26T12:51:27.004,156.785,3588,STOP,0.034941,0.046695,0.002939,0.8,0.0,0.0,L,0,0,-0.0,0.0,-0.0,0.0
2026-05-26T12:51:27.036,156.818,3589,STOP,0.034565,0.044269,0.002426,0.8,0.0,0.0,L,0,0,-0.0,0.0,-0.0,0.0
2026-05-26T12:51:27.071,156.852,3590,STOP,0.033483,0.042112,0.002157,0.8,0.0,0.0,L,0,0,-0.0,0.0,-0.0,0.0
2026-05-26T12:51:27.110,156.891,3591,STOP,0.035496,0.040788,0.001323,0.8,0.0,0.0,L,0,0,-0.0,0.0,-0.0,0.0
2026-05-26T12:51:27.131,156.912,3592,STOP,0.030907,0.038812,0.001976,0.8,0.0,0.0,L,0,0,-0.0,0.0,-0.0,0.0
2026-05-26T12:51:27.185,156.966,3593,STOP,0.031696,0.037389,0.001423,0.8,0.0,0.0,L,0,0,-0.0,0.0,-0.0,0.0
2026-05-26T12:51:27.223,157.005,3594,STOP,0.031906,0.036292,0.001097,0.8,0.0,0.0,L,0,0,-0.0,0.0,-0.0,0.0
2026-05-26T12:51:27.271,157.052,3595,STOP,0.030799,0.035194,0.001099,0.8,0.0,0.0,L,0,0,-0.0,0.0,-0.0,0.0
2026-05-26T12:51:27.326,157.107,3596,STOP,0.027609,0.033677,0.001517,0.8,0.0,0.0,L,0,0,-0.0,0.0,-0.0,0.0
2026-05-26T12:51:27.369,157.151,3597,STOP,0.027605,0.032463,0.001214,0.8,0.0,0.0,L,0,0,-0.0,0.0,-0.0,0.0
2026-05-26T12:51:27.399,157.18,3598,STOP,0.025749,0.03112,0.001343,0.8,0.0,0.0,L,0,0,-0.0,0.0,-0.0,0.0
2026-05-26T12:51:27.445,157.226,3599,STOP,0.024652,0.029826,0.001294,0.8,0.0,0.0,L,0,0,-0.0,0.0,-0.0,0.0
2026-05-26T12:51:27.491,157.272,3600,STOP,0.022296,0.02832,0.001506,0.8,0.0,0.0,L,0,0,-0.0,0.0,-0.0,0.0
2026-05-26T12:51:27.525,157.306,3601,STOP,0.023495,0.027355,0.000965,0.8,0.0,0.0,L,0,0,-0.0,0.0,-0.0,0.0
2026-05-26T12:51:27.559,157.34,3602,STOP,0.022702,0.026425,0.000931,0.8,0.0,0.0,L,0,0,-0.0,0.0,-0.0,0.0
2026-05-26T12:51:27.595,157.376,3603,STOP,0.02253,0.025646,0.000779,0.8,0.0,0.0,L,0,0,-0.0,0.0,-0.0,0.0
2026-05-26T12:51:27.630,157.411,3604,STOP,0.021675,0.024851,0.000794,0.8,0.0,0.0,L,0,0,-0.0,0.0,-0.0,0.0
2026-05-26T12:51:27.669,157.451,3605,STOP,0.018587,0.023598,0.001253,0.8,0.0,0.0,L,0,0,-0.0,0.0,-0.0,0.0
2026-05-26T12:51:27.709,157.49,3606,STOP,0.01177,0.021233,0.002366,0.8,0.0,0.0,L,0,0,-0.0,0.0,-0.0,0.0
2026-05-26T12:51:27.754,157.535,3607,STOP,0.014794,0.019945,0.001288,0.8,0.0,0.0,L,0,0,-0.0,0.0,-0.0,0.0
2026-05-26T12:51:27.796,157.577,3608,STOP,0.013464,0.018649,0.001296,0.8,0.0,0.0,L,0,0,-0.0,0.0,-0.0,0.0
2026-05-26T12:51:27.841,157.623,3609,STOP,0.013358,0.017591,0.001058,0.8,0.0,0.0,L,0,0,-0.0,0.0,-0.0,0.0
2026-05-26T12:51:27.901,157.683,3610,STOP,0.012961,0.016665,0.000926,0.8,0.0,0.0,L,0,0,-0.0,0.0,-0.0,0.0
2026-05-26T12:51:27.936,157.717,3611,STOP,0.022419,0.017815,-0.001151,0.8,0.0,0.0,L,0,0,-0.0,0.0,-0.0,0.0
2026-05-26T12:51:27.981,157.762,3612,STOP,0.012203,0.016693,0.001123,0.8,0.0,0.0,L,0,0,-0.0,0.0,-0.0,0.0
2026-05-26T12:51:27.999,157.78,3613,STOP,0.012271,0.015809,0.000884,0.8,0.0,0.0,L,0,0,-0.0,0.0,-0.0,0.0
2026-05-26T12:51:28.043,157.825,3614,STOP,0.011871,0.015021,0.000788,0.8,0.0,0.0,L,0,0,-0.0,0.0,-0.0,0.0
2026-05-26T12:51:28.070,157.851,3615,STOP,0.011965,0.01441,0.000611,0.8,0.0,0.0,L,0,0,-0.0,0.0,-0.0,0.0
2026-05-26T12:51:28.115,157.897,3616,STOP,0.002185,0.011965,0.002445,0.8,0.0,0.0,L,0,0,-0.0,0.0,-0.0,0.0
2026-05-26T12:51:28.171,157.952,3617,STOP,0.001982,0.009968,0.001996,0.8,0.0,0.0,L,0,0,-0.0,0.0,-0.0,0.0
2026-05-26T12:51:28.198,157.979,3618,STOP,0.002099,0.008395,0.001574,0.8,0.0,0.0,L,0,0,-0.0,0.0,-0.0,0.0
2026-05-26T12:51:28.251,158.033,3619,STOP,0.002003,0.007116,0.001278,0.8,0.0,0.0,L,0,0,-0.0,0.0,-0.0,0.0
2026-05-26T12:51:28.282,158.063,3620,STOP,0.001931,0.006079,0.001037,0.8,0.0,0.0,L,0,0,-0.0,0.0,-0.0,0.0
2026-05-26T12:51:28.324,158.105,3621,STOP,0.001937,0.005251,0.000829,0.8,0.0,0.0,L,0,0,-0.0,0.0,-0.0,0.0
2026-05-26T12:51:28.365,158.147,3622,STOP,0.00193,0.004587,0.000664,0.8,0.0,0.0,L,0,0,-0.0,0.0,-0.0,0.0
2026-05-26T12:51:28.420,158.201,3623,STOP,0.002003,0.00407,0.000517,0.8,0.0,0.0,L,0,0,-0.0,0.0,-0.0,0.0
2026-05-26T12:51:28.465,158.246,3624,STOP,0.002053,0.003666,0.000403,0.8,0.0,0.0,L,0,0,-0.0,0.0,-0.0,0.0
2026-05-26T12:51:28.514,158.295,3625,STOP,0.002025,0.003338,0.000328,0.8,0.0,0.0,L,0,0,-0.0,0.0,-0.0,0.0
2026-05-26T12:51:28.579,158.36,3626,STOP,0.002521,0.003175,0.000163,0.8,0.0,0.0,L,0,0,-0.0,0.0,-0.0,0.0
2026-05-26T12:51:28.620,158.401,3627,STOP,0.00202,0.002944,0.000231,0.8,0.0,0.0,L,0,0,-0.0,0.0,-0.0,0.0
2026-05-26T12:51:28.651,158.432,3628,STOP,0.002245,0.002804,0.00014,0.8,0.0,0.0,L,0,0,-0.0,0.0,-0.0,0.0
2026-05-26T12:51:28.689,158.471,3629,STOP,0.002156,0.002674,0.00013,0.8,0.0,0.0,L,0,0,-0.0,0.0,-0.0,0.0
2026-05-26T12:51:28.731,158.512,3630,STOP,0.002206,0.002581,9.4e-05,0.8,0.0,0.0,L,0,0,-0.0,0.0,-0.0,0.0
2026-05-26T12:51:28.776,158.557,3631,STOP,0.002395,0.002544,3.7e-05,0.8,0.0,0.0,L,0,0,-0.0,0.0,-0.0,0.0
2026-05-26T12:51:28.815,158.596,3632,STOP,0.002157,0.002466,7.7e-05,0.8,0.0,0.0,L,0,0,-0.0,0.0,-0.0,0.0
2026-05-26T12:51:28.872,158.653,3633,STOP,0.002293,0.002432,3.5e-05,0.8,0.0,0.0,L,0,0,-0.0,0.0,-0.0,0.0
2026-05-26T12:51:28.925,158.706,3634,STOP,0.002616,0.002468,-3.7e-05,0.8,0.0,0.0,L,0,0,-0.0,0.0,-0.0,0.0
2026-05-26T12:51:28.981,158.762,3635,STOP,0.002132,0.002401,6.7e-05,0.8,0.0,0.0,L,0,0,-0.0,0.0,-0.0,0.0
2026-05-26T12:51:29.051,158.833,3636,STOP,0.002305,0.002382,1.9e-05,0.8,0.0,0.0,L,0,0,-0.0,0.0,-0.0,0.0
2026-05-26T12:51:29.097,158.878,3637,STOP,0.001898,0.002285,9.7e-05,0.8,0.0,0.0,L,0,0,-0.0,0.0,-0.0,0.0
2026-05-26T12:51:29.152,158.933,3638,STOP,0.001759,0.00218,0.000105,0.8,0.0,0.0,L,0,0,-0.0,0.0,-0.0,0.0
2026-05-26T12:51:29.199,158.981,3639,STOP,0.002396,0.002223,-4.3e-05,0.8,0.0,0.0,L,0,0,-0.0,0.0,-0.0,0.0
2026-05-26T12:51:29.237,159.019,3640,STOP,0.001991,0.002177,4.6e-05,0.8,0.0,0.0,L,0,0,-0.0,0.0,-0.0,0.0
2026-05-26T12:51:29.261,159.042,3641,STOP,0.001966,0.002135,4.2e-05,0.8,0.0,0.0,L,0,0,-0.0,0.0,-0.0,0.0
2026-05-26T12:51:29.291,159.072,3642,STOP,0.002054,0.002119,1.6e-05,0.8,0.0,0.0,L,0,0,-0.0,0.0,-0.0,0.0
2026-05-26T12:51:29.328,159.109,3643,STOP,0.001873,0.002069,4.9e-05,0.8,0.0,0.0,L,0,0,-0.0,0.0,-0.0,0.0
2026-05-26T12:51:29.375,159.156,3644,STOP,0.001989,0.002053,1.6e-05,0.8,0.0,0.0,L,0,0,-0.0,0.0,-0.0,0.0
2026-05-26T12:51:29.455,159.236,3645,STOP,0.001893,0.002021,3.2e-05,0.8,0.0,0.0,L,0,0,-0.0,0.0,-0.0,0.0
2026-05-26T12:51:29.475,159.256,3646,STOP,0.001841,0.001985,3.6e-05,0.8,0.0,0.0,L,0,0,-0.0,0.0,-0.0,0.0
2026-05-26T12:51:29.519,159.301,3647,STOP,0.002023,0.001993,-8e-06,0.8,0.0,0.0,L,0,0,-0.0,0.0,-0.0,0.0
2026-05-26T12:51:29.558,159.339,3648,STOP,0.00217,0.002028,-3.5e-05,0.8,0.0,0.0,L,0,0,-0.0,0.0,-0.0,0.0
2026-05-26T12:51:29.643,159.424,3649,STOP,0.002547,0.002132,-0.000104,0.8,0.0,0.0,L,0,0,-0.0,0.0,-0.0,0.0
2026-05-26T12:51:29.675,159.456,3650,STOP,0.002723,0.00225,-0.000118,0.8,0.0,0.0,L,0,0,-0.0,0.0,-0.0,0.0
2026-05-26T12:51:29.696,159.477,3651,STOP,0.002552,0.00231,-6e-05,0.8,0.0,0.0,L,0,0,-0.0,0.0,-0.0,0.0
2026-05-26T12:51:29.735,159.516,3652,STOP,0.002863,0.002421,-0.000111,0.8,0.0,0.0,L,0,0,-0.0,0.0,-0.0,0.0
2026-05-26T12:51:29.764,159.545,3653,STOP,0.002838,0.002504,-8.3e-05,0.8,0.0,0.0,L,0,0,-0.0,0.0,-0.0,0.0
2026-05-26T12:51:29.807,159.589,3654,STOP,0.002811,0.002566,-6.1e-05,0.8,0.0,0.0,L,0,0,-0.0,0.0,-0.0,0.0
2026-05-26T12:51:29.835,159.616,3655,STOP,0.002713,0.002595,-2.9e-05,0.8,0.0,0.0,L,0,0,-0.0,0.0,-0.0,0.0
2026-05-26T12:51:29.875,159.656,3656,STOP,0.002907,0.002657,-6.2e-05,0.8,0.0,0.0,L,0,0,-0.0,0.0,-0.0,0.0
2026-05-26T12:51:29.908,159.689,3657,STOP,0.003254,0.002777,-0.000119,0.8,0.0,0.0,L,0,0,-0.0,0.0,-0.0,0.0
2026-05-26T12:51:29.949,159.73,3658,STOP,0.003059,0.002833,-5.6e-05,0.8,0.0,0.0,L,0,0,-0.0,0.0,-0.0,0.0
2026-05-26T12:51:30.006,159.787,3659,STOP,0.003065,0.002879,-4.6e-05,0.8,0.0,0.0,L,0,0,-0.0,0.0,-0.0,0.0
2026-05-26T12:51:30.049,159.83,3660,STOP,0.003037,0.002911,-3.1e-05,0.8,0.0,0.0,L,0,0,-0.0,0.0,-0.0,0.0
2026-05-26T12:51:30.070,159.851,3661,STOP,0.00295,0.002919,-8e-06,0.8,0.0,0.0,L,0,0,-0.0,0.0,-0.0,0.0
2026-05-26T12:51:30.111,159.892,3662,STOP,0.002808,0.002897,2.2e-05,0.8,0.0,0.0,L,0,0,-0.0,0.0,-0.0,0.0
2026-05-26T12:51:30.131,159.913,3663,STOP,0.002741,0.002866,3.1e-05,0.8,0.0,0.0,L,0,0,-0.0,0.0,-0.0,0.0
2026-05-26T12:51:30.177,159.958,3664,STOP,0.002392,0.002771,9.5e-05,0.8,0.0,0.0,L,0,0,-0.0,0.0,-0.0,0.0
2026-05-26T12:51:30.221,160.002,3665,STOP,0.002326,0.002682,8.9e-05,0.8,0.0,0.0,L,0,0,-0.0,0.0,-0.0,0.0
2026-05-26T12:51:30.276,160.057,3666,STOP,0.002193,0.002584,9.8e-05,0.8,0.0,0.0,L,0,0,-0.0,0.0,-0.0,0.0
2026-05-26T12:51:30.323,160.104,3667,STOP,0.002277,0.002523,6.1e-05,0.8,0.0,0.0,L,0,0,-0.0,0.0,-0.0,0.0
2026-05-26T12:51:30.356,160.137,3668,STOP,0.002154,0.002449,7.4e-05,0.8,0.0,0.0,L,0,0,-0.0,0.0,-0.0,0.0
2026-05-26T12:51:30.390,160.171,3669,STOP,0.002071,0.002373,7.6e-05,0.8,0.0,0.0,L,0,0,-0.0,0.0,-0.0,0.0
2026-05-26T12:51:30.435,160.216,3670,STOP,0.002002,0.002299,7.4e-05,0.8,0.0,0.0,L,0,0,-0.0,0.0,-0.0,0.0
2026-05-26T12:51:30.473,160.254,3671,STOP,0.002007,0.00224,5.8e-05,0.8,0.0,0.0,L,0,0,-0.0,0.0,-0.0,0.0
2026-05-26T12:51:30.520,160.301,3672,STOP,0.001864,0.002165,7.5e-05,0.8,0.0,0.0,L,0,0,-0.0,0.0,-0.0,0.0
2026-05-26T12:51:30.546,160.327,3673,STOP,0.001903,0.002113,5.2e-05,0.8,0.0,0.0,L,0,0,-0.0,0.0,-0.0,0.0
2026-05-26T12:51:30.570,160.351,3674,STOP,0.001902,0.002071,4.2e-05,0.8,0.0,0.0,L,0,0,-0.0,0.0,-0.0,0.0
2026-05-26T12:51:30.618,160.399,3675,STOP,0.001762,0.002009,6.2e-05,0.8,0.0,0.0,L,0,0,-0.0,0.0,-0.0,0.0
2026-05-26T12:51:30.661,160.442,3676,STOP,0.001555,0.001918,9.1e-05,0.8,0.0,0.0,L,0,0,-0.0,0.0,-0.0,0.0
2026-05-26T12:51:30.703,160.484,3677,STOP,0.001663,0.001867,5.1e-05,0.8,0.0,0.0,L,0,0,-0.0,0.0,-0.0,0.0
2026-05-26T12:51:30.743,160.524,3678,STOP,0.001694,0.001832,3.5e-05,0.8,0.0,0.0,L,0,0,-0.0,0.0,-0.0,0.0
2026-05-26T12:51:30.791,160.572,3679,STOP,0.001592,0.001784,4.8e-05,0.8,0.0,0.0,L,0,0,-0.0,0.0,-0.0,0.0
2026-05-26T12:51:30.828,160.609,3680,STOP,0.001513,0.00173,5.4e-05,0.8,0.0,0.0,L,0,0,-0.0,0.0,-0.0,0.0
2026-05-26T12:51:30.880,160.661,3681,STOP,0.001568,0.001698,3.2e-05,0.8,0.0,0.0,L,0,0,-0.0,0.0,-0.0,0.0
2026-05-26T12:51:30.941,160.722,3682,STOP,0.001488,0.001656,4.2e-05,0.8,0.0,0.0,L,0,0,-0.0,0.0,-0.0,0.0
2026-05-26T12:51:30.973,160.754,3683,STOP,0.001486,0.001622,3.4e-05,0.8,0.0,0.0,L,0,0,-0.0,0.0,-0.0,0.0
2026-05-26T12:51:31.017,160.798,3684,STOP,0.001508,0.001599,2.3e-05,0.8,0.0,0.0,L,0,0,-0.0,0.0,-0.0,0.0
2026-05-26T12:51:31.055,160.836,3685,STOP,0.001437,0.001567,3.2e-05,0.8,0.0,0.0,L,0,0,-0.0,0.0,-0.0,0.0
2026-05-26T12:51:31.089,160.87,3686,STOP,0.001454,0.001544,2.3e-05,0.8,0.0,0.0,L,0,0,-0.0,0.0,-0.0,0.0
2026-05-26T12:51:31.121,160.902,3687,STOP,0.001554,0.001546,-2e-06,0.8,0.0,0.0,L,0,0,-0.0,0.0,-0.0,0.0
2026-05-26T12:51:31.163,160.944,3688,STOP,0.001444,0.001526,2e-05,0.8,0.0,0.0,L,0,0,-0.0,0.0,-0.0,0.0
2026-05-26T12:51:31.206,160.987,3689,STOP,0.001477,0.001516,1e-05,0.8,0.0,0.0,L,0,0,-0.0,0.0,-0.0,0.0
2026-05-26T12:51:31.251,161.032,3690,STOP,0.001333,0.001479,3.7e-05,0.8,0.0,0.0,L,0,0,-0.0,0.0,-0.0,0.0
2026-05-26T12:51:31.303,161.084,3691,STOP,0.001653,0.001514,-3.5e-05,0.8,0.0,0.0,L,0,0,-0.0,0.0,-0.0,0.0
2026-05-26T12:51:31.349,161.13,3692,STOP,0.001422,0.001496,1.8e-05,0.8,0.0,0.0,L,0,0,-0.0,0.0,-0.0,0.0
2026-05-26T12:51:31.403,161.185,3693,STOP,0.001329,0.001462,3.3e-05,0.8,0.0,0.0,L,0,0,-0.0,0.0,-0.0,0.0
2026-05-26T12:51:31.448,161.229,3694,STOP,0.001383,0.001446,1.6e-05,0.8,0.0,0.0,L,0,0,-0.0,0.0,-0.0,0.0
2026-05-26T12:51:31.516,161.297,3695,STOP,0.001409,0.001439,7e-06,0.8,0.0,0.0,L,0,0,-0.0,0.0,-0.0,0.0
2026-05-26T12:51:31.564,161.345,3696,STOP,0.001802,0.001512,-7.3e-05,0.8,0.0,0.0,L,0,0,-0.0,0.0,-0.0,0.0
2026-05-26T12:51:31.597,161.378,3697,STOP,0.001453,0.0015,1.2e-05,0.8,0.0,0.0,L,0,0,-0.0,0.0,-0.0,0.0
2026-05-26T12:51:31.629,161.41,3698,STOP,0.001432,0.001486,1.4e-05,0.8,0.0,0.0,L,0,0,-0.0,0.0,-0.0,0.0
2026-05-26T12:51:31.676,161.457,3699,STOP,0.001592,0.001507,-2.1e-05,0.8,0.0,0.0,L,0,0,-0.0,0.0,-0.0,0.0
2026-05-26T12:51:31.745,161.526,3700,STOP,0.001503,0.001506,1e-06,0.8,0.0,0.0,L,0,0,-0.0,0.0,-0.0,0.0
2026-05-26T12:51:31.778,161.559,3701,STOP,0.001639,0.001533,-2.7e-05,0.8,0.0,0.0,L,0,0,-0.0,0.0,-0.0,0.0
2026-05-26T12:51:31.815,161.596,3702,STOP,0.001515,0.001529,4e-06,0.8,0.0,0.0,L,0,0,-0.0,0.0,-0.0,0.0
2026-05-26T12:51:31.851,161.632,3703,STOP,0.001569,0.001537,-8e-06,0.8,0.0,0.0,L,0,0,-0.0,0.0,-0.0,0.0
2026-05-26T12:51:31.884,161.665,3704,STOP,0.001643,0.001558,-2.1e-05,0.8,0.0,0.0,L,0,0,-0.0,0.0,-0.0,0.0
2026-05-26T12:51:31.924,161.705,3705,STOP,0.001483,0.001543,1.5e-05,0.8,0.0,0.0,L,0,0,-0.0,0.0,-0.0,0.0
2026-05-26T12:51:31.955,161.736,3706,STOP,0.001474,0.00153,1.4e-05,0.8,0.0,0.0,L,0,0,-0.0,0.0,-0.0,0.0
2026-05-26T12:51:31.985,161.766,3707,STOP,0.00148,0.00152,1e-05,0.8,0.0,0.0,L,0,0,-0.0,0.0,-0.0,0.0
2026-05-26T12:51:32.021,161.802,3708,STOP,0.001383,0.001492,2.7e-05,0.8,0.0,0.0,L,0,0,-0.0,0.0,-0.0,0.0
2026-05-26T12:51:32.071,161.852,3709,STOP,0.001409,0.001476,1.7e-05,0.8,0.0,0.0,L,0,0,-0.0,0.0,-0.0,0.0
2026-05-26T12:51:32.111,161.892,3710,STOP,0.001686,0.001518,-4.2e-05,0.8,0.0,0.0,L,0,0,-0.0,0.0,-0.0,0.0
2026-05-26T12:51:32.153,161.934,3711,STOP,0.001375,0.001489,2.9e-05,0.8,0.0,0.0,L,0,0,-0.0,0.0,-0.0,0.0
2026-05-26T12:51:32.205,161.986,3712,STOP,0.001563,0.001504,-1.5e-05,0.8,0.0,0.0,L,0,0,-0.0,0.0,-0.0,0.0
2026-05-26T12:51:32.226,162.007,3713,STOP,0.001477,0.001498,5e-06,0.8,0.0,0.0,L,0,0,-0.0,0.0,-0.0,0.0
2026-05-26T12:51:32.285,162.066,3714,STOP,0.001513,0.001501,-3e-06,0.8,0.0,0.0,L,0,0,-0.0,0.0,-0.0,0.0
2026-05-26T12:51:32.325,162.106,3715,STOP,0.001566,0.001514,-1.3e-05,0.8,0.0,0.0,L,0,0,-0.0,0.0,-0.0,0.0
2026-05-26T12:51:32.363,162.144,3716,STOP,0.001657,0.001543,-2.9e-05,0.8,0.0,0.0,L,0,0,-0.0,0.0,-0.0,0.0
2026-05-26T12:51:32.387,162.168,3717,STOP,0.001557,0.001546,-3e-06,0.8,0.0,0.0,L,0,0,-0.0,0.0,-0.0,0.0
2026-05-26T12:51:32.435,162.216,3718,STOP,0.00798,0.002833,-0.001287,0.8,0.0,0.0,L,0,0,-0.0,0.0,-0.0,0.0
2026-05-26T12:51:32.508,162.29,3719,STOP,0.042467,0.010759,-0.007927,0.8,0.0,0.0,L,0,0,-0.0,0.0,-0.0,0.0
2026-05-26T12:51:32.549,162.331,3720,STOP,0.06131,0.02087,-0.01011,0.8,0.0,0.0,L,0,0,-0.0,0.0,-0.0,0.0
2026-05-26T12:51:32.611,162.392,3721,STOP,0.086832,0.034062,-0.013193,0.8,0.0,0.0,L,0,0,-0.0,0.0,-0.0,0.0
2026-05-26T12:51:32.653,162.434,3722,STOP,0.097426,0.046735,-0.012673,0.8,0.0,0.0,L,0,0,-0.0,0.0,-0.0,0.0
2026-05-26T12:51:32.699,162.48,3723,STOP,0.112588,0.059906,-0.013171,0.8,0.0,0.0,M,0,0,-0.0,0.0,-0.0,0.0
2026-05-26T12:51:32.743,162.524,3724,STOP,0.115255,0.070975,-0.01107,0.8,0.0,0.0,M,0,0,-0.0,0.0,-0.0,0.0
2026-05-26T12:51:32.775,162.556,3725,STOP,0.11946,0.080672,-0.009697,0.8,0.0,0.0,M,0,0,-0.0,0.0,-0.0,0.0
2026-05-26T12:51:32.819,162.6,3726,STOP,0.116488,0.087835,-0.007163,0.8,0.0,0.0,M,0,0,-0.0,0.0,-0.0,0.0
2026-05-26T12:51:32.853,162.634,3727,STOP,0.131533,0.096575,-0.00874,0.8,0.0,0.0,M,0,0,-0.0,0.0,-0.0,0.0
2026-05-26T12:51:32.909,162.691,3728,STOP,0.125964,0.102453,-0.005878,0.8,0.0,0.0,M,0,0,-0.0,0.0,-0.0,0.0
2026-05-26T12:51:32.936,162.718,3729,STOP,0.129085,0.107779,-0.005326,0.8,0.0,0.0,M,0,0,-0.0,0.0,-0.0,0.0
2026-05-26T12:51:32.996,162.778,3730,STOP,0.142666,0.114757,-0.006977,0.8,0.0,0.0,M,0,0,-0.0,0.0,-0.0,0.0
2026-05-26T12:51:33.041,162.823,3731,STOP,0.144961,0.120798,-0.006041,0.8,0.0,0.0,M,0,0,-0.0,0.0,-0.0,0.0
2026-05-26T12:51:33.107,162.888,3732,STOP,0.143994,0.125437,-0.004639,0.8,0.0,0.0,M,0,0,-0.0,0.0,-0.0,0.0
2026-05-26T12:51:33.168,162.949,3733,STOP,0.147479,0.129845,-0.004408,0.8,0.0,0.0,M,0,0,-0.0,0.0,-0.0,0.0
2026-05-26T12:51:33.215,162.996,3734,STOP,0.14699,0.133274,-0.003429,0.8,0.0,0.0,M,0,0,-0.0,0.0,-0.0,0.0
2026-05-26T12:51:33.264,163.046,3735,STOP,0.13167,0.132953,0.000321,0.8,0.0,0.0,M,0,0,-0.0,0.0,-0.0,0.0
2026-05-26T12:51:33.291,163.072,3736,STOP,0.118461,0.130055,0.002898,0.8,0.0,0.0,M,0,0,-0.0,0.0,-0.0,0.0
2026-05-26T12:51:33.343,163.124,3737,STOP,0.089752,0.121994,0.008061,0.8,0.0,0.0,M,0,0,-0.0,0.0,-0.0,0.0
2026-05-26T12:51:33.393,163.175,3738,STOP,0.019144,0.101424,0.02057,0.8,0.0,0.0,M,0,0,-0.0,0.0,-0.0,0.0
2026-05-26T12:51:33.463,163.244,3739,STOP,0.088683,0.098876,0.002548,0.8,0.0,0.0,M,0,0,-0.0,0.0,-0.0,0.0
2026-05-26T12:51:33.523,163.304,3740,STOP,0.111669,0.101435,-0.002559,0.8,0.0,0.0,M,0,0,-0.0,0.0,-0.0,0.0
2026-05-26T12:51:33.574,163.355,3741,STOP,0.121084,0.105364,-0.00393,0.8,0.0,0.0,M,0,0,-0.0,0.0,-0.0,0.0
2026-05-26T12:51:33.631,163.412,3742,STOP,0.130326,0.110357,-0.004992,0.8,0.0,0.0,M,0,0,-0.0,0.0,-0.0,0.0
2026-05-26T12:51:33.689,163.47,3743,STOP,0.136747,0.115635,-0.005278,0.8,0.0,0.0,M,0,0,-0.0,0.0,-0.0,0.0
2026-05-26T12:51:33.736,163.517,3744,STOP,0.132122,0.118932,-0.003297,0.8,0.0,0.0,M,0,0,-0.0,0.0,-0.0,0.0
2026-05-26T12:51:33.795,163.576,3745,STOP,0.131809,0.121508,-0.002575,0.8,0.0,0.0,M,0,0,-0.0,0.0,-0.0,0.0
2026-05-26T12:51:33.835,163.617,3746,STOP,0.133359,0.123878,-0.00237,0.8,0.0,0.0,M,0,0,-0.0,0.0,-0.0,0.0
2026-05-26T12:51:33.875,163.656,3747,STOP,0.125443,0.124191,-0.000313,0.8,0.0,0.0,M,0,0,-0.0,0.0,-0.0,0.0
2026-05-26T12:51:33.919,163.7,3748,STOP,0.117074,0.122767,0.001423,0.8,0.0,0.0,M,0,0,-0.0,0.0,-0.0,0.0
2026-05-26T12:51:33.967,163.748,3749,STOP,0.121103,0.122435,0.000333,0.8,0.0,0.0,M,0,0,-0.0,0.0,-0.0,0.0
2026-05-26T12:51:34.007,163.788,3750,STOP,0.1047,0.118888,0.003547,0.8,0.0,0.0,M,0,0,-0.0,0.0,-0.0,0.0
2026-05-26T12:51:34.051,163.832,3751,STOP,0.102379,0.115586,0.003302,0.8,0.0,0.0,M,0,0,-0.0,0.0,-0.0,0.0
2026-05-26T12:51:34.074,163.855,3752,STOP,0.103208,0.11311,0.002476,0.8,0.0,0.0,M,0,0,-0.0,0.0,-0.0,0.0
2026-05-26T12:51:34.129,163.911,3753,STOP,0.11581,0.11365,-0.00054,0.8,0.0,0.0,M,0,0,-0.0,0.0,-0.0,0.0
2026-05-26T12:51:34.181,163.962,3754,STOP,0.109355,0.112791,0.000859,0.8,0.0,0.0,M,0,0,-0.0,0.0,-0.0,0.0
2026-05-26T12:51:34.223,164.004,3755,STOP,0.104312,0.111095,0.001696,0.8,0.0,0.0,M,0,0,-0.0,0.0,-0.0,0.0
2026-05-26T12:51:34.266,164.048,3756,STOP,0.094876,0.107852,0.003244,0.8,0.0,0.0,M,0,0,-0.0,0.0,-0.0,0.0
2026-05-26T12:51:34.291,164.073,3757,STOP,0.084684,0.103218,0.004634,0.8,0.0,0.0,M,0,0,-0.0,0.0,-0.0,0.0
2026-05-26T12:51:34.324,164.106,3758,STOP,0.049934,0.092561,0.010657,0.8,0.0,0.0,M,0,0,-0.0,0.0,-0.0,0.0
2026-05-26T12:51:34.379,164.16,3759,STOP,0.021796,0.078408,0.014153,0.8,0.0,0.0,M,0,0,-0.0,0.0,-0.0,0.0
2026-05-26T12:51:34.433,164.214,3760,STOP,0.035224,0.069771,0.008637,0.8,0.0,0.0,M,0,0,-0.0,0.0,-0.0,0.0
2026-05-26T12:51:34.470,164.252,3761,STOP,0.047977,0.065412,0.004359,0.8,0.0,0.0,M,0,0,-0.0,0.0,-0.0,0.0
2026-05-26T12:51:34.511,164.292,3762,STOP,0.062469,0.064824,0.000589,0.8,0.0,0.0,M,0,0,-0.0,0.0,-0.0,0.0
2026-05-26T12:51:34.555,164.336,3763,STOP,0.079193,0.067698,-0.002874,0.8,0.0,0.0,M,0,0,-0.0,0.0,-0.0,0.0
2026-05-26T12:51:34.591,164.372,3764,STOP,0.08769,0.071696,-0.003999,0.8,0.0,0.0,M,0,0,-0.0,0.0,-0.0,0.0
2026-05-26T12:51:34.622,164.403,3765,STOP,0.091955,0.075748,-0.004052,0.8,0.0,0.0,M,0,0,-0.0,0.0,-0.0,0.0
2026-05-26T12:51:34.657,164.439,3766,STOP,0.094716,0.079542,-0.003794,0.8,0.0,0.0,M,0,0,-0.0,0.0,-0.0,0.0
2026-05-26T12:51:34.691,164.472,3767,STOP,0.098552,0.083344,-0.003802,0.8,0.0,0.0,M,0,0,-0.0,0.0,-0.0,0.0
2026-05-26T12:51:34.726,164.508,3768,STOP,0.097175,0.08611,-0.002766,0.8,0.0,0.0,M,0,0,-0.0,0.0,-0.0,0.0
2026-05-26T12:51:34.780,164.561,3769,STOP,0.100701,0.089028,-0.002918,0.8,0.0,0.0,M,0,0,-0.0,0.0,-0.0,0.0
2026-05-26T12:51:34.859,164.64,3770,STOP,0.111881,0.093599,-0.004571,0.8,0.0,0.0,M,0,0,-0.0,0.0,-0.0,0.0
2026-05-26T12:51:34.914,164.695,3771,STOP,0.127879,0.100455,-0.006856,0.8,0.0,0.0,M,0,0,-0.0,0.0,-0.0,0.0
2026-05-26T12:51:34.963,164.744,3772,STOP,0.142567,0.108877,-0.008422,0.8,0.0,0.0,M,0,0,-0.0,0.0,-0.0,0.0
2026-05-26T12:51:34.995,164.776,3773,STOP,0.144227,0.115947,-0.00707,0.8,0.0,0.0,M,0,0,-0.0,0.0,-0.0,0.0
2026-05-26T12:51:35.022,164.803,3774,STOP,0.142827,0.121323,-0.005376,0.8,0.0,0.0,M,0,0,-0.0,0.0,-0.0,0.0
2026-05-26T12:51:35.075,164.856,3775,STOP,0.136529,0.124364,-0.003041,0.8,0.0,0.0,M,0,0,-0.0,0.0,-0.0,0.0
2026-05-26T12:51:35.128,164.909,3776,STOP,0.138879,0.127267,-0.002903,0.8,0.0,0.0,M,0,0,-0.0,0.0,-0.0,0.0
2026-05-26T12:51:35.175,164.957,3777,STOP,0.131288,0.128071,-0.000804,0.8,0.0,0.0,M,0,0,-0.0,0.0,-0.0,0.0
2026-05-26T12:51:35.213,164.994,3778,STOP,0.131549,0.128767,-0.000695,0.8,0.0,0.0,M,0,0,-0.0,0.0,-0.0,0.0
2026-05-26T12:51:35.273,165.054,3779,STOP,0.134462,0.129906,-0.001139,0.8,0.0,0.0,M,0,0,-0.0,0.0,-0.0,0.0
2026-05-26T12:51:35.322,165.103,3780,STOP,0.139384,0.131801,-0.001896,0.8,0.0,0.0,M,0,0,-0.0,0.0,-0.0,0.0
2026-05-26T12:51:35.356,165.138,3781,STOP,0.131484,0.131738,6.4e-05,0.8,0.0,0.0,M,0,0,-0.0,0.0,-0.0,0.0
2026-05-26T12:51:35.401,165.182,3782,STOP,0.131559,0.131702,3.6e-05,0.8,0.0,0.0,M,0,0,-0.0,0.0,-0.0,0.0
2026-05-26T12:51:35.453,165.234,3783,STOP,0.13426,0.132214,-0.000512,0.8,0.0,0.0,M,0,0,-0.0,0.0,-0.0,0.0
2026-05-26T12:51:35.487,165.269,3784,STOP,0.113686,0.128508,0.003706,0.8,0.0,0.0,M,0,0,-0.0,0.0,-0.0,0.0
2026-05-26T12:51:35.534,165.316,3785,STOP,0.08577,0.119961,0.008548,0.8,0.0,0.0,M,0,0,-0.0,0.0,-0.0,0.0
2026-05-26T12:51:35.586,165.367,3786,STOP,0.040726,0.104114,0.015847,0.8,0.0,0.0,M,0,0,-0.0,0.0,-0.0,0.0
2026-05-26T12:51:35.612,165.394,3787,STOP,0.05379,0.094049,0.010065,0.8,0.0,0.0,M,0,0,-0.0,0.0,-0.0,0.0
2026-05-26T12:51:35.668,165.449,3788,STOP,0.088951,0.093029,0.001019,0.8,0.0,0.0,M,0,0,-0.0,0.0,-0.0,0.0
2026-05-26T12:51:35.699,165.48,3789,STOP,0.104218,0.095267,-0.002238,0.8,0.0,0.0,M,0,0,-0.0,0.0,-0.0,0.0
2026-05-26T12:51:35.724,165.505,3790,STOP,0.107852,0.097784,-0.002517,0.8,0.0,0.0,M,0,0,-0.0,0.0,-0.0,0.0
2026-05-26T12:51:35.789,165.57,3791,STOP,0.115614,0.10135,-0.003566,0.8,0.0,0.0,M,0,0,-0.0,0.0,-0.0,0.0
2026-05-26T12:51:35.835,165.616,3792,STOP,0.118745,0.104829,-0.003479,0.8,0.0,0.0,M,0,0,-0.0,0.0,-0.0,0.0
2026-05-26T12:51:35.877,165.659,3793,STOP,0.12318,0.108499,-0.00367,0.8,0.0,0.0,M,0,0,-0.0,0.0,-0.0,0.0
2026-05-26T12:51:35.949,165.73,3794,STOP,0.129398,0.112679,-0.00418,0.8,0.0,0.0,M,0,0,-0.0,0.0,-0.0,0.0
2026-05-26T12:51:35.984,165.765,3795,STOP,0.130308,0.116205,-0.003526,0.8,0.0,0.0,M,0,0,-0.0,0.0,-0.0,0.0
2026-05-26T12:51:36.024,165.806,3796,STOP,0.126656,0.118295,-0.00209,0.8,0.0,0.0,M,0,0,-0.0,0.0,-0.0,0.0
2026-05-26T12:51:36.069,165.85,3797,STOP,0.124711,0.119578,-0.001283,0.8,0.0,0.0,M,0,0,-0.0,0.0,-0.0,0.0
2026-05-26T12:51:36.107,165.888,3798,STOP,0.12229,0.120121,-0.000542,0.8,0.0,0.0,M,0,0,-0.0,0.0,-0.0,0.0
2026-05-26T12:51:36.161,165.942,3799,STOP,0.124325,0.120961,-0.000841,0.8,0.0,0.0,M,0,0,-0.0,0.0,-0.0,0.0
2026-05-26T12:51:36.191,165.972,3800,STOP,0.123434,0.121456,-0.000494,0.8,0.0,0.0,M,0,0,-0.0,0.0,-0.0,0.0
2026-05-26T12:51:36.221,166.002,3801,STOP,0.117466,0.120658,0.000798,0.8,0.0,0.0,M,0,0,-0.0,0.0,-0.0,0.0
2026-05-26T12:51:36.262,166.043,3802,STOP,0.112822,0.119091,0.001567,0.8,0.0,0.0,M,0,0,-0.0,0.0,-0.0,0.0
2026-05-26T12:51:36.318,166.099,3803,STOP,0.109478,0.117168,0.001922,0.8,0.0,0.0,M,0,0,-0.0,0.0,-0.0,0.0
2026-05-26T12:51:36.350,166.131,3804,STOP,0.098385,0.113412,0.003757,0.8,0.0,0.0,M,0,0,-0.0,0.0,-0.0,0.0
2026-05-26T12:51:36.399,166.18,3805,STOP,0.105072,0.111744,0.001668,0.8,0.0,0.0,M,0,0,-0.0,0.0,-0.0,0.0
2026-05-26T12:51:36.416,166.198,3806,STOP,0.108562,0.111107,0.000636,0.8,0.0,0.0,M,0,0,-0.0,0.0,-0.0,0.0
2026-05-26T12:51:36.457,166.238,3807,STOP,0.107608,0.110407,0.0007,0.8,0.0,0.0,M,0,0,-0.0,0.0,-0.0,0.0
2026-05-26T12:51:36.493,166.274,3808,STOP,0.103647,0.109055,0.001352,0.8,0.0,0.0,M,0,0,-0.0,0.0,-0.0,0.0
2026-05-26T12:51:36.517,166.298,3809,STOP,0.098787,0.107002,0.002054,0.8,0.0,0.0,M,0,0,-0.0,0.0,-0.0,0.0
2026-05-26T12:51:36.565,166.346,3810,STOP,0.086766,0.102955,0.004047,0.8,0.0,0.0,M,0,0,-0.0,0.0,-0.0,0.0
2026-05-26T12:51:36.592,166.373,3811,STOP,0.087887,0.099941,0.003014,0.8,0.0,0.0,M,0,0,-0.0,0.0,-0.0,0.0
2026-05-26T12:51:36.629,166.41,3812,STOP,0.08751,0.097455,0.002486,0.8,0.0,0.0,M,0,0,-0.0,0.0,-0.0,0.0
2026-05-26T12:51:36.659,166.441,3813,STOP,0.086084,0.095181,0.002274,0.8,0.0,0.0,M,0,0,-0.0,0.0,-0.0,0.0
2026-05-26T12:51:36.719,166.5,3814,STOP,0.08115,0.092375,0.002806,0.8,0.0,0.0,M,0,0,-0.0,0.0,-0.0,0.0
2026-05-26T12:51:36.759,166.54,3815,STOP,0.063944,0.086689,0.005686,0.8,0.0,0.0,M,0,0,-0.0,0.0,-0.0,0.0
2026-05-26T12:51:36.789,166.571,3816,STOP,0.031532,0.075657,0.011031,0.8,0.0,0.0,M,0,0,-0.0,0.0,-0.0,0.0
2026-05-26T12:51:36.831,166.612,3817,STOP,0.018777,0.064281,0.011376,0.8,0.0,0.0,M,0,0,-0.0,0.0,-0.0,0.0
2026-05-26T12:51:36.870,166.651,3818,STOP,0.034334,0.058292,0.005989,0.8,0.0,0.0,M,0,0,-0.0,0.0,-0.0,0.0
2026-05-26T12:51:36.906,166.688,3819,STOP,0.013867,0.049407,0.008885,0.8,0.0,0.0,L,0,0,-0.0,0.0,-0.0,0.0
2026-05-26T12:51:36.947,166.728,3820,STOP,0.025144,0.044554,0.004853,0.8,0.0,0.0,L,0,0,-0.0,0.0,-0.0,0.0
2026-05-26T12:51:36.979,166.76,3821,STOP,0.036471,0.042938,0.001617,0.8,0.0,0.0,L,0,0,-0.0,0.0,-0.0,0.0
2026-05-26T12:51:37.008,166.789,3822,STOP,0.03371,0.041092,0.001846,0.8,0.0,0.0,L,0,0,-0.0,0.0,-0.0,0.0
2026-05-26T12:51:37.047,166.828,3823,STOP,0.020942,0.037062,0.00403,0.8,0.0,0.0,L,0,0,-0.0,0.0,-0.0,0.0
2026-05-26T12:51:37.081,166.863,3824,STOP,0.018846,0.033419,0.003643,0.8,0.0,0.0,L,0,0,-0.0,0.0,-0.0,0.0
2026-05-26T12:51:37.136,166.917,3825,STOP,0.018298,0.030395,0.003024,0.8,0.0,0.0,L,0,0,-0.0,0.0,-0.0,0.0
2026-05-26T12:51:37.187,166.968,3826,STOP,0.005391,0.025394,0.005001,0.8,0.0,0.0,L,0,0,-0.0,0.0,-0.0,0.0
2026-05-26T12:51:37.218,167.0,3827,STOP,0.018162,0.023947,0.001446,0.8,0.0,0.0,L,0,0,-0.0,0.0,-0.0,0.0
2026-05-26T12:51:37.255,167.037,3828,STOP,0.03874,0.026906,-0.002958,0.8,0.0,0.0,L,0,0,-0.0,0.0,-0.0,0.0
2026-05-26T12:51:37.313,167.094,3829,STOP,0.058174,0.033159,-0.006254,0.8,0.0,0.0,L,0,0,-0.0,0.0,-0.0,0.0
2026-05-26T12:51:37.345,167.126,3830,STOP,0.074552,0.041438,-0.008278,0.8,0.0,0.0,L,0,0,-0.0,0.0,-0.0,0.0
2026-05-26T12:51:37.379,167.16,3831,STOP,0.085216,0.050194,-0.008756,0.8,0.0,0.0,M,0,0,-0.0,0.0,-0.0,0.0
2026-05-26T12:51:37.446,167.227,3832,STOP,0.09187,0.058529,-0.008335,0.8,0.0,0.0,M,0,0,-0.0,0.0,-0.0,0.0
2026-05-26T12:51:37.500,167.282,3833,STOP,0.093347,0.065492,-0.006964,0.8,0.0,0.0,M,0,0,-0.0,0.0,-0.0,0.0
2026-05-26T12:51:37.549,167.33,3834,STOP,0.090739,0.070542,-0.005049,0.8,0.0,0.0,M,0,0,-0.0,0.0,-0.0,0.0
2026-05-26T12:51:37.579,167.36,3835,STOP,0.087685,0.07397,-0.003429,0.8,0.0,0.0,M,0,0,-0.0,0.0,-0.0,0.0
2026-05-26T12:51:37.612,167.393,3836,STOP,0.085511,0.076278,-0.002308,0.8,0.0,0.0,M,0,0,-0.0,0.0,-0.0,0.0
2026-05-26T12:51:37.654,167.435,3837,STOP,0.080968,0.077216,-0.000938,0.8,0.0,0.0,M,0,0,-0.0,0.0,-0.0,0.0
2026-05-26T12:51:37.719,167.5,3838,STOP,0.080646,0.077902,-0.000686,0.8,0.0,0.0,M,0,0,-0.0,0.0,-0.0,0.0
2026-05-26T12:51:37.768,167.55,3839,STOP,0.079071,0.078136,-0.000234,0.8,0.0,0.0,M,0,0,-0.0,0.0,-0.0,0.0
2026-05-26T12:51:37.797,167.578,3840,STOP,0.078097,0.078128,8e-06,0.8,0.0,0.0,M,0,0,-0.0,0.0,-0.0,0.0
2026-05-26T12:51:37.827,167.608,3841,STOP,0.082363,0.078975,-0.000847,0.8,0.0,0.0,M,0,0,-0.0,0.0,-0.0,0.0
2026-05-26T12:51:37.857,167.638,3842,STOP,0.075996,0.078379,0.000596,0.8,0.0,0.0,M,0,0,-0.0,0.0,-0.0,0.0
2026-05-26T12:51:37.881,167.662,3843,STOP,0.068841,0.076472,0.001908,0.8,0.0,0.0,M,0,0,-0.0,0.0,-0.0,0.0
2026-05-26T12:51:37.944,167.726,3844,STOP,0.064176,0.074012,0.002459,0.8,0.0,0.0,M,0,0,-0.0,0.0,-0.0,0.0
2026-05-26T12:51:38.013,167.794,3845,STOP,0.049002,0.06901,0.005002,0.8,0.0,0.0,M,0,0,-0.0,0.0,-0.0,0.0
2026-05-26T12:51:38.055,167.836,3846,STOP,0.040948,0.063398,0.005612,0.8,0.0,0.0,M,0,0,-0.0,0.0,-0.0,0.0
2026-05-26T12:51:38.104,167.885,3847,STOP,0.029898,0.056698,0.0067,0.8,0.0,0.0,M,0,0,-0.0,0.0,-0.0,0.0
2026-05-26T12:51:38.175,167.956,3848,STOP,0.039089,0.053176,0.003522,0.8,0.0,0.0,M,0,0,-0.0,0.0,-0.0,0.0
2026-05-26T12:51:38.229,168.01,3849,STOP,0.071151,0.056771,-0.003595,0.8,0.0,0.0,M,0,0,-0.0,0.0,-0.0,0.0
2026-05-26T12:51:38.265,168.046,3850,STOP,0.073561,0.060129,-0.003358,0.8,0.0,0.0,M,0,0,-0.0,0.0,-0.0,0.0
2026-05-26T12:51:38.307,168.088,3851,STOP,0.078009,0.063705,-0.003576,0.8,0.0,0.0,M,0,0,-0.0,0.0,-0.0,0.0
2026-05-26T12:51:38.337,168.119,3852,STOP,0.085461,0.068056,-0.004351,0.8,0.0,0.0,M,0,0,-0.0,0.0,-0.0,0.0
2026-05-26T12:51:38.400,168.181,3853,STOP,0.091093,0.072664,-0.004607,0.8,0.0,0.0,M,0,0,-0.0,0.0,-0.0,0.0
2026-05-26T12:51:38.443,168.224,3854,STOP,0.085304,0.075192,-0.002528,0.8,0.0,0.0,M,0,0,-0.0,0.0,-0.0,0.0
2026-05-26T12:51:38.464,168.245,3855,STOP,0.087273,0.077608,-0.002416,0.8,0.0,0.0,M,0,0,-0.0,0.0,-0.0,0.0
2026-05-26T12:51:38.519,168.3,3856,STOP,0.089813,0.080049,-0.002441,0.8,0.0,0.0,M,0,0,-0.0,0.0,-0.0,0.0
2026-05-26T12:51:38.554,168.335,3857,STOP,0.096413,0.083322,-0.003273,0.8,0.0,0.0,M,0,0,-0.0,0.0,-0.0,0.0
2026-05-26T12:51:38.582,168.363,3858,STOP,0.093755,0.085409,-0.002087,0.8,0.0,0.0,M,0,0,-0.0,0.0,-0.0,0.0
2026-05-26T12:51:38.628,168.41,3859,STOP,0.091903,0.086707,-0.001299,0.8,0.0,0.0,M,0,0,-0.0,0.0,-0.0,0.0
2026-05-26T12:51:38.689,168.47,3860,STOP,0.102011,0.089768,-0.003061,0.8,0.0,0.0,M,0,0,-0.0,0.0,-0.0,0.0
2026-05-26T12:51:38.746,168.528,3861,STOP,0.098001,0.091415,-0.001647,0.8,0.0,0.0,M,0,0,-0.0,0.0,-0.0,0.0
2026-05-26T12:51:38.778,168.559,3862,STOP,0.090245,0.091181,0.000234,0.8,0.0,0.0,M,0,0,-0.0,0.0,-0.0,0.0
2026-05-26T12:51:38.816,168.597,3863,STOP,0.079878,0.08892,0.002261,0.8,0.0,0.0,M,0,0,-0.0,0.0,-0.0,0.0
2026-05-26T12:51:38.852,168.633,3864,STOP,0.06087,0.08331,0.00561,0.8,0.0,0.0,M,0,0,-0.0,0.0,-0.0,0.0
2026-05-26T12:51:38.886,168.667,3865,STOP,0.02746,0.07214,0.01117,0.8,0.0,0.0,M,0,0,-0.0,0.0,-0.0,0.0
2026-05-26T12:51:38.919,168.7,3866,STOP,0.020523,0.061817,0.010323,0.8,0.0,0.0,M,0,0,-0.0,0.0,-0.0,0.0
2026-05-26T12:51:38.952,168.734,3867,STOP,0.013724,0.052198,0.009618,0.8,0.0,0.0,M,0,0,-0.0,0.0,-0.0,0.0
2026-05-26T12:51:38.988,168.769,3868,STOP,0.015947,0.044948,0.00725,0.8,0.0,0.0,L,0,0,-0.0,0.0,-0.0,0.0
2026-05-26T12:51:39.035,168.816,3869,STOP,0.01766,0.03949,0.005458,0.8,0.0,0.0,L,0,0,-0.0,0.0,-0.0,0.0
2026-05-26T12:51:39.097,168.879,3870,STOP,0.01317,0.034226,0.005264,0.8,0.0,0.0,L,0,0,-0.0,0.0,-0.0,0.0
2026-05-26T12:51:39.143,168.924,3871,STOP,0.018038,0.030989,0.003238,0.8,0.0,0.0,L,0,0,-0.0,0.0,-0.0,0.0
2026-05-26T12:51:39.194,168.975,3872,STOP,0.016312,0.028053,0.002935,0.8,0.0,0.0,L,0,0,-0.0,0.0779,-0.0,0.0
2026-05-26T12:51:39.241,169.022,3873,STOP,0.015591,0.025561,0.002493,0.8,0.0,0.0,L,0,0,-0.0,0.1131,-0.0,0.0
2026-05-26T12:51:39.293,169.074,3874,STOP,0.003356,0.02112,0.004441,0.8,0.0,0.0,L,0,0,-0.0,0.1347,-0.0,0.0
2026-05-26T12:51:39.340,169.121,3875,STOP,0.011426,0.019181,0.001939,0.8,0.0,0.0,L,0,0,-0.0,0.165,-0.0,0.0
2026-05-26T12:51:39.389,169.17,3876,STOP,0.012283,0.017801,0.00138,0.8,0.0,0.0,L,0,0,-0.0,0.1934,-0.0,0.0
2026-05-26T12:51:39.424,169.206,3877,STOP,0.010041,0.016249,0.001552,0.8,0.0,0.0,L,0,0,-0.0,0.2701,-0.0,0.0
2026-05-26T12:51:39.461,169.242,3878,STOP,0.007552,0.01451,0.001739,0.8,0.0,0.0,L,0,0,-0.0,0.2701,-0.0,0.0
2026-05-26T12:51:39.495,169.276,3879,STOP,0.007085,0.013025,0.001485,0.8,0.0,0.0,L,0,0,-0.0,0.293,-0.0,0.0
2026-05-26T12:51:39.564,169.346,3880,FORWARD,0.017836,0.013987,-0.000962,0.8,0.0,0.0,L,0,0,-0.0,0.3158,-0.0,0.3158
2026-05-26T12:51:39.627,169.408,3881,FORWARD,0.019765,0.015143,-0.001156,0.8,0.0,0.0,L,0,0,-0.0,0.3362,-0.0853,0.3362
2026-05-26T12:51:39.681,169.462,3882,FORWARD,0.017817,0.015678,-0.000535,0.8,0.0,0.0,L,0,0,-0.0,0.3616,-0.0878,0.3616
2026-05-26T12:51:39.734,169.515,3883,FORWARD,0.021552,0.016852,-0.001175,0.8,0.0,0.0,L,0,0,-0.0,0.3813,-0.0878,0.3813
2026-05-26T12:51:39.771,169.552,3884,FORWARD,0.024838,0.01845,-0.001597,0.8,0.0,0.0,L,0,0,-0.0,0.3962,-0.0871,0.3962
2026-05-26T12:51:39.820,169.602,3885,FORWARD,0.02043,0.018846,-0.000396,0.8,0.0,0.0,L,0,0,-0.0,0.4054,-0.0871,0.4054
2026-05-26T12:51:39.853,169.634,3886,FORWARD,0.024553,0.019987,-0.001142,0.8,0.0,0.0,L,0,0,-0.0,0.4073,-0.0884,0.4073
2026-05-26T12:51:39.897,169.678,3887,FORWARD,0.022674,0.020525,-0.000537,0.8,0.0,0.0,L,0,0,-0.0,0.4079,-0.1143,0.4079
2026-05-26T12:51:39.937,169.718,3888,FORWARD,0.024913,0.021402,-0.000878,0.8,0.0,0.0,L,0,0,-0.0,0.4073,-0.1595,0.4073
2026-05-26T12:51:39.962,169.743,3889,FORWARD,0.029298,0.022981,-0.001579,0.8,0.0,0.0,L,0,0,-0.0,0.4073,-0.212,0.4073
2026-05-26T12:51:40.021,169.802,3890,FORWARD,0.030231,0.024431,-0.00145,0.8,0.0,0.0,L,0,0,-0.0,0.4073,-0.3171,0.4073
2026-05-26T12:51:40.055,169.836,3891,FORWARD,0.0417,0.027885,-0.003454,0.8,0.0,0.0,L,0,0,-0.0,0.4079,-0.3356,0.4079
2026-05-26T12:51:40.096,169.878,3892,FORWARD,0.053124,0.032933,-0.005048,0.8,0.0,0.0,L,0,0,-0.0,0.4079,-0.3776,0.4079
2026-05-26T12:51:40.120,169.901,3893,FORWARD,0.045047,0.035356,-0.002423,0.8,0.0,0.0,L,0,0,-0.0,0.4079,-0.3776,0.4079
2026-05-26T12:51:40.162,169.943,3894,FORWARD,0.032644,0.034813,0.000542,0.8,0.0,0.0,L,0,0,-0.0,0.4079,-0.3974,0.4079
2026-05-26T12:51:40.208,169.989,3895,FORWARD,0.040163,0.035883,-0.00107,0.8,0.0,0.0,L,0,0,-0.0,0.4079,-0.4048,0.4079
2026-05-26T12:51:40.251,170.032,3896,FORWARD,0.094257,0.047558,-0.011675,0.8,0.0,0.0,L,0,0,-0.0,0.4079,-0.4067,0.4079
2026-05-26T12:51:40.296,170.077,3897,ROT_L,0.087851,0.055617,-0.008059,0.8,0.0,0.0,M,0,0,-0.0,0.4079,-0.4197,0.4197
2026-05-26T12:51:40.320,170.102,3898,ROT_L,0.05647,0.055787,-0.000171,0.8,0.0,0.0,M,0,0,-0.0,0.4091,-0.4221,0.4221
2026-05-26T12:51:40.376,170.157,3899,ROT_L,0.080187,0.060667,-0.00488,0.8,0.0,0.0,M,0,0,-0.0,0.4085,-0.4271,0.4271
2026-05-26T12:51:40.428,170.21,3900,ROT_L,0.089849,0.066503,-0.005836,0.8,0.0,0.0,M,0,0,-0.0,0.4079,-0.4289,0.4289
2026-05-26T12:51:40.470,170.251,3901,ROT_L,0.090179,0.071239,-0.004735,0.8,0.0,0.0,M,0,0,-0.0,0.4098,-0.4388,0.4388
2026-05-26T12:51:40.510,170.291,3902,ROT_L,0.092611,0.075513,-0.004275,0.8,0.0,0.0,M,0,0,-0.0,0.4091,-0.4518,0.4518
2026-05-26T12:51:40.557,170.338,3903,ROT_L,0.108862,0.082183,-0.00667,0.8,0.0,0.0,M,0,0,-0.0,0.4091,-0.4913,0.4913
2026-05-26T12:51:40.590,170.371,3904,ROT_L,0.114942,0.088735,-0.006552,0.8,0.0,0.0,M,0,0,-0.0,0.4091,-0.5352,0.5352
2026-05-26T12:51:40.625,170.406,3905,ROT_L,0.109948,0.092977,-0.004243,0.8,0.0,0.0,M,0,0,-0.0,0.4079,-0.5878,0.5878
2026-05-26T12:51:40.694,170.475,3906,ROT_L,0.126172,0.099616,-0.006639,0.8,0.0,0.0,M,0,0,-0.0,0.4085,-0.6465,0.6465
2026-05-26T12:51:40.730,170.511,3907,ROT_L,0.125837,0.104861,-0.005244,0.8,0.0,0.0,M,0,0,-0.0,0.4085,-0.704,0.704
2026-05-26T12:51:40.764,170.545,3908,ROT_L,0.107386,0.105366,-0.000505,0.8,0.0,0.0,M,0,0,-0.0,0.4079,-0.7621,0.7621
2026-05-26T12:51:40.797,170.579,3909,ROT_L,0.106117,0.105516,-0.00015,0.8,0.0,0.0,M,0,0,-0.0,0.4079,-0.7824,0.7824
2026-05-26T12:51:40.827,170.608,3910,ROT_L,0.112571,0.106927,-0.001411,0.8,0.0,0.0,M,0,0,-0.0,0.4079,-0.7824,0.7824
2026-05-26T12:51:40.866,170.647,3911,ROT_L,0.118379,0.109217,-0.00229,0.8,0.0,0.0,M,0,0,-0.0,0.4073,-0.7849,0.7849
2026-05-26T12:51:40.897,170.678,3912,ROT_L,0.134625,0.114299,-0.005082,0.8,0.0,0.0,M,0,0,-0.0,0.4042,-0.7855,0.7855
2026-05-26T12:51:40.948,170.729,3913,ROT_L,0.142158,0.119871,-0.005572,0.8,0.0,0.0,M,0,0,-0.0,0.403,-0.7849,0.7849
2026-05-26T12:51:40.991,170.772,3914,ROT_L,0.15833,0.127563,-0.007692,0.8,0.0,0.0,M,0,0,-0.0,0.4023,-0.7855,0.7855
2026-05-26T12:51:41.028,170.81,3915,ROT_L,0.16154,0.134358,-0.006796,0.8,0.0,0.0,M,0,0,-0.0,0.4017,-0.7868,0.7868
2026-05-26T12:51:41.047,170.828,3916,ROT_L,0.1617,0.139826,-0.005468,0.8,0.0,0.0,M,0,0,-0.0,0.4017,-0.7868,0.7868
2026-05-26T12:51:41.083,170.864,3917,ROT_L,0.149145,0.14169,-0.001864,0.8,0.0,0.0,M,0,0,-0.0,0.4017,-0.7862,0.7862
2026-05-26T12:51:41.111,170.892,3918,ROT_L,0.153309,0.144014,-0.002324,0.8,0.0,0.0,M,0,0,-0.0,0.4017,-0.7868,0.7868
2026-05-26T12:51:41.160,170.941,3919,ROT_L,0.134217,0.142054,0.001959,0.8,0.0,0.0,M,0,0,-0.0,0.4011,-0.7862,0.7862
2026-05-26T12:51:41.196,170.977,3920,ROT_L,0.12598,0.13884,0.003215,0.8,0.0,0.0,M,0,0,-0.0,0.4017,-0.7862,0.7862
2026-05-26T12:51:41.244,171.026,3921,ROT_L,0.134884,0.138049,0.000791,0.8,0.0,0.0,M,0,0,-0.0,0.4017,-0.7868,0.7868
2026-05-26T12:51:41.297,171.078,3922,ROT_L,0.169766,0.144392,-0.006344,0.8,0.0,0.0,M,0,0,-0.0,0.4023,-0.7868,0.7868
2026-05-26T12:51:41.347,171.128,3923,ROT_L,0.165728,0.148659,-0.004267,0.8,0.0,0.0,M,0,0,-0.0,0.4017,-0.7868,0.7868
2026-05-26T12:51:41.368,171.149,3924,ROT_L,0.165514,0.15203,-0.003371,0.8,0.0,0.0,H,0,0,-0.0,0.4017,-0.7868,0.7868
2026-05-26T12:51:41.440,171.222,3925,ROT_L,0.163951,0.154414,-0.002384,0.8,0.0,0.0,H,0,0,-0.0,0.4023,-0.7874,0.7874
2026-05-26T12:51:41.490,171.271,3926,ROT_L,0.164285,0.156389,-0.001974,0.8,0.0,0.0,H,0,0,-0.0,0.4017,-0.7868,0.7868
2026-05-26T12:51:41.512,171.293,3927,ROT_L,0.13787,0.152685,0.003704,0.8,0.0,0.0,H,0,0,-0.0,0.4017,-0.7868,0.7868
2026-05-26T12:51:41.582,171.363,3928,ROT_L,0.137391,0.149626,0.003059,0.8,0.0,0.0,M,0,0,-0.0,0.4011,-0.7874,0.7874
2026-05-26T12:51:41.634,171.415,3929,ROT_L,0.138826,0.147466,0.00216,0.8,0.0,0.0,M,0,0,-0.0,0.403,-0.7868,0.7868
2026-05-26T12:51:41.685,171.466,3930,ROT_L,0.151961,0.148365,-0.000899,0.8,0.0,0.0,M,0,0,-0.0,0.4017,-0.7862,0.7862
2026-05-26T12:51:41.718,171.5,3931,ROT_L,0.125079,0.143708,0.004657,0.8,0.0,0.0,M,0,0,-0.0,0.4017,-0.7874,0.7874
2026-05-26T12:51:41.747,171.529,3932,ROT_L,0.124672,0.139901,0.003807,0.8,0.0,0.0,M,0,0,-0.0,0.4023,-0.788,0.788
2026-05-26T12:51:41.790,171.572,3933,ROT_L,0.116036,0.135128,0.004773,0.8,0.0,0.0,M,0,0,-0.0,0.4023,-0.7868,0.7868
2026-05-26T12:51:41.836,171.617,3934,ROT_L,0.113069,0.130716,0.004412,0.8,0.0,0.0,M,0,0,-0.0,0.4023,-0.7874,0.7874
2026-05-26T12:51:41.876,171.657,3935,ROT_L,0.100909,0.124755,0.005961,0.8,0.0,0.0,M,0,0,-0.0,0.4023,-0.7868,0.7868
2026-05-26T12:51:41.916,171.697,3936,ROT_L,0.107862,0.121376,0.003378,0.8,0.0,0.0,M,0,0,-0.0,0.4023,-0.7868,0.7868
2026-05-26T12:51:41.957,171.738,3937,ROT_L,0.121535,0.121408,-3.2e-05,0.8,0.0,0.0,M,0,0,-0.0,0.4023,-0.7868,0.7868
2026-05-26T12:51:41.976,171.757,3938,ROT_L,0.12325,0.121776,-0.000368,0.8,0.0,0.0,M,0,0,-0.0,0.4023,-0.7862,0.7862
2026-05-26T12:51:42.018,171.799,3939,ROT_L,0.115762,0.120573,0.001203,0.8,0.0,0.0,M,0,0,-0.0,0.4017,-0.7868,0.7868
2026-05-26T12:51:42.074,171.855,3940,ROT_L,0.112067,0.118872,0.001701,0.8,0.0,0.0,M,0,0,-0.0,0.4017,-0.7849,0.7849
2026-05-26T12:51:42.104,171.885,3941,ROT_L,0.105553,0.116208,0.002664,0.8,0.0,0.0,M,0,0,-0.0,0.4048,-0.7855,0.7855
2026-05-26T12:51:42.156,171.938,3942,ROT_L,0.109016,0.11477,0.001438,0.8,0.0,0.0,M,0,0,-0.0,0.4067,-0.7855,0.7855
2026-05-26T12:51:42.206,171.987,3943,ROT_L,0.102456,0.112307,0.002463,0.8,0.0,0.0,M,0,0,-0.0,0.4073,-0.7855,0.7855
2026-05-26T12:51:42.249,172.03,3944,ROT_L,0.113856,0.112617,-0.00031,0.8,0.0,0.0,M,0,0,-0.0,0.4091,-0.7855,0.7855
2026-05-26T12:51:42.302,172.084,3945,ROT_L,0.118523,0.113798,-0.001181,0.8,0.0,0.0,M,0,0,-0.0,0.4085,-0.7862,0.7862
2026-05-26T12:51:42.352,172.134,3946,ROT_L,0.130069,0.117052,-0.003254,0.8,0.0,0.0,M,0,0,-0.0,0.4085,-0.7855,0.7855
2026-05-26T12:51:42.393,172.174,3947,ROT_L,0.102949,0.114232,0.002821,0.8,0.0,0.0,M,0,0,-0.0,0.4085,-0.7862,0.7862
2026-05-26T12:51:42.436,172.217,3948,ROT_L,0.10606,0.112597,0.001634,0.8,0.0,0.0,M,0,0,-0.0,0.4085,-0.7862,0.7862
2026-05-26T12:51:42.473,172.255,3949,ROT_L,0.110648,0.112207,0.00039,0.8,0.0,0.0,M,0,0,-0.0,0.4085,-0.7855,0.7855
2026-05-26T12:51:42.509,172.29,3950,ROT_L,0.095582,0.108882,0.003325,0.8,0.0,0.0,M,0,0,-0.0,0.4085,-0.7855,0.7855
2026-05-26T12:51:42.567,172.349,3951,ROT_L,0.092107,0.105527,0.003355,0.8,0.0,0.0,M,0,0,-0.0,0.4085,-0.7324,0.7324
2026-05-26T12:51:42.613,172.395,3952,ROT_L,0.093575,0.103137,0.00239,0.8,0.0,0.0,M,0,0,-0.0,0.4085,-0.568,0.568
2026-05-26T12:51:42.660,172.442,3953,STOP,0.102445,0.102998,0.000138,0.8,0.0,0.0,M,0,0,-0.0,0.2392,-0.2002,0.0
2026-05-26T12:51:42.692,172.473,3954,STOP,0.102727,0.102944,5.4e-05,0.8,0.0,0.0,M,0,0,-0.0,0.2392,-0.2002,0.0
2026-05-26T12:51:42.715,172.496,3955,STOP,0.096989,0.101753,0.001191,0.8,0.0,0.0,M,0,0,-0.0,0.0,-0.0,0.0
2026-05-26T12:51:42.760,172.541,3956,STOP,0.093449,0.100092,0.001661,0.8,0.0,0.0,M,0,0,-0.0,0.0,-0.0,0.0
2026-05-26T12:51:42.797,172.578,3957,STOP,0.096672,0.099408,0.000684,0.8,0.0,0.0,M,0,0,-0.0,0.0,-0.0,0.0
2026-05-26T12:51:42.864,172.646,3958,STOP,0.079793,0.095485,0.003923,0.8,0.0,0.0,M,0,0,-0.0,0.0,-0.0,0.0
2026-05-26T12:51:42.906,172.688,3959,STOP,0.076236,0.091635,0.00385,0.8,0.0,0.0,M,0,0,-0.0,0.0,-0.0,0.0
2026-05-26T12:51:42.940,172.721,3960,STOP,0.056748,0.084658,0.006977,0.8,0.0,0.0,M,0,0,-0.0,0.0,-0.0,0.0
2026-05-26T12:51:42.984,172.765,3961,STOP,0.048006,0.077327,0.00733,0.8,0.0,0.0,M,0,0,-0.0,0.0,-0.0,0.0
2026-05-26T12:51:43.013,172.794,3962,STOP,0.06052,0.073966,0.003361,0.8,0.0,0.0,M,0,0,-0.0,0.0,-0.0,0.0
2026-05-26T12:51:43.057,172.838,3963,STOP,0.038986,0.06697,0.006996,0.8,0.0,0.0,M,0,0,-0.0,0.0,-0.0,0.0
2026-05-26T12:51:43.085,172.866,3964,STOP,0.061137,0.065803,0.001167,0.8,0.0,0.0,M,0,0,-0.0,0.0,-0.0,0.0
2026-05-26T12:51:43.137,172.918,3965,STOP,0.06258,0.065159,0.000645,0.8,0.0,0.0,M,0,0,-0.0,0.0,-0.0,0.0
2026-05-26T12:51:43.189,172.97,3966,STOP,0.032538,0.058635,0.006524,0.8,0.0,0.0,M,0,0,-0.0,0.0,-0.0,0.0
2026-05-26T12:51:43.226,173.007,3967,STOP,0.013194,0.049547,0.009088,0.8,0.0,0.0,L,0,0,-0.0,0.0,-0.0,0.0
2026-05-26T12:51:43.263,173.044,3968,STOP,0.008834,0.041404,0.008143,0.8,0.0,0.0,L,0,0,-0.0,0.0,-0.0,0.0
2026-05-26T12:51:43.308,173.09,3969,STOP,0.019146,0.036952,0.004452,0.8,0.0,0.0,L,0,0,-0.0,0.0,-0.0,0.0
2026-05-26T12:51:43.373,173.154,3970,STOP,0.04416,0.038394,-0.001441,0.8,0.0,0.0,L,0,0,-0.0,0.0,-0.0,0.0
2026-05-26T12:51:43.428,173.209,3971,STOP,0.062957,0.043306,-0.004913,0.8,0.0,0.0,L,0,0,-0.0,0.0,-0.0,0.0
2026-05-26T12:51:43.499,173.28,3972,STOP,0.070627,0.04877,-0.005464,0.8,0.0,0.0,L,0,0,-0.0,0.0,-0.0,0.0
2026-05-26T12:51:43.546,173.328,3973,STOP,0.074317,0.05388,-0.005109,0.8,0.0,0.0,M,0,0,-0.0,0.0,-0.0,0.0
2026-05-26T12:51:43.578,173.359,3974,STOP,0.074068,0.057917,-0.004038,0.8,0.0,0.0,M,0,0,-0.0,0.0,-0.0,0.0
2026-05-26T12:51:43.608,173.389,3975,STOP,0.069741,0.060282,-0.002365,0.8,0.0,0.0,M,0,0,-0.0,0.0,-0.0,0.0
2026-05-26T12:51:43.658,173.44,3976,STOP,0.065393,0.061304,-0.001022,0.8,0.0,0.0,M,0,0,-0.0,0.0,-0.0,0.0
2026-05-26T12:51:43.699,173.48,3977,STOP,0.062691,0.061582,-0.000277,0.8,0.0,0.0,M,0,0,-0.0,0.0,-0.0,0.0
2026-05-26T12:51:43.723,173.504,3978,STOP,0.057132,0.060692,0.00089,0.8,0.0,0.0,M,0,0,-0.0,0.0,-0.0,0.0
2026-05-26T12:51:43.769,173.55,3979,STOP,0.054736,0.059501,0.001191,0.8,0.0,0.0,M,0,0,-0.0,0.0,-0.0,0.0
2026-05-26T12:51:43.792,173.573,3980,STOP,0.05246,0.058092,0.001408,0.8,0.0,0.0,M,0,0,-0.0,0.0,-0.0,0.0
2026-05-26T12:51:43.826,173.607,3981,STOP,0.05044,0.056562,0.00153,0.8,0.0,0.0,M,0,0,-0.0,0.0,-0.0,0.0
2026-05-26T12:51:43.848,173.629,3982,STOP,0.049842,0.055218,0.001344,0.8,0.0,0.0,M,0,0,-0.0,0.0,-0.0,0.0
2026-05-26T12:51:43.913,173.694,3983,STOP,0.049761,0.054127,0.001091,0.8,0.0,0.0,M,0,0,-0.0,0.0,-0.0,0.0
2026-05-26T12:51:43.962,173.744,3984,STOP,0.054787,0.054259,-0.000132,0.8,0.0,0.0,M,0,0,-0.0,0.0,-0.0,0.0
2026-05-26T12:51:44.008,173.789,3985,STOP,0.054245,0.054256,3e-06,0.8,0.0,0.0,M,0,0,-0.0,0.0,-0.0,0.0
2026-05-26T12:51:44.076,173.857,3986,STOP,0.049043,0.053213,0.001043,0.8,0.0,0.0,M,0,0,-0.0,0.0,-0.0,0.0
2026-05-26T12:51:44.104,173.885,3987,STOP,0.043001,0.051171,0.002043,0.8,0.0,0.0,M,0,0,-0.0,0.0,-0.0,0.0
2026-05-26T12:51:44.132,173.913,3988,STOP,0.033144,0.047565,0.003605,0.8,0.0,0.0,L,0,0,-0.0,0.0,-0.0,0.0
2026-05-26T12:51:44.162,173.943,3989,STOP,0.00413,0.038878,0.008687,0.8,0.0,0.0,L,0,0,-0.0,0.0,-0.0,0.0
2026-05-26T12:51:44.204,173.985,3990,STOP,0.026947,0.036492,0.002386,0.8,0.0,0.0,L,0,0,-0.0,0.0,-0.0,0.0
2026-05-26T12:51:44.239,174.021,3991,STOP,0.035112,0.036216,0.000276,0.8,0.0,0.0,L,0,0,-0.0,0.0,-0.0,0.0
2026-05-26T12:51:44.302,174.083,3992,STOP,0.044469,0.037866,-0.001651,0.8,0.0,0.0,L,0,0,-0.0,0.0,-0.0,0.0
2026-05-26T12:51:44.330,174.112,3993,STOP,0.046349,0.039563,-0.001697,0.8,0.0,0.0,L,0,0,-0.0,0.0,-0.0,0.0
2026-05-26T12:51:44.364,174.145,3994,STOP,0.049976,0.041646,-0.002083,0.8,0.0,0.0,L,0,0,-0.0,0.0,-0.0,0.0
2026-05-26T12:51:44.390,174.172,3995,STOP,0.051887,0.043694,-0.002048,0.8,0.0,0.0,L,0,0,-0.0,0.0,-0.0,0.0
2026-05-26T12:51:44.461,174.243,3996,STOP,0.057763,0.046508,-0.002814,0.8,0.0,0.0,L,0,0,-0.0,0.0,-0.0,0.0
2026-05-26T12:51:44.526,174.307,3997,STOP,0.060262,0.049258,-0.002751,0.8,0.0,0.0,L,0,0,-0.0,0.0,-0.0,0.0
2026-05-26T12:51:44.550,174.331,3998,STOP,0.059805,0.051368,-0.002109,0.8,0.0,0.0,M,0,0,-0.0,0.0,-0.0,0.0
2026-05-26T12:51:44.583,174.364,3999,STOP,0.061761,0.053446,-0.002079,0.8,0.0,0.0,M,0,0,-0.0,0.0,-0.0,0.0
2026-05-26T12:51:44.621,174.402,4000,STOP,0.06347,0.055451,-0.002005,0.8,0.0,0.0,M,0,0,-0.0,0.0,-0.0,0.0
2026-05-26T12:51:44.657,174.438,4001,STOP,0.062614,0.056884,-0.001432,0.8,0.0,0.0,M,0,0,-0.0,0.0,-0.0,0.0
2026-05-26T12:51:44.698,174.479,4002,STOP,0.063754,0.058258,-0.001374,0.8,0.0,0.0,M,0,0,-0.0,0.0,-0.0,0.0
2026-05-26T12:51:44.744,174.525,4003,STOP,0.065469,0.0597,-0.001442,0.8,0.0,0.0,M,0,0,-0.0,0.0,-0.0,0.0
2026-05-26T12:51:44.778,174.559,4004,STOP,0.071214,0.062003,-0.002303,0.8,0.0,0.0,M,0,0,-0.0,0.0,-0.0,0.0
2026-05-26T12:51:44.822,174.603,4005,STOP,0.069556,0.063513,-0.001511,0.8,0.0,0.0,M,0,0,-0.0,0.0,-0.0,0.0
2026-05-26T12:51:44.892,174.674,4006,STOP,0.076183,0.066047,-0.002534,0.8,0.0,0.0,M,0,0,-0.0,0.0,-0.0,0.0
2026-05-26T12:51:44.931,174.712,4007,STOP,0.077842,0.068406,-0.002359,0.8,0.0,0.0,M,0,0,-0.0,0.0,-0.0,0.0
2026-05-26T12:51:44.984,174.765,4008,STOP,0.08643,0.072011,-0.003605,0.8,0.0,0.0,M,0,0,-0.0,0.0,-0.0,0.0
2026-05-26T12:51:45.033,174.814,4009,STOP,0.086335,0.074876,-0.002865,0.8,0.0,0.0,M,0,0,-0.0,0.0,-0.0,0.0
2026-05-26T12:51:45.089,174.87,4010,STOP,0.095619,0.079024,-0.004149,0.8,0.0,0.0,M,0,0,-0.0,0.0,-0.0,0.0
2026-05-26T12:51:45.131,174.912,4011,STOP,0.092738,0.081767,-0.002743,0.8,0.0,0.0,M,0,0,-0.0,0.0,-0.0,0.0
2026-05-26T12:51:45.163,174.944,4012,STOP,0.094373,0.084288,-0.002521,0.8,0.0,0.0,M,0,0,-0.0,0.0,-0.0,0.0
2026-05-26T12:51:45.212,174.993,4013,STOP,0.089624,0.085355,-0.001067,0.8,0.0,0.0,M,0,0,-0.0,0.0,-0.0,0.0
2026-05-26T12:51:45.262,175.043,4014,STOP,0.099858,0.088256,-0.002901,0.8,0.0,0.0,M,0,0,-0.0,0.0,-0.0,0.0
2026-05-26T12:51:45.299,175.08,4015,STOP,0.095184,0.089641,-0.001386,0.8,0.0,0.0,M,0,0,-0.0,0.0,-0.0,0.0
2026-05-26T12:51:45.348,175.129,4016,STOP,0.103059,0.092325,-0.002683,0.8,0.0,0.0,M,0,0,-0.0,0.0,-0.0,0.0
2026-05-26T12:51:45.386,175.167,4017,STOP,0.102623,0.094385,-0.00206,0.8,0.0,0.0,M,0,0,-0.0,0.0,-0.0,0.0
2026-05-26T12:51:45.444,175.225,4018,STOP,0.110632,0.097634,-0.00325,0.8,0.0,0.0,M,0,0,-0.0,0.0,-0.0,0.0
2026-05-26T12:51:45.488,175.269,4019,STOP,0.10186,0.098479,-0.000845,0.8,0.0,0.0,M,0,0,-0.0,0.0,-0.0,0.0
2026-05-26T12:51:45.539,175.32,4020,STOP,0.111641,0.101112,-0.002632,0.8,0.0,0.0,M,0,0,-0.0,0.0,-0.0,0.0
2026-05-26T12:51:45.584,175.365,4021,STOP,0.105819,0.102053,-0.000941,0.8,0.0,0.0,M,0,0,-0.0,0.0,-0.0,0.0
2026-05-26T12:51:45.618,175.399,4022,STOP,0.10647,0.102936,-0.000883,0.8,0.0,0.0,M,0,0,-0.0,0.0,-0.0,0.0
2026-05-26T12:51:45.660,175.442,4023,STOP,0.095725,0.101494,0.001442,0.8,0.0,0.0,M,0,0,-0.0,0.0,-0.0,0.0
2026-05-26T12:51:45.689,175.47,4024,STOP,0.096944,0.100584,0.00091,0.8,0.0,0.0,M,0,0,-0.0,0.0,-0.0,0.0
2026-05-26T12:51:45.730,175.511,4025,STOP,0.091441,0.098755,0.001829,0.8,0.0,0.0,M,0,0,-0.0,0.0,-0.0,0.0
2026-05-26T12:51:45.784,175.565,4026,STOP,0.098092,0.098623,0.000133,0.8,0.0,0.0,M,0,0,-0.0,0.0,-0.0,0.0
2026-05-26T12:51:45.838,175.619,4027,STOP,0.104935,0.099885,-0.001263,0.8,0.0,0.0,M,0,0,-0.0,0.0,-0.0,0.0
2026-05-26T12:51:45.866,175.647,4028,STOP,0.104972,0.100903,-0.001017,0.8,0.0,0.0,M,0,0,-0.0,0.0,-0.0,0.0
2026-05-26T12:51:45.901,175.683,4029,STOP,0.104956,0.101713,-0.000811,0.8,0.0,0.0,M,0,0,-0.0,0.0,-0.0,0.0
2026-05-26T12:51:45.950,175.731,4030,STOP,0.108749,0.10312,-0.001407,0.8,0.0,0.0,M,0,0,-0.0,0.0,-0.0,0.0
2026-05-26T12:51:45.982,175.763,4031,STOP,0.100207,0.102538,0.000583,0.8,0.0,0.0,M,0,0,-0.0,0.0,-0.0,0.0
2026-05-26T12:51:46.037,175.818,4032,STOP,0.09385,0.1008,0.001738,0.8,0.0,0.0,M,0,0,-0.0,0.0,-0.0,0.0
2026-05-26T12:51:46.083,175.864,4033,STOP,0.100274,0.100695,0.000105,0.8,0.0,0.0,M,0,0,-0.0,0.0,-0.0,0.0
2026-05-26T12:51:46.122,175.903,4034,STOP,0.100504,0.100657,3.8e-05,0.8,0.0,0.0,M,0,0,-0.0,0.0,-0.0,0.0
2026-05-26T12:51:46.162,175.944,4035,STOP,0.088132,0.098152,0.002505,0.8,0.0,0.0,M,0,0,-0.0,0.0,-0.0,0.0
2026-05-26T12:51:46.202,175.983,4036,STOP,0.089355,0.096392,0.001759,0.8,0.0,0.0,M,0,0,-0.0,0.0,-0.0,0.0
2026-05-26T12:51:46.254,176.035,4037,STOP,0.088798,0.094874,0.001519,0.8,0.0,0.0,M,0,0,-0.0,0.0,-0.0,0.0
2026-05-26T12:51:46.296,176.078,4038,STOP,0.089202,0.093739,0.001134,0.8,0.0,0.0,M,0,0,-0.0,0.0,-0.0,0.0
2026-05-26T12:51:46.318,176.099,4039,STOP,0.090691,0.09313,0.00061,0.8,0.0,0.0,M,0,0,-0.0,0.0,-0.0,0.0
2026-05-26T12:51:46.356,176.137,4040,STOP,0.091669,0.092838,0.000292,0.8,0.0,0.0,M,0,0,-0.0,0.0,-0.0,0.0
2026-05-26T12:51:46.382,176.163,4041,STOP,0.093149,0.0929,-6.2e-05,0.8,0.0,0.0,M,0,0,-0.0,0.0,-0.0,0.0
2026-05-26T12:51:46.428,176.209,4042,STOP,0.092896,0.092899,1e-06,0.8,0.0,0.0,M,0,0,-0.0,0.0,-0.0,0.0
2026-05-26T12:51:46.464,176.246,4043,STOP,0.088977,0.092115,0.000784,0.8,0.0,0.0,M,0,0,-0.0,0.0,-0.0,0.0
2026-05-26T12:51:46.503,176.284,4044,STOP,0.091353,0.091962,0.000152,0.8,0.0,0.0,M,0,0,-0.0,0.0,-0.0,0.0
2026-05-26T12:51:46.536,176.317,4045,STOP,0.092523,0.092074,-0.000112,0.8,0.0,0.0,M,0,0,-0.0,0.0,-0.0,0.0
2026-05-26T12:51:46.583,176.364,4046,STOP,0.098655,0.09339,-0.001316,0.8,0.0,0.0,M,0,0,-0.0,0.0,-0.0,0.0
2026-05-26T12:51:46.622,176.403,4047,STOP,0.097484,0.094209,-0.000819,0.8,0.0,0.0,M,0,0,-0.0,0.0,-0.0,0.0
2026-05-26T12:51:46.666,176.447,4048,STOP,0.098494,0.095066,-0.000857,0.8,0.0,0.0,M,0,0,-0.0,0.0,-0.0,0.0
2026-05-26T12:51:46.700,176.481,4049,STOP,0.099597,0.095972,-0.000906,0.8,0.0,0.0,M,0,0,-0.0,0.0,-0.0,0.0
2026-05-26T12:51:46.722,176.503,4050,STOP,0.101934,0.097165,-0.001192,0.8,0.0,0.0,M,0,0,-0.0,0.0,-0.0,0.0
2026-05-26T12:51:46.765,176.546,4051,STOP,0.09862,0.097456,-0.000291,0.8,0.0,0.0,M,0,0,-0.0,0.0,-0.0,0.0
2026-05-26T12:51:46.798,176.579,4052,STOP,0.101291,0.098223,-0.000767,0.8,0.0,0.0,M,0,0,-0.0,0.0,-0.0,0.0
2026-05-26T12:51:46.854,176.635,4053,STOP,0.109421,0.100462,-0.00224,0.8,0.0,0.0,M,0,0,-0.0,0.0,-0.0,0.0
2026-05-26T12:51:46.894,176.676,4054,STOP,0.110062,0.102382,-0.00192,0.8,0.0,0.0,M,0,0,-0.0,0.0,-0.0,0.0
2026-05-26T12:51:46.936,176.717,4055,STOP,0.110502,0.104006,-0.001624,0.8,0.0,0.0,M,0,0,-0.0,0.0,-0.0,0.0
2026-05-26T12:51:46.978,176.759,4056,STOP,0.117947,0.106794,-0.002788,0.8,0.0,0.0,M,0,0,-0.0,0.0,-0.0,0.0
2026-05-26T12:51:47.024,176.806,4057,STOP,0.117588,0.108953,-0.002159,0.8,0.0,0.0,M,0,0,-0.0,0.0,-0.0,0.0
2026-05-26T12:51:47.076,176.857,4058,STOP,0.116332,0.110429,-0.001476,0.8,0.0,0.0,M,0,0,-0.0,0.0,-0.0,0.0
2026-05-26T12:51:47.102,176.883,4059,STOP,0.116885,0.11172,-0.001291,0.8,0.0,0.0,M,0,0,-0.0,0.0,-0.0,0.0
2026-05-26T12:51:47.150,176.931,4060,STOP,0.116526,0.112681,-0.000961,0.8,0.0,0.0,M,0,0,-0.0,0.0,-0.0,0.0
2026-05-26T12:51:47.200,176.981,4061,STOP,0.108932,0.111932,0.00075,0.8,0.0,0.0,M,0,0,-0.0,0.0,-0.0,0.0
2026-05-26T12:51:47.232,177.013,4062,STOP,0.10896,0.111337,0.000594,0.8,0.0,0.0,M,0,0,-0.0,0.0,-0.0,0.0
2026-05-26T12:51:47.270,177.051,4063,STOP,0.101817,0.109433,0.001904,0.8,0.0,0.0,M,0,0,-0.0,0.0,-0.0,0.0
2026-05-26T12:51:47.300,177.081,4064,STOP,0.099464,0.107439,0.001994,0.8,0.0,0.0,M,0,0,-0.0,0.0,-0.0,0.0
2026-05-26T12:51:47.321,177.102,4065,STOP,0.093013,0.104554,0.002885,0.8,0.0,0.0,M,0,0,-0.0,0.0,-0.0,0.0
2026-05-26T12:51:47.360,177.141,4066,STOP,0.080197,0.099683,0.004871,0.8,0.0,0.0,M,0,0,-0.0,0.118,-0.0,0.0
2026-05-26T12:51:47.398,177.179,4067,STOP,0.060326,0.091811,0.007871,0.8,0.0,0.0,M,0,0,-0.0,0.1656,-0.0,0.0
2026-05-26T12:51:47.422,177.203,4068,STOP,0.034027,0.080254,0.011557,0.8,0.0,0.0,M,0,0,-0.0,0.1656,-0.0,0.0
2026-05-26T12:51:47.470,177.252,4069,STOP,0.006388,0.065481,0.014773,0.8,0.0,0.0,M,0,0,-0.0,0.1836,-0.0,0.0
2026-05-26T12:51:47.506,177.287,4070,STOP,0.010916,0.054568,0.010913,0.8,0.0,0.0,M,0,0,-0.0,0.1959,-0.0,0.0
2026-05-26T12:51:47.542,177.323,4071,STOP,0.013256,0.046306,0.008262,0.8,0.0,0.0,L,0,0,-0.0,0.2077,-0.0,0.0
2026-05-26T12:51:47.581,177.362,4072,STOP,0.012723,0.039589,0.006716,0.8,0.0,0.0,L,0,0,-0.0,0.2126,-0.0,0.0
2026-05-26T12:51:47.646,177.427,4073,STOP,0.011938,0.034059,0.00553,0.8,0.0,0.0,L,0,0,-0.0,0.2157,-0.0,0.0
2026-05-26T12:51:47.704,177.485,4074,STOP,0.019954,0.031238,0.002821,0.8,0.0,0.0,L,0,0,-0.0,0.2169,-0.0,0.0
2026-05-26T12:51:47.770,177.551,4075,STOP,0.020305,0.029051,0.002187,0.8,0.0,0.0,L,0,0,-0.0,0.2287,-0.0,0.0
2026-05-26T12:51:47.820,177.601,4076,STOP,0.019719,0.027185,0.001866,0.8,0.0,0.0,L,0,0,-0.0,0.2287,-0.0,0.0
2026-05-26T12:51:47.857,177.638,4077,STOP,0.020315,0.025811,0.001374,0.8,0.0,0.0,L,0,0,-0.0,0.2299,-0.0,0.0
2026-05-26T12:51:47.900,177.681,4078,STOP,0.020424,0.024733,0.001077,0.8,0.0,0.0,L,0,0,-0.0,0.2305,-0.0,0.0
2026-05-26T12:51:47.927,177.708,4079,STOP,0.021413,0.024069,0.000664,0.8,0.0,0.0,L,0,0,-0.0,0.2318,-0.0,0.0
2026-05-26T12:51:47.975,177.756,4080,STOP,0.025216,0.024299,-0.000229,0.8,0.0,0.0,L,0,0,-0.0,0.2305,-0.0,0.0
2026-05-26T12:51:48.018,177.799,4081,STOP,0.022747,0.023988,0.00031,0.8,0.0,0.0,L,0,0,-0.0,0.233,-0.0,0.0
2026-05-26T12:51:48.058,177.84,4082,STOP,0.021579,0.023506,0.000482,0.8,0.0,0.0,L,0,0,-0.0,0.2942,-0.0,0.0
2026-05-26T12:51:48.121,177.902,4083,FORWARD,0.022883,0.023382,0.000125,0.8,0.0,0.0,L,0,0,-0.0,0.3387,-0.0,0.3387
2026-05-26T12:51:48.160,177.941,4084,FORWARD,0.022821,0.02327,0.000112,0.8,0.0,0.0,L,0,0,-0.0,0.4351,-0.0,0.4351
2026-05-26T12:51:48.180,177.962,4085,FORWARD,0.021736,0.022963,0.000307,0.8,0.0,0.0,L,0,0,-0.0,0.4351,-0.0,0.4351
2026-05-26T12:51:48.224,178.005,4086,FORWARD,0.022838,0.022938,2.5e-05,0.8,0.0,0.0,L,0,0,-0.0,0.4685,-0.0,0.4685
2026-05-26T12:51:48.260,178.041,4087,FORWARD,0.023852,0.023121,-0.000183,0.8,0.0,0.0,L,0,0,-0.0,0.4728,-0.0,0.4728
2026-05-26T12:51:48.309,178.09,4088,FORWARD,0.028055,0.024108,-0.000987,0.8,0.0,0.0,L,0,0,-0.0,0.4784,-0.0,0.4784
2026-05-26T12:51:48.348,178.129,4089,FORWARD,0.030064,0.025299,-0.001191,0.8,0.0,0.0,L,0,0,-0.0,0.4808,-0.0,0.4808
2026-05-26T12:51:48.412,178.193,4090,FORWARD,0.031487,0.026537,-0.001238,0.8,0.0,0.0,L,0,0,-0.0,0.4815,-0.0,0.4815
2026-05-26T12:51:48.472,178.254,4091,FORWARD,0.03898,0.029025,-0.002489,0.8,0.0,0.0,L,0,0,-0.0,0.4815,-0.0,0.4815
2026-05-26T12:51:48.510,178.291,4092,FORWARD,0.040448,0.03131,-0.002284,0.8,0.0,0.0,L,0,0,-0.0,0.4815,-0.0,0.4815
2026-05-26T12:51:48.556,178.337,4093,FORWARD,0.041258,0.033299,-0.00199,0.8,0.0,0.0,L,0,0,-0.0,0.4808,-0.0,0.4808
2026-05-26T12:51:48.594,178.375,4094,FORWARD,0.043751,0.03539,-0.00209,0.8,0.0,0.0,L,0,0,-0.0,0.4815,-0.0,0.4815
2026-05-26T12:51:48.641,178.422,4095,FORWARD,0.045499,0.037412,-0.002022,0.8,0.0,0.0,L,0,0,-0.0,0.4821,-0.0,0.4821
2026-05-26T12:51:48.682,178.463,4096,FORWARD,0.03936,0.037801,-0.00039,0.8,0.0,0.0,L,0,0,-0.0,0.4821,-0.0,0.4821
2026-05-26T12:51:48.740,178.521,4097,FORWARD,0.046921,0.039625,-0.001824,0.8,0.0,0.0,L,0,0,-0.0,0.4815,-0.0,0.4815
2026-05-26T12:51:48.800,178.581,4098,FORWARD,0.048427,0.041386,-0.00176,0.8,0.0,0.0,L,0,0,-0.0,0.4815,0.0124,0.4815
2026-05-26T12:51:48.829,178.61,4099,FORWARD,0.04993,0.043094,-0.001709,0.8,0.0,0.0,L,0,0,-0.0,0.4815,0.0124,0.4815
2026-05-26T12:51:48.872,178.653,4100,FORWARD,0.053631,0.045202,-0.002107,0.8,0.0,0.0,L,0,0,-0.0,0.4808,0.188,0.4808
2026-05-26T12:51:48.925,178.707,4101,FORWARD,0.053314,0.046824,-0.001622,0.8,0.0,0.0,L,0,0,-0.0,0.4808,0.2104,0.4808
2026-05-26T12:51:48.958,178.739,4102,FORWARD,0.045138,0.046487,0.000337,0.8,0.0,0.0,L,0,0,-0.0,0.4808,0.2387,0.4808
2026-05-26T12:51:48.989,178.77,4103,FORWARD,0.041873,0.045564,0.000923,0.8,0.0,0.0,L,0,0,-0.0,0.4796,0.2675,0.4796
2026-05-26T12:51:49.018,178.799,4104,FORWARD,0.039304,0.044312,0.001252,0.8,0.0,0.0,L,0,0,-0.0,0.479,0.2805,0.479
2026-05-26T12:51:49.056,178.837,4105,FORWARD,0.03251,0.041952,0.00236,0.8,0.0,0.0,L,0,0,-0.0,0.4679,0.2935,0.4679
2026-05-26T12:51:49.093,178.874,4106,FORWARD,0.034618,0.040485,0.001467,0.8,0.0,0.0,L,0,0,-0.0,0.4679,0.2935,0.4679
2026-05-26T12:51:49.132,178.913,4107,FORWARD,0.036488,0.039685,0.000799,0.8,0.0,0.0,L,0,0,-0.0,0.4666,0.2964,0.4666
2026-05-26T12:51:49.188,178.969,4108,FORWARD,0.05483,0.042714,-0.003029,0.8,0.0,0.0,L,0,0,-0.0,0.4679,0.3265,0.4679
2026-05-26T12:51:49.245,179.026,4109,FORWARD,0.061471,0.046466,-0.003751,0.8,0.0,0.0,L,0,0,-0.0,0.4691,0.3441,0.4691
2026-05-26T12:51:49.289,179.071,4110,FORWARD,0.076966,0.052566,-0.0061,0.8,0.0,0.0,M,0,0,-0.0,0.4685,0.4078,0.4685
2026-05-26T12:51:49.343,179.125,4111,FORWARD,0.082361,0.058525,-0.005959,0.8,0.0,0.0,M,0,0,-0.0,0.4685,0.4154,0.4685
2026-05-26T12:51:49.398,179.179,4112,FORWARD,0.08377,0.063574,-0.005049,0.8,0.0,0.0,M,0,0,-0.0,0.4685,0.4154,0.4685
2026-05-26T12:51:49.440,179.221,4113,FORWARD,0.078213,0.066502,-0.002928,0.8,0.0,0.0,M,0,0,-0.0,0.4679,0.4532,0.4679
2026-05-26T12:51:49.487,179.269,4114,FORWARD,0.079759,0.069153,-0.002651,0.8,0.0,0.0,M,0,0,-0.0,0.4685,0.4596,0.4685
2026-05-26T12:51:49.520,179.301,4115,ROT_R,0.071735,0.069669,-0.000516,0.8,0.0,0.0,M,0,0,-0.0,0.4691,0.5044,0.5044
2026-05-26T12:51:49.556,179.337,4116,ROT_R,0.069953,0.069726,-5.7e-05,0.8,0.0,0.0,M,0,0,-0.0,0.4685,0.5233,0.5233
2026-05-26T12:51:49.601,179.383,4117,ROT_R,0.075485,0.070878,-0.001152,0.8,0.0,0.0,M,0,0,-0.0,0.4685,0.5309,0.5309
2026-05-26T12:51:49.660,179.442,4118,ROT_R,0.090062,0.074715,-0.003837,0.8,0.0,0.0,M,0,0,-0.0,0.4679,0.5846,0.5846
2026-05-26T12:51:49.700,179.481,4119,ROT_R,0.089882,0.077748,-0.003033,0.8,0.0,0.0,M,0,0,-0.0,0.4679,0.6052,0.6052
2026-05-26T12:51:49.740,179.522,4120,ROT_R,0.097982,0.081795,-0.004047,0.8,0.0,0.0,M,0,0,-0.0,0.4672,0.6117,0.6117
2026-05-26T12:51:49.813,179.594,4121,ROT_R,0.12021,0.089478,-0.007683,0.8,0.0,0.0,M,0,0,-0.0,0.4679,0.6759,0.6759
2026-05-26T12:51:49.863,179.644,4122,ROT_R,0.127824,0.097147,-0.007669,0.8,0.0,0.0,M,0,0,-0.0,0.4685,0.6877,0.6877
2026-05-26T12:51:49.938,179.719,4123,ROT_R,0.132765,0.104271,-0.007124,0.8,0.0,0.0,M,0,0,-0.0,0.4679,0.7036,0.7036
2026-05-26T12:51:50.000,179.781,4124,ROT_R,0.134882,0.110393,-0.006122,0.8,0.0,0.0,M,0,0,-0.0,0.4679,0.7036,0.7036
2026-05-26T12:51:50.061,179.842,4125,ROT_R,0.151023,0.118519,-0.008126,0.8,0.0,0.0,M,0,0,-0.0,0.4679,0.703,0.703
2026-05-26T12:51:50.103,179.884,4126,ROT_R,0.145551,0.123925,-0.005406,0.8,0.0,0.0,M,0,0,-0.0,0.4679,0.7042,0.7042
2026-05-26T12:51:50.153,179.935,4127,ROT_R,0.147295,0.128599,-0.004674,0.8,0.0,0.0,M,0,0,-0.0,0.4672,0.7018,0.7018
2026-05-26T12:51:50.175,179.956,4128,ROT_R,0.144091,0.131698,-0.003098,0.8,0.0,0.0,M,0,0,-0.0,0.4672,0.7018,0.7018
2026-05-26T12:51:50.233,180.015,4129,FORWARD,0.137536,0.132865,-0.001168,0.8,0.0,0.0,M,0,0,-0.0,0.4679,0.1067,0.4679
2026-05-26T12:51:50.273,180.055,4130,FORWARD,0.129269,0.132146,0.000719,0.8,0.0,0.0,M,0,0,-0.0,0.4685,-0.0,0.4685
2026-05-26T12:51:50.330,180.111,4131,FORWARD,0.129193,0.131555,0.00059,0.8,0.0,0.0,M,0,0,-0.0,0.4679,-0.0,0.4679
2026-05-26T12:51:50.376,180.157,4132,FORWARD,0.115504,0.128345,0.00321,0.8,0.0,0.0,M,0,0,-0.0,0.4679,-0.0,0.4679
2026-05-26T12:51:50.432,180.213,4133,FORWARD,0.118648,0.126406,0.001939,0.8,0.0,0.0,M,0,0,-0.0,0.4679,-0.0,0.4679
2026-05-26T12:51:50.464,180.245,4134,FORWARD,0.117604,0.124645,0.00176,0.8,0.0,0.0,M,0,0,-0.0,0.4672,-0.0,0.4672
2026-05-26T12:51:50.509,180.29,4135,FORWARD,0.111395,0.121995,0.00265,0.8,0.0,0.0,M,0,0,-0.0,0.4679,-0.0,0.4679
2026-05-26T12:51:50.548,180.329,4136,FORWARD,0.097543,0.117105,0.00489,0.8,0.0,0.0,M,0,0,-0.0,0.4679,-0.0,0.4679
2026-05-26T12:51:50.595,180.376,4137,FORWARD,0.085278,0.110739,0.006365,0.8,0.0,0.0,M,0,0,-0.0,0.4679,-0.0,0.4679
2026-05-26T12:51:50.616,180.398,4138,FORWARD,0.076509,0.103893,0.006846,0.8,0.0,0.0,M,0,0,-0.0,0.4672,-0.0,0.4672
2026-05-26T12:51:50.669,180.45,4139,FORWARD,0.084461,0.100007,0.003887,0.8,0.0,0.0,M,0,0,-0.0,0.4685,-0.0,0.4685
2026-05-26T12:51:50.701,180.482,4140,FORWARD,0.079474,0.0959,0.004106,0.8,0.0,0.0,M,0,0,-0.0,0.4685,-0.0,0.4685
2026-05-26T12:51:50.741,180.522,4141,FORWARD,0.087309,0.094182,0.001718,0.8,0.0,0.0,M,0,0,-0.0,0.4685,-0.0,0.4685
2026-05-26T12:51:50.790,180.571,4142,FORWARD,0.088709,0.093087,0.001095,0.8,0.0,0.0,M,0,0,-0.0,0.4679,-0.0068,0.4679
2026-05-26T12:51:50.808,180.589,4143,FORWARD,0.082746,0.091019,0.002068,0.8,0.0,0.0,M,0,0,-0.0,0.4679,-0.0068,0.4679
2026-05-26T12:51:50.844,180.625,4144,FORWARD,0.074695,0.087754,0.003265,0.8,0.0,0.0,M,0,0,-0.0,0.4691,-0.1063,0.4691
2026-05-26T12:51:50.878,180.659,4145,FORWARD,0.085706,0.087345,0.00041,0.8,0.0,0.0,M,0,0,-0.0,0.4679,-0.1527,0.4679
2026-05-26T12:51:50.906,180.688,4146,FORWARD,0.093297,0.088535,-0.00119,0.8,0.0,0.0,M,0,0,-0.0,0.4685,-0.178,0.4685
2026-05-26T12:51:50.955,180.737,4147,FORWARD,0.089831,0.088794,-0.000259,0.8,0.0,0.0,M,0,0,-0.0,0.4679,-0.1799,0.4679
2026-05-26T12:51:50.990,180.771,4148,FORWARD,0.07128,0.085291,0.003503,0.8,0.0,0.0,M,0,0,-0.0,0.4679,-0.1774,0.4679
2026-05-26T12:51:51.024,180.805,4149,FORWARD,0.056125,0.079458,0.005833,0.8,0.0,0.0,M,0,0,-0.0,0.4679,-0.1774,0.4679
2026-05-26T12:51:51.058,180.839,4150,FORWARD,0.056019,0.07477,0.004688,0.8,0.0,0.0,M,0,0,-0.0,0.4679,-0.1774,0.4679
2026-05-26T12:51:51.096,180.877,4151,FORWARD,0.067729,0.073362,0.001408,0.8,0.0,0.0,M,0,0,-0.0,0.4679,-0.1422,0.4679
2026-05-26T12:51:51.131,180.913,4152,FORWARD,0.085294,0.075748,-0.002386,0.8,0.0,0.0,M,0,0,-0.0,0.4679,-0.1422,0.4679
2026-05-26T12:51:51.176,180.957,4153,FORWARD,0.109204,0.08244,-0.006691,0.8,0.0,0.0,M,0,0,-0.0,0.4679,-0.0841,0.4679
2026-05-26T12:51:51.208,180.989,4154,FORWARD,0.111638,0.088279,-0.00584,0.8,0.0,0.0,M,0,0,-0.0,0.4679,-0.0513,0.4679
2026-05-26T12:51:51.246,181.027,4155,FORWARD,0.106113,0.091846,-0.003567,0.8,0.0,0.0,M,0,0,-0.0,0.4679,-0.034,0.4679
2026-05-26T12:51:51.301,181.083,4156,FORWARD,0.097977,0.093072,-0.001226,0.8,0.0,0.0,M,0,0,-0.0,0.4679,-0.0315,0.4679
2026-05-26T12:51:51.332,181.113,4157,FORWARD,0.089168,0.092291,0.000781,0.8,0.0,0.0,M,0,0,-0.0,0.4679,-0.0315,0.4679
2026-05-26T12:51:51.365,181.147,4158,FORWARD,0.069442,0.087722,0.00457,0.8,0.0,0.0,M,0,0,-0.0,0.466,-0.0606,0.466
2026-05-26T12:51:51.412,181.193,4159,FORWARD,0.065016,0.08318,0.004541,0.8,0.0,0.0,M,0,0,-0.0,0.4623,-0.0735,0.4623
2026-05-26T12:51:51.476,181.257,4160,FORWARD,0.057498,0.078044,0.005136,0.8,0.0,0.0,M,0,0,-0.0,0.4592,-0.0717,0.4592
2026-05-26T12:51:51.532,181.313,4161,FORWARD,0.060502,0.074536,0.003508,0.8,0.0,0.0,M,0,0,-0.0,0.4586,-0.0692,0.4586
2026-05-26T12:51:51.581,181.362,4162,FORWARD,0.059446,0.071518,0.003018,0.8,0.0,0.0,M,0,0,-0.0,0.4592,-0.0692,0.4592
2026-05-26T12:51:51.639,181.421,4163,FORWARD,0.063448,0.069904,0.001614,0.8,0.0,0.0,M,0,0,-0.0,0.4586,-0.0,0.4586
2026-05-26T12:51:51.691,181.473,4164,FORWARD,0.062554,0.068434,0.00147,0.8,0.0,0.0,M,0,0,-0.0,0.458,-0.0,0.458
2026-05-26T12:51:51.752,181.533,4165,FORWARD,0.075592,0.069866,-0.001432,0.8,0.0,0.0,M,0,0,-0.0,0.4549,-0.0,0.4549
2026-05-26T12:51:51.801,181.583,4166,FORWARD,0.070612,0.070015,-0.000149,0.8,0.0,0.0,M,0,0,-0.0,0.4493,-0.0,0.4493
2026-05-26T12:51:51.839,181.62,4167,FORWARD,0.063999,0.068812,0.001203,0.8,0.0,0.0,M,0,0,-0.0,0.4456,-0.0,0.4456
2026-05-26T12:51:51.895,181.676,4168,FORWARD,0.058391,0.066728,0.002084,0.8,0.0,0.0,M,0,0,-0.0,0.4444,-0.0,0.4444
2026-05-26T12:51:51.932,181.713,4169,FORWARD,0.064101,0.066202,0.000525,0.8,0.0,0.0,M,0,0,-0.0,0.4438,-0.0,0.4438
2026-05-26T12:51:51.966,181.748,4170,FORWARD,0.056523,0.064266,0.001936,0.8,0.0,0.0,M,0,0,-0.0,0.4438,-0.0,0.4438
2026-05-26T12:51:52.013,181.794,4171,FORWARD,0.054262,0.062266,0.002001,0.8,0.0,0.0,M,0,0,-0.0,0.4438,-0.0,0.4438
2026-05-26T12:51:52.067,181.849,4172,FORWARD,0.059611,0.061735,0.000531,0.8,0.0,0.0,M,0,0,-0.0,0.4438,-0.1582,0.4438
2026-05-26T12:51:52.132,181.914,4173,FORWARD,0.055907,0.060569,0.001166,0.8,0.0,0.0,M,0,0,-0.0,0.4438,-0.2033,0.4438
2026-05-26T12:51:52.186,181.967,4174,FORWARD,0.053752,0.059206,0.001363,0.8,0.0,0.0,M,0,0,-0.0,0.4419,-0.2417,0.4419
2026-05-26T12:51:52.230,182.011,4175,FORWARD,0.054162,0.058197,0.001009,0.8,0.0,0.0,M,0,0,-0.0,0.4407,-0.2379,0.4407
2026-05-26T12:51:52.288,182.069,4176,FORWARD,0.060409,0.058639,-0.000442,0.8,0.0,0.0,M,0,0,-0.0,0.4388,-0.2398,0.4388
2026-05-26T12:51:52.332,182.113,4177,FORWARD,0.05776,0.058463,0.000176,0.8,0.0,0.0,M,0,0,-0.0,0.4376,-0.2256,0.4376
2026-05-26T12:51:52.369,182.15,4178,FORWARD,0.096003,0.065971,-0.007508,0.8,0.0,0.0,M,0,0,-0.0,0.437,-0.1978,0.437
2026-05-26T12:51:52.430,182.211,4179,FORWARD,0.108615,0.0745,-0.008529,0.8,0.0,0.0,M,0,0,-0.0,0.4363,-0.1749,0.4363
2026-05-26T12:51:52.464,182.245,4180,FORWARD,0.12054,0.083708,-0.009208,0.8,0.0,0.0,M,0,0,-0.0,0.437,-0.1347,0.437
2026-05-26T12:51:52.510,182.291,4181,FORWARD,0.132638,0.093494,-0.009786,0.8,0.0,0.0,M,0,0,-0.0,0.437,-0.0946,0.437
2026-05-26T12:51:52.568,182.349,4182,FORWARD,0.134986,0.101792,-0.008298,0.8,0.0,0.0,M,0,0,-0.0,0.437,-0.0,0.437
2026-05-26T12:51:52.624,182.405,4183,FORWARD,0.130582,0.10755,-0.005758,0.8,0.0,0.0,M,0,0,-0.0,0.4357,-0.0,0.4357
2026-05-26T12:51:52.672,182.453,4184,FORWARD,0.120019,0.110044,-0.002494,0.8,0.0,0.0,M,0,0,-0.0,0.437,-0.0,0.437
2026-05-26T12:51:52.727,182.509,4185,FORWARD,0.099958,0.108027,0.002017,0.8,0.0,0.0,M,0,0,-0.0,0.4258,-0.0,0.4258
2026-05-26T12:51:52.776,182.558,4186,FORWARD,0.058221,0.098066,0.009961,0.8,0.0,0.0,M,0,0,-0.0,0.4246,-0.0,0.4246
2026-05-26T12:51:52.836,182.618,4187,FORWARD,0.061933,0.090839,0.007227,0.8,0.0,0.0,M,0,0,-0.0,0.4246,-0.2009,0.4246
2026-05-26T12:51:52.876,182.658,4188,FORWARD,0.055775,0.083826,0.007013,0.8,0.0,0.0,M,0,0,-0.0,0.424,-0.207,0.424
2026-05-26T12:51:52.929,182.711,4189,FORWARD,0.049614,0.076984,0.006842,0.8,0.0,0.0,M,0,0,-0.0,0.4246,-0.1972,0.4246
2026-05-26T12:51:52.978,182.759,4190,FORWARD,0.058668,0.073321,0.003663,0.8,0.0,0.0,M,0,0,-0.0,0.4227,-0.0,0.4227
2026-05-26T12:51:53.028,182.809,4191,FORWARD,0.06586,0.071829,0.001492,0.8,0.0,0.0,M,0,0,-0.0,0.3986,-0.0,0.3986
2026-05-26T12:51:53.065,182.846,4192,FORWARD,0.066185,0.0707,0.001129,0.8,0.0,0.0,M,0,0,-0.0,0.3986,-0.0,0.3986
2026-05-26T12:51:53.082,182.864,4193,FORWARD,0.057524,0.068065,0.002635,0.8,0.0,0.0,M,0,0,-0.0,0.3776,-0.0,0.3776
2026-05-26T12:51:53.128,182.909,4194,STOP,0.063909,0.067234,0.000831,0.8,0.0,0.0,M,0,0,-0.0,0.1428,-0.0,0.0
2026-05-26T12:51:53.190,182.971,4195,STOP,0.097919,0.073371,-0.006137,0.8,0.0,0.0,M,0,0,-0.0,0.0,-0.0,0.0
2026-05-26T12:51:53.217,182.999,4196,STOP,0.098921,0.078481,-0.00511,0.8,0.0,0.0,M,0,0,-0.0,0.0,-0.0,0.0
2026-05-26T12:51:53.260,183.041,4197,STOP,0.077023,0.078189,0.000292,0.8,0.0,0.0,M,0,0,-0.0,0.0,-0.0,0.0
2026-05-26T12:51:53.311,183.093,4198,STOP,0.053089,0.073169,0.00502,0.8,0.0,0.0,M,0,0,-0.0,0.0,-0.0,0.0
2026-05-26T12:51:53.353,183.135,4199,STOP,0.067613,0.072058,0.001111,0.8,0.0,0.0,M,0,0,-0.0,0.0,-0.0,0.0
2026-05-26T12:51:53.389,183.17,4200,STOP,0.098018,0.07725,-0.005192,0.8,0.0,0.0,M,0,0,-0.0,0.0,-0.0,0.0
2026-05-26T12:51:53.432,183.213,4201,STOP,0.064406,0.074681,0.002569,0.8,0.0,0.0,M,0,0,-0.0,0.0,-0.0,0.0
2026-05-26T12:51:53.481,183.262,4202,STOP,0.025208,0.064786,0.009895,0.8,0.0,0.0,M,0,0,-0.0,0.0,-0.0,0.0
2026-05-26T12:51:53.532,183.313,4203,STOP,0.074027,0.066635,-0.001848,0.8,0.0,0.0,M,0,0,-0.0,0.0,-0.0,0.0
2026-05-26T12:51:53.572,183.353,4204,STOP,0.068601,0.067028,-0.000393,0.8,0.0,0.0,M,0,0,-0.0,0.0,-0.0,0.0
2026-05-26T12:51:53.613,183.394,4205,STOP,0.036726,0.060968,0.00606,0.8,0.0,0.0,M,0,0,-0.0,0.0,-0.0,0.0
2026-05-26T12:51:53.659,183.441,4206,STOP,0.045647,0.057903,0.003064,0.8,0.0,0.0,M,0,0,-0.0,0.0,-0.0,0.0
2026-05-26T12:51:53.688,183.47,4207,STOP,0.039286,0.05418,0.003724,0.8,0.0,0.0,M,0,0,-0.0,0.0,-0.0,0.0
2026-05-26T12:51:53.719,183.5,4208,STOP,0.041512,0.051646,0.002534,0.8,0.0,0.0,M,0,0,-0.0,0.0,-0.0,0.0
2026-05-26T12:51:53.751,183.533,4209,STOP,0.087104,0.058738,-0.007092,0.8,0.0,0.0,M,0,0,-0.0,0.0,-0.0,0.0
2026-05-26T12:51:53.792,183.573,4210,STOP,0.109053,0.068801,-0.010063,0.8,0.0,0.0,M,0,0,-0.0,0.0,-0.0,0.0
2026-05-26T12:51:53.824,183.605,4211,STOP,0.116871,0.078415,-0.009614,0.8,0.0,0.0,M,0,0,-0.0,0.0,-0.0,0.0
2026-05-26T12:51:53.865,183.646,4212,STOP,0.125276,0.087787,-0.009372,0.8,0.0,0.0,M,0,0,-0.0,0.0,-0.0,0.0
2026-05-26T12:51:53.914,183.695,4213,STOP,0.124815,0.095193,-0.007406,0.8,0.0,0.0,M,0,0,-0.0,0.0,-0.0,0.0
2026-05-26T12:51:53.972,183.753,4214,STOP,0.135242,0.103203,-0.00801,0.8,0.0,0.0,M,0,0,-0.0,0.0,-0.0,0.0
2026-05-26T12:51:53.998,183.779,4215,STOP,0.140616,0.110685,-0.007483,0.8,0.0,0.0,M,0,0,-0.0,0.0,-0.0,0.0
2026-05-26T12:51:54.029,183.811,4216,STOP,0.143977,0.117344,-0.006658,0.8,0.0,0.0,M,0,0,-0.0,0.0,-0.0,0.0
2026-05-26T12:51:54.072,183.853,4217,STOP,0.145699,0.123015,-0.005671,0.8,0.0,0.0,M,0,0,-0.0,0.0,-0.0,0.0
2026-05-26T12:51:54.108,183.89,4218,STOP,0.148938,0.128199,-0.005185,0.8,0.0,0.0,M,0,0,-0.0,0.0,-0.0,0.0
2026-05-26T12:51:54.161,183.943,4219,STOP,0.137972,0.130154,-0.001955,0.8,0.0,0.0,M,0,0,-0.0,0.0,-0.0,0.0
2026-05-26T12:51:54.200,183.981,4220,STOP,0.151006,0.134324,-0.00417,0.8,0.0,0.0,M,0,0,-0.0,0.0,-0.0,0.0
2026-05-26T12:51:54.244,184.025,4221,STOP,0.144818,0.136423,-0.002099,0.8,0.0,0.0,M,0,0,-0.0,0.0,-0.0,0.0
2026-05-26T12:51:54.298,184.079,4222,STOP,0.147868,0.138712,-0.002289,0.8,0.0,0.0,M,0,0,-0.0,0.0,-0.0,0.0
2026-05-26T12:51:54.344,184.125,4223,STOP,0.164924,0.143955,-0.005242,0.8,0.0,0.0,M,0,0,-0.0,0.0,-0.0,0.0
2026-05-26T12:51:54.383,184.164,4224,STOP,0.168594,0.148883,-0.004928,0.8,0.0,0.0,M,0,0,-0.0,0.0,-0.0,0.0
2026-05-26T12:51:54.421,184.202,4225,STOP,0.162192,0.151544,-0.002662,0.8,0.0,0.0,H,0,0,-0.0,0.0,-0.0,0.0
2026-05-26T12:51:54.480,184.261,4226,STOP,0.16486,0.154208,-0.002663,0.8,0.0,0.0,H,0,0,-0.0,0.0,-0.0,0.0
2026-05-26T12:51:54.529,184.31,4227,STOP,0.170689,0.157504,-0.003296,0.8,0.0,0.0,H,0,0,-0.0,0.0,-0.0,0.0
2026-05-26T12:51:54.558,184.339,4228,STOP,0.160343,0.158072,-0.000568,0.8,0.0,0.0,H,0,0,-0.0,0.0,-0.0,0.0
2026-05-26T12:51:54.614,184.395,4229,STOP,0.169224,0.160302,-0.00223,0.8,0.0,0.0,H,0,0,-0.0,0.0,-0.0,0.0
2026-05-26T12:51:54.653,184.435,4230,STOP,0.168513,0.161944,-0.001642,0.8,0.0,0.0,H,0,0,-0.0,0.0,-0.0,0.0
2026-05-26T12:51:54.706,184.487,4231,STOP,0.175391,0.164633,-0.002689,0.8,0.0,0.0,H,0,0,-0.0,0.0,-0.0,0.0
2026-05-26T12:51:54.740,184.521,4232,STOP,0.170739,0.165855,-0.001221,0.8,0.0,0.0,H,0,0,-0.0,0.0,-0.0,0.0
2026-05-26T12:51:54.773,184.554,4233,STOP,0.172626,0.167209,-0.001354,0.8,0.0,0.0,H,0,0,-0.0,0.0,-0.0,0.0
2026-05-26T12:51:54.827,184.608,4234,STOP,0.162877,0.166342,0.000866,0.8,0.0,0.0,H,0,0,-0.0,0.0,-0.0,0.0
2026-05-26T12:51:54.879,184.66,4235,STOP,0.170942,0.167262,-0.00092,0.8,0.0,0.0,H,0,0,-0.0,0.0,-0.0,0.0
2026-05-26T12:51:54.913,184.694,4236,STOP,0.156966,0.165203,0.002059,0.8,0.0,0.0,H,0,0,-0.0,0.0,-0.0,0.0
2026-05-26T12:51:54.964,184.745,4237,STOP,0.169954,0.166153,-0.00095,0.8,0.0,0.0,H,0,0,-0.0,0.0,-0.0,0.0
2026-05-26T12:51:55.006,184.787,4238,STOP,0.171459,0.167214,-0.001061,0.8,0.0,0.0,H,0,0,-0.0,0.0,-0.0,0.0
2026-05-26T12:51:55.047,184.829,4239,STOP,0.173752,0.168522,-0.001307,0.8,0.0,0.0,H,0,0,-0.0,0.0,-0.0,0.0
2026-05-26T12:51:55.083,184.864,4240,STOP,0.16507,0.167831,0.00069,0.8,0.0,0.0,H,0,0,-0.0,0.0,-0.0,0.0
2026-05-26T12:51:55.120,184.901,4241,STOP,0.16309,0.166883,0.000948,0.8,0.0,0.0,H,0,0,-0.0,0.0,-0.0,0.0
2026-05-26T12:51:55.149,184.931,4242,STOP,0.147698,0.163046,0.003837,0.8,0.0,0.0,H,0,0,-0.0,0.0,-0.0,0.0
2026-05-26T12:51:55.197,184.979,4243,STOP,0.132553,0.156948,0.006099,0.8,0.0,0.0,H,0,0,-0.0,0.0,-0.0,0.0
2026-05-26T12:51:55.236,185.017,4244,STOP,0.109403,0.147439,0.009509,0.8,0.0,0.0,M,0,0,-0.0,0.0,-0.0,0.0
2026-05-26T12:51:55.260,185.041,4245,STOP,0.071541,0.132259,0.01518,0.8,0.0,0.0,M,0,0,-0.0,0.0,-0.0,0.0
2026-05-26T12:51:55.303,185.085,4246,STOP,0.020484,0.109904,0.022355,0.8,0.0,0.0,M,0,0,-0.0,0.0,-0.0,0.0
2026-05-26T12:51:55.347,185.128,4247,STOP,0.02177,0.092277,0.017627,0.8,0.0,0.0,M,0,0,-0.0,0.0,-0.0,0.0
2026-05-26T12:51:55.383,185.164,4248,STOP,0.021763,0.078174,0.014103,0.8,0.0,0.0,M,0,0,-0.0,0.0,-0.0,0.0
2026-05-26T12:51:55.431,185.213,4249,STOP,0.014028,0.065345,0.012829,0.8,0.0,0.0,M,0,0,-0.0,0.0,-0.0,0.0
2026-05-26T12:51:55.466,185.247,4250,STOP,0.01227,0.05473,0.010615,0.8,0.0,0.0,M,0,0,-0.0,0.0,-0.0,0.0
2026-05-26T12:51:55.497,185.278,4251,STOP,0.008448,0.045474,0.009256,0.8,0.0,0.0,L,0,0,-0.0,0.0,-0.0,0.0
2026-05-26T12:51:55.536,185.317,4252,STOP,0.009226,0.038224,0.00725,0.8,0.0,0.0,L,0,0,-0.0,0.0,-0.0,0.0
2026-05-26T12:51:55.572,185.353,4253,STOP,0.007676,0.032114,0.00611,0.8,0.0,0.0,L,0,0,-0.0,0.0,-0.0,0.0
2026-05-26T12:51:55.620,185.401,4254,STOP,0.007281,0.027148,0.004967,0.8,0.0,0.0,L,0,0,-0.0,0.0,-0.0,0.0
2026-05-26T12:51:55.671,185.452,4255,STOP,0.011246,0.023968,0.00318,0.8,0.0,0.0,L,0,0,-0.0,0.0,-0.0,0.0
2026-05-26T12:51:55.701,185.483,4256,STOP,0.010128,0.0212,0.002768,0.8,0.0,0.0,L,0,0,-0.0,0.0,-0.0,0.0
2026-05-26T12:51:55.736,185.517,4257,STOP,0.008197,0.018599,0.002601,0.8,0.0,0.0,L,0,0,-0.0,0.0,-0.0,0.0
2026-05-26T12:51:55.773,185.555,4258,STOP,0.008447,0.016569,0.00203,0.8,0.0,0.0,L,0,0,-0.0,0.0,-0.0,0.0
2026-05-26T12:51:55.799,185.58,4259,STOP,0.006833,0.014622,0.001947,0.8,0.0,0.0,L,0,0,-0.0,0.0,-0.0,0.0
2026-05-26T12:51:55.837,185.618,4260,STOP,0.005941,0.012886,0.001736,0.8,0.0,0.0,L,0,0,-0.0,0.0,-0.0,0.0
2026-05-26T12:51:55.868,185.649,4261,STOP,0.016369,0.013582,-0.000697,0.8,0.0,0.0,L,0,0,-0.0,0.0,-0.0,0.0
2026-05-26T12:51:55.928,185.709,4262,STOP,0.023702,0.015606,-0.002024,0.8,0.0,0.0,L,0,0,-0.0,0.0,-0.0,0.0
2026-05-26T12:51:55.959,185.741,4263,STOP,0.017323,0.015949,-0.000343,0.8,0.0,0.0,L,0,0,-0.0,0.0,-0.0,0.0
2026-05-26T12:51:55.986,185.767,4264,STOP,0.006629,0.014085,0.001864,0.8,0.0,0.0,L,0,0,-0.0,0.0,-0.0,0.0
2026-05-26T12:51:56.037,185.819,4265,STOP,0.008487,0.012966,0.00112,0.8,0.0,0.0,L,0,0,-0.0,0.0,-0.0,0.0
2026-05-26T12:51:56.100,185.881,4266,STOP,0.011781,0.012729,0.000237,0.8,0.0,0.0,L,0,0,-0.0,0.0,-0.0,0.0
2026-05-26T12:51:56.144,185.925,4267,STOP,0.006624,0.011508,0.001221,0.8,0.0,0.0,L,0,0,-0.0,0.0,-0.0,0.0
2026-05-26T12:51:56.185,185.967,4268,STOP,0.012697,0.011746,-0.000238,0.8,0.0,0.0,L,0,0,-0.0,0.0,-0.0,0.0
2026-05-26T12:51:56.236,186.017,4269,STOP,0.019485,0.013294,-0.001548,0.8,0.0,0.0,L,0,0,-0.0,0.0,-0.0,0.0
2026-05-26T12:51:56.279,186.06,4270,STOP,0.016008,0.013836,-0.000543,0.8,0.0,0.0,L,0,0,-0.0,0.0,-0.0,0.0
2026-05-26T12:51:56.315,186.097,4271,STOP,0.011226,0.013314,0.000522,0.8,0.0,0.0,L,0,0,-0.0,0.0,-0.0,0.0
2026-05-26T12:51:56.360,186.141,4272,STOP,0.016859,0.014023,-0.000709,0.8,0.0,0.0,L,0,0,-0.0,0.0,-0.0,0.0
2026-05-26T12:51:56.406,186.187,4273,STOP,0.087025,0.028624,-0.0146,0.8,0.0,0.0,L,0,0,-0.0,0.0,-0.0,0.0
2026-05-26T12:51:56.432,186.214,4274,STOP,0.116948,0.046288,-0.017665,0.8,0.0,0.0,L,0,0,-0.0,0.0,-0.0,0.0
2026-05-26T12:51:56.472,186.253,4275,STOP,0.136882,0.064407,-0.018119,0.8,0.0,0.0,M,0,0,-0.0,0.0,-0.0,0.0
2026-05-26T12:51:56.525,186.306,4276,STOP,0.150997,0.081725,-0.017318,0.8,0.0,0.0,M,0,0,-0.0,0.0,-0.0,0.0
2026-05-26T12:51:56.563,186.344,4277,STOP,0.169115,0.099203,-0.017478,0.8,0.0,0.0,M,0,0,-0.0,0.0,-0.0,0.0
2026-05-26T12:51:56.595,186.376,4278,STOP,0.164661,0.112295,-0.013092,0.8,0.0,0.0,M,0,0,-0.0,0.0,-0.0,0.0
2026-05-26T12:51:56.653,186.435,4279,STOP,0.164117,0.122659,-0.010365,0.8,0.0,0.0,M,0,0,-0.0,0.0,-0.0,0.0
2026-05-26T12:51:56.676,186.457,4280,STOP,0.163244,0.130776,-0.008117,0.8,0.0,0.0,M,0,0,-0.0,0.0,-0.0,0.0
2026-05-26T12:51:56.711,186.492,4281,STOP,0.16093,0.136807,-0.006031,0.8,0.0,0.0,M,0,0,-0.0,0.0,-0.0,0.0
2026-05-26T12:51:56.749,186.53,4282,STOP,0.151428,0.139731,-0.002924,0.8,0.0,0.0,M,0,0,-0.0,0.0,-0.0,0.0
2026-05-26T12:51:56.777,186.558,4283,STOP,0.153632,0.142511,-0.00278,0.8,0.0,0.0,M,0,0,-0.0,0.0,-0.0,0.0
2026-05-26T12:51:56.815,186.597,4284,STOP,0.154975,0.145004,-0.002493,0.8,0.0,0.0,M,0,0,-0.0,0.0,-0.0,0.0
2026-05-26T12:51:56.871,186.652,4285,STOP,0.166055,0.149214,-0.00421,0.8,0.0,0.0,M,0,0,-0.0,0.0,-0.0,0.0
2026-05-26T12:51:56.934,186.715,4286,STOP,0.175246,0.154421,-0.005206,0.8,0.0,0.0,H,0,0,-0.0,0.0,-0.0,0.0
2026-05-26T12:51:56.991,186.773,4287,STOP,0.175001,0.158537,-0.004116,0.8,0.0,0.0,H,0,0,-0.0,0.0,-0.0,0.0
2026-05-26T12:51:57.041,186.822,4288,STOP,0.18112,0.163053,-0.004517,0.8,0.0,0.0,H,0,0,-0.0,0.0,-0.0,0.0
2026-05-26T12:51:57.073,186.854,4289,STOP,0.181328,0.166708,-0.003655,0.8,0.0,0.0,H,0,0,-0.0,0.0,-0.0,0.0
2026-05-26T12:51:57.125,186.906,4290,STOP,0.186463,0.170659,-0.003951,0.8,0.0,0.0,H,0,0,-0.0,0.0,-0.0,0.0
2026-05-26T12:51:57.142,186.923,4291,STOP,0.172368,0.171001,-0.000342,0.8,0.0,0.0,H,0,0,-0.0,0.0,-0.0,0.0
2026-05-26T12:51:57.182,186.963,4292,STOP,0.17279,0.171359,-0.000358,0.8,0.0,0.0,H,0,0,-0.0,0.0,-0.0,0.0
2026-05-26T12:51:57.239,187.02,4293,STOP,0.167227,0.170533,0.000826,0.8,0.0,0.0,H,0,0,-0.0,0.0,-0.0,0.0
2026-05-26T12:51:57.286,187.067,4294,STOP,0.166152,0.169656,0.000876,0.8,0.0,0.0,H,0,0,-0.0,0.0,-0.0,0.0
2026-05-26T12:51:57.346,187.127,4295,STOP,0.141996,0.164124,0.005532,0.8,0.0,0.0,H,0,0,-0.0,0.0,-0.0,0.0
2026-05-26T12:51:57.385,187.166,4296,STOP,0.109198,0.153139,0.010985,0.8,0.0,0.0,H,0,0,-0.0,0.0,-0.0,0.0
2026-05-26T12:51:57.433,187.214,4297,STOP,0.071558,0.136823,0.016316,0.8,0.0,0.0,M,0,0,-0.0,0.0,-0.0,0.0
2026-05-26T12:51:57.463,187.244,4298,STOP,0.031507,0.11576,0.021063,0.8,0.0,0.0,M,0,0,-0.0,0.0,-0.0,0.0
2026-05-26T12:51:57.494,187.275,4299,STOP,0.044566,0.101521,0.014239,0.8,0.0,0.0,M,0,0,-0.0,0.0,-0.0,0.0
2026-05-26T12:51:57.543,187.324,4300,STOP,0.076388,0.096494,0.005027,0.8,0.0,0.0,M,0,0,-0.0,0.0,-0.0,0.0
2026-05-26T12:51:57.593,187.375,4301,STOP,0.128772,0.10295,-0.006456,0.8,0.0,0.0,M,0,0,-0.0,0.0,-0.0,0.0
2026-05-26T12:51:57.639,187.421,4302,STOP,0.143356,0.111031,-0.008081,0.8,0.0,0.0,M,0,0,-0.0,0.0,-0.0,0.0
2026-05-26T12:51:57.676,187.457,4303,STOP,0.150531,0.118931,-0.0079,0.8,0.0,0.0,M,0,0,-0.0,0.0,-0.0,0.0
2026-05-26T12:51:57.729,187.511,4304,STOP,0.152548,0.125654,-0.006723,0.8,0.0,0.0,M,0,0,-0.0,0.0,-0.0,0.0
2026-05-26T12:51:57.773,187.555,4305,STOP,0.149381,0.1304,-0.004745,0.8,0.0,0.0,M,0,0,-0.0,0.0,-0.0,0.0
2026-05-26T12:51:57.795,187.576,4306,STOP,0.125946,0.129509,0.000891,0.8,0.0,0.0,M,0,0,-0.0,0.0,-0.0,0.0
2026-05-26T12:51:57.864,187.645,4307,STOP,0.078573,0.119322,0.010187,0.8,0.0,0.0,M,0,0,-0.0,0.0,-0.0,0.0
2026-05-26T12:51:57.914,187.695,4308,STOP,0.046412,0.10474,0.014582,0.8,0.0,0.0,M,0,0,-0.0,0.0,-0.0,0.0
2026-05-26T12:51:57.961,187.742,4309,STOP,0.037357,0.091263,0.013477,0.8,0.0,0.0,M,0,0,-0.0,0.0,-0.0,0.0
2026-05-26T12:51:57.999,187.78,4310,STOP,0.030213,0.079053,0.01221,0.8,0.0,0.0,M,0,0,-0.0,0.0,-0.0,0.0
2026-05-26T12:51:58.057,187.838,4311,STOP,0.011929,0.065628,0.013425,0.8,0.0,0.0,M,0,0,-0.0,0.0,-0.0,0.0
2026-05-26T12:51:58.109,187.89,4312,STOP,0.030082,0.058519,0.007109,0.8,0.0,0.0,M,0,0,-0.0,0.0,-0.0,0.0
2026-05-26T12:51:58.143,187.924,4313,STOP,0.0154,0.049895,0.008624,0.8,0.0,0.0,L,0,0,-0.0,0.0,-0.0,0.0
2026-05-26T12:51:58.165,187.946,4314,STOP,0.008427,0.041602,0.008294,0.8,0.0,0.0,L,0,0,-0.0,0.0,-0.0,0.0
2026-05-26T12:51:58.218,187.999,4315,STOP,0.036541,0.04059,0.001012,0.8,0.0,0.0,L,0,0,-0.0,0.0,-0.0,0.0
2026-05-26T12:51:58.257,188.038,4316,STOP,0.032473,0.038966,0.001623,0.8,0.0,0.0,L,0,0,-0.0,0.0,-0.0,0.0
2026-05-26T12:51:58.281,188.063,4317,STOP,0.011435,0.03346,0.005506,0.8,0.0,0.0,L,0,0,-0.0,0.0,-0.0,0.0
2026-05-26T12:51:58.332,188.113,4318,STOP,0.027529,0.032274,0.001186,0.8,0.0,0.0,L,0,0,-0.0,0.0,-0.0,0.0
2026-05-26T12:51:58.358,188.139,4319,STOP,0.023344,0.030488,0.001786,0.8,0.0,0.0,L,0,0,-0.0,0.0,-0.0,0.0
2026-05-26T12:51:58.425,188.207,4320,STOP,0.063673,0.037125,-0.006637,0.8,0.0,0.0,L,0,0,-0.0,0.0,-0.0,0.0
2026-05-26T12:51:58.457,188.239,4321,STOP,0.105137,0.050727,-0.013602,0.8,0.0,0.0,M,0,0,-0.0,0.0,-0.0,0.0
2026-05-26T12:51:58.496,188.277,4322,STOP,0.146759,0.069934,-0.019206,0.8,0.0,0.0,M,0,0,-0.0,0.0,-0.0,0.0
2026-05-26T12:51:58.533,188.314,4323,STOP,0.152155,0.086378,-0.016444,0.8,0.0,0.0,M,0,0,-0.0,0.0,-0.0,0.0
2026-05-26T12:51:58.577,188.359,4324,STOP,0.155014,0.100105,-0.013727,0.8,0.0,0.0,M,0,0,-0.0,0.0,-0.0,0.0
2026-05-26T12:51:58.643,188.424,4325,STOP,0.152797,0.110644,-0.010538,0.8,0.0,0.0,M,0,0,-0.0,0.0,-0.0,0.0
2026-05-26T12:51:58.689,188.471,4326,STOP,0.152364,0.118988,-0.008344,0.8,0.0,0.0,M,0,0,-0.0,0.0,-0.0,0.0
2026-05-26T12:51:58.722,188.503,4327,STOP,0.145358,0.124262,-0.005274,0.8,0.0,0.0,M,0,0,-0.0,0.0,-0.0,0.0
2026-05-26T12:51:58.779,188.561,4328,STOP,0.149625,0.129334,-0.005073,0.8,0.0,0.0,M,0,0,-0.0,0.0,-0.0,0.0
2026-05-26T12:51:58.820,188.601,4329,STOP,0.15088,0.133643,-0.004309,0.8,0.0,0.0,M,0,0,-0.0,0.0,-0.0,0.0
2026-05-26T12:51:58.857,188.639,4330,STOP,0.14623,0.136161,-0.002517,0.8,0.0,0.0,M,0,0,-0.0,0.0,-0.0,0.0
2026-05-26T12:51:58.897,188.679,4331,STOP,0.151334,0.139195,-0.003035,0.8,0.0,0.0,M,0,0,-0.0,0.0,-0.0,0.0
2026-05-26T12:51:58.945,188.726,4332,STOP,0.149627,0.141282,-0.002086,0.8,0.0,0.0,M,0,0,-0.0,0.0,-0.0,0.0
2026-05-26T12:51:59.001,188.783,4333,STOP,0.15444,0.143913,-0.002632,0.8,0.0,0.0,M,0,0,-0.0,0.0,-0.0,0.0
2026-05-26T12:51:59.059,188.84,4334,STOP,0.152821,0.145695,-0.001782,0.8,0.0,0.0,M,0,0,-0.0,0.0,-0.0,0.0
2026-05-26T12:51:59.111,188.892,4335,STOP,0.170372,0.15063,-0.004936,0.8,0.0,0.0,H,0,0,-0.0,0.0,-0.0,0.0
2026-05-26T12:51:59.141,188.922,4336,STOP,0.162568,0.153018,-0.002387,0.8,0.0,0.0,H,0,0,-0.0,0.0,-0.0,0.0
2026-05-26T12:51:59.191,188.972,4337,STOP,0.172968,0.157008,-0.00399,0.8,0.0,0.0,H,0,0,-0.0,0.0,-0.0,0.0
2026-05-26T12:51:59.223,189.004,4338,STOP,0.165179,0.158642,-0.001634,0.8,0.0,0.0,H,0,0,-0.0,0.0,-0.0,0.0
2026-05-26T12:51:59.259,189.04,4339,STOP,0.159158,0.158745,-0.000103,0.8,0.0,0.0,H,0,0,-0.0,0.0,-0.0,0.0
2026-05-26T12:51:59.293,189.074,4340,STOP,0.137472,0.154491,0.004255,0.8,0.0,0.0,H,0,0,-0.0,0.0,-0.0,0.0
2026-05-26T12:51:59.333,189.114,4341,STOP,0.108753,0.145343,0.009147,0.8,0.0,0.0,M,0,0,-0.0,0.0,-0.0,0.0
2026-05-26T12:51:59.374,189.155,4342,STOP,0.035747,0.123424,0.021919,0.8,0.0,0.0,M,0,0,-0.0,0.0,-0.0,0.0
2026-05-26T12:51:59.429,189.21,4343,STOP,0.039407,0.106621,0.016803,0.8,0.0,0.0,M,0,0,-0.0,0.0,-0.0,0.0
2026-05-26T12:51:59.457,189.239,4344,STOP,0.030045,0.091306,0.015315,0.8,0.0,0.0,M,0,0,-0.0,0.0,-0.0,0.0
2026-05-26T12:51:59.506,189.287,4345,STOP,0.022486,0.077542,0.013764,0.8,0.0,0.0,M,0,0,-0.0,0.0,-0.0,0.0
2026-05-26T12:51:59.537,189.318,4346,STOP,0.049133,0.07186,0.005682,0.8,0.0,0.0,M,0,0,-0.0,0.0,-0.0,0.0
2026-05-26T12:51:59.569,189.35,4347,STOP,0.067403,0.070969,0.000891,0.8,0.0,0.0,M,0,0,-0.0,0.0,-0.0,0.0
2026-05-26T12:51:59.603,189.384,4348,STOP,0.067355,0.070246,0.000723,0.8,0.0,0.0,M,0,0,-0.0,0.0,-0.0,0.0
2026-05-26T12:51:59.660,189.441,4349,STOP,0.085701,0.073337,-0.003091,0.8,0.0,0.0,M,0,0,-0.0,0.0,-0.0,0.0
2026-05-26T12:51:59.711,189.493,4350,STOP,0.117969,0.082263,-0.008926,0.8,0.0,0.0,M,0,0,-0.0,0.0,-0.0,0.0
2026-05-26T12:51:59.759,189.54,4351,STOP,0.133102,0.092431,-0.010168,0.8,0.0,0.0,M,0,0,-0.0,0.0,-0.0,0.0
2026-05-26T12:51:59.796,189.577,4352,STOP,0.13878,0.101701,-0.00927,0.8,0.0,0.0,M,0,0,-0.0,0.0,-0.0,0.0
2026-05-26T12:51:59.828,189.609,4353,STOP,0.140088,0.109378,-0.007677,0.8,0.0,0.0,M,0,0,-0.0,0.0,-0.0,0.0
2026-05-26T12:51:59.870,189.651,4354,STOP,0.138733,0.115249,-0.005871,0.8,0.0,0.0,M,0,0,-0.0,0.0,-0.0,0.0
2026-05-26T12:51:59.931,189.712,4355,STOP,0.129324,0.118064,-0.002815,0.8,0.0,0.0,M,0,0,-0.0,0.0,-0.0,0.0
2026-05-26T12:51:59.976,189.757,4356,STOP,0.128568,0.120165,-0.002101,0.8,0.0,0.0,M,0,0,-0.0,0.0,-0.0,0.0
2026-05-26T12:52:00.033,189.814,4357,STOP,0.132589,0.12265,-0.002485,0.8,0.0,0.0,M,0,0,-0.0,0.0,-0.0,0.0
2026-05-26T12:52:00.070,189.851,4358,STOP,0.130146,0.124149,-0.001499,0.8,0.0,0.0,M,0,0,-0.0,0.0,-0.0,0.0
2026-05-26T12:52:00.122,189.903,4359,STOP,0.131343,0.125588,-0.001439,0.8,0.0,0.0,M,0,0,-0.0,0.0,-0.0,0.0
2026-05-26T12:52:00.149,189.93,4360,STOP,0.127923,0.126055,-0.000467,0.8,0.0,0.0,M,0,0,-0.0,0.0,-0.0,0.0
2026-05-26T12:52:00.214,189.996,4361,STOP,0.12661,0.126166,-0.000111,0.8,0.0,0.0,M,0,0,-0.0,0.0,-0.0,0.0
2026-05-26T12:52:00.248,190.029,4362,STOP,0.117121,0.124357,0.001809,0.8,0.0,0.0,M,0,0,-0.0,0.0,-0.0,0.0
2026-05-26T12:52:00.287,190.068,4363,STOP,0.113999,0.122285,0.002072,0.8,0.0,0.0,M,0,0,-0.0,0.0,-0.0,0.0
2026-05-26T12:52:00.330,190.111,4364,STOP,0.107228,0.119274,0.003011,0.8,0.0,0.0,M,0,0,-0.0,0.0,-0.0,0.0
2026-05-26T12:52:00.361,190.142,4365,STOP,0.108023,0.117024,0.00225,0.8,0.0,0.0,M,0,0,-0.0,0.0,-0.0,0.0
2026-05-26T12:52:00.399,190.18,4366,STOP,0.097605,0.11314,0.003884,0.8,0.0,0.0,M,0,0,-0.0,0.0,-0.0,0.0
2026-05-26T12:52:00.433,190.214,4367,STOP,0.085967,0.107705,0.005435,0.8,0.0,0.0,M,0,0,-0.0,0.0,-0.0,0.0
2026-05-26T12:52:00.495,190.276,4368,STOP,0.070782,0.100321,0.007385,0.8,0.0,0.0,M,0,0,-0.0,0.0,-0.0,0.0
2026-05-26T12:52:00.531,190.313,4369,STOP,0.053486,0.090954,0.009367,0.8,0.0,0.0,M,0,0,-0.0,0.0,-0.0,0.0
2026-05-26T12:52:00.593,190.375,4370,STOP,0.018213,0.076406,0.014548,0.8,0.0,0.0,M,0,0,-0.0,0.0,-0.0,0.0
2026-05-26T12:52:00.629,190.41,4371,STOP,0.002473,0.061619,0.014787,0.8,0.0,0.0,M,0,0,-0.0,0.0,-0.0,0.0
2026-05-26T12:52:00.665,190.446,4372,STOP,0.004677,0.050231,0.011388,0.8,0.0,0.0,M,0,0,-0.0,0.0,-0.0,0.0
2026-05-26T12:52:00.710,190.491,4373,STOP,0.003525,0.040889,0.009341,0.8,0.0,0.0,L,0,0,-0.0,0.0,-0.0,0.0
2026-05-26T12:52:00.753,190.534,4374,STOP,0.003653,0.033442,0.007447,0.8,0.0,0.0,L,0,0,-0.0,0.0,-0.0,0.0
2026-05-26T12:52:00.798,190.579,4375,STOP,0.002522,0.027258,0.006184,0.8,0.0,0.0,L,0,0,-0.0,0.0,-0.0,0.0
2026-05-26T12:52:00.829,190.611,4376,STOP,0.002817,0.02237,0.004888,0.8,0.0,0.0,L,0,0,-0.0,0.0,-0.0,0.0
2026-05-26T12:52:00.867,190.648,4377,STOP,0.001644,0.018225,0.004145,0.8,0.0,0.0,L,0,0,-0.0,0.0,-0.0,0.0
2026-05-26T12:52:00.901,190.682,4378,STOP,0.015229,0.017626,0.000599,0.8,0.0,0.0,L,0,0,-0.0,0.0,-0.0,0.0
2026-05-26T12:52:00.945,190.726,4379,STOP,0.015015,0.017104,0.000522,0.8,0.0,0.0,L,0,0,-0.0,0.0,-0.0,0.0
2026-05-26T12:52:00.997,190.779,4380,STOP,0.014643,0.016612,0.000492,0.8,0.0,0.0,L,0,0,-0.0,0.0,-0.0,0.0
2026-05-26T12:52:01.043,190.825,4381,STOP,0.014961,0.016281,0.00033,0.8,0.0,0.0,L,0,0,-0.0,0.0,-0.0,0.0
2026-05-26T12:52:01.097,190.879,4382,STOP,0.014931,0.016011,0.00027,0.8,0.0,0.0,L,0,0,-0.0,0.0,-0.0,0.0
2026-05-26T12:52:01.143,190.924,4383,STOP,0.002083,0.013226,0.002786,0.8,0.0,0.0,L,0,0,-0.0,0.0,-0.0,0.0
2026-05-26T12:52:01.199,190.981,4384,STOP,0.003168,0.011214,0.002011,0.8,0.0,0.0,L,0,0,-0.0,0.0,-0.0,0.0
2026-05-26T12:52:01.271,191.052,4385,STOP,0.004365,0.009844,0.00137,0.8,0.0,0.0,L,0,0,-0.0,0.0,-0.0,0.0
2026-05-26T12:52:01.307,191.088,4386,STOP,0.002687,0.008413,0.001431,0.8,0.0,0.0,L,0,0,-0.0,0.0,-0.0,0.0
2026-05-26T12:52:01.349,191.131,4387,STOP,0.003023,0.007335,0.001078,0.8,0.0,0.0,L,0,0,-0.0,0.0,-0.0,0.0
2026-05-26T12:52:01.407,191.188,4388,STOP,0.002845,0.006437,0.000898,0.8,0.0,0.0,L,0,0,-0.0,0.0,-0.0,0.0
2026-05-26T12:52:01.463,191.245,4389,STOP,0.00527,0.006204,0.000233,0.8,0.0,0.0,L,0,0,-0.0,0.0,-0.0,0.0
2026-05-26T12:52:01.499,191.28,4390,STOP,0.004264,0.005816,0.000388,0.8,0.0,0.0,L,0,0,-0.0,0.0,-0.0,0.0
2026-05-26T12:52:01.550,191.332,4391,STOP,0.003036,0.00526,0.000556,0.8,0.0,0.0,L,0,0,-0.0,0.0,-0.0,0.0
2026-05-26T12:52:01.601,191.382,4392,STOP,0.018788,0.007965,-0.002706,0.8,0.0,0.0,L,0,0,-0.0,0.0,-0.0,0.0
2026-05-26T12:52:01.634,191.415,4393,STOP,0.033118,0.012996,-0.00503,0.8,0.0,0.0,L,0,0,-0.0,0.0,-0.0,0.0
2026-05-26T12:52:01.684,191.465,4394,STOP,0.048569,0.02011,-0.007115,0.8,0.0,0.0,L,0,0,-0.0,0.0,-0.0,0.0
2026-05-26T12:52:01.702,191.484,4395,STOP,0.060701,0.028229,-0.008118,0.8,0.0,0.0,L,0,0,-0.0,0.0,-0.0,0.0
2026-05-26T12:52:01.763,191.544,4396,STOP,0.083656,0.039314,-0.011086,0.8,0.0,0.0,L,0,0,-0.0,0.0,-0.0,0.0
2026-05-26T12:52:01.820,191.602,4397,STOP,0.090885,0.049628,-0.010314,0.8,0.0,0.0,L,0,0,-0.0,0.0,-0.0,0.0
2026-05-26T12:52:01.839,191.62,4398,STOP,0.099025,0.059508,-0.009879,0.8,0.0,0.0,M,0,0,-0.0,0.0,-0.0,0.0
2026-05-26T12:52:01.882,191.663,4399,STOP,0.105286,0.068663,-0.009156,0.8,0.0,0.0,M,0,0,-0.0,0.0,-0.0,0.0
2026-05-26T12:52:01.937,191.719,4400,STOP,0.120006,0.078932,-0.010269,0.8,0.0,0.0,M,0,0,-0.0,0.0,-0.0,0.0
2026-05-26T12:52:01.976,191.757,4401,STOP,0.120143,0.087174,-0.008242,0.8,0.0,0.0,M,0,0,-0.0,0.0,-0.0,0.0
2026-05-26T12:52:02.023,191.804,4402,STOP,0.123099,0.094359,-0.007185,0.8,0.0,0.0,M,0,0,-0.0,0.0,-0.0,0.0
2026-05-26T12:52:02.052,191.833,4403,STOP,0.124446,0.100376,-0.006017,0.8,0.0,0.0,M,0,0,-0.0,0.0,-0.0,0.0
2026-05-26T12:52:02.117,191.898,4404,STOP,0.133489,0.106999,-0.006623,0.8,0.0,0.0,M,0,0,-0.0,0.0,-0.0,0.0
2026-05-26T12:52:02.169,191.95,4405,STOP,0.137121,0.113023,-0.006024,0.8,0.0,0.0,M,0,0,-0.0,0.0,-0.0,0.0
2026-05-26T12:52:02.190,191.972,4406,STOP,0.138798,0.118178,-0.005155,0.8,0.0,0.0,M,0,0,-0.0,0.0,-0.0,0.0
2026-05-26T12:52:02.239,192.021,4407,STOP,0.141067,0.122756,-0.004578,0.8,0.0,0.0,M,0,0,-0.0,0.0,-0.0,0.0
2026-05-26T12:52:02.269,192.05,4408,STOP,0.143793,0.126963,-0.004207,0.8,0.0,0.0,M,0,0,-0.0,0.0,-0.0,0.0
2026-05-26T12:52:02.298,192.079,4409,STOP,0.13872,0.129315,-0.002351,0.8,0.0,0.0,M,0,0,-0.0,0.0,-0.0,0.0
2026-05-26T12:52:02.343,192.124,4410,STOP,0.132117,0.129875,-0.00056,0.8,0.0,0.0,M,0,0,-0.0,0.0,-0.0,0.0
2026-05-26T12:52:02.396,192.177,4411,STOP,0.147322,0.133365,-0.003489,0.8,0.0,0.0,M,0,0,-0.0,0.0,-0.0,0.0
2026-05-26T12:52:02.443,192.224,4412,STOP,0.151891,0.13707,-0.003705,0.8,0.0,0.0,M,0,0,-0.0,0.0,-0.0,0.0
2026-05-26T12:52:02.473,192.254,4413,STOP,0.159302,0.141516,-0.004446,0.8,0.0,0.0,M,0,0,-0.0,0.0,-0.0,0.0
2026-05-26T12:52:02.522,192.304,4414,STOP,0.165199,0.146253,-0.004736,0.8,0.0,0.0,M,0,0,-0.0,0.0,-0.0,0.0
2026-05-26T12:52:02.563,192.345,4415,STOP,0.182714,0.153545,-0.007292,0.8,0.0,0.0,H,0,0,-0.0,0.0,-0.0,0.0
2026-05-26T12:52:02.606,192.387,4416,STOP,0.181116,0.159059,-0.005514,0.8,0.0,0.0,H,0,0,-0.0,0.0,-0.0,0.0
2026-05-26T12:52:02.656,192.437,4417,STOP,0.188169,0.164881,-0.005822,0.8,0.0,0.0,H,0,0,-0.0,0.0,-0.0,0.0
2026-05-26T12:52:02.690,192.471,4418,STOP,0.203364,0.172578,-0.007697,0.8,0.0,0.0,H,0,0,-0.0,0.0,-0.0,0.0
2026-05-26T12:52:02.742,192.523,4419,STOP,0.204952,0.179052,-0.006475,0.8,0.0,0.0,H,0,0,-0.0,0.0,-0.0,0.0
2026-05-26T12:52:02.805,192.586,4420,STOP,0.206427,0.184527,-0.005475,0.8,0.0,0.0,H,0,0,-0.0,0.0,-0.0,0.0
2026-05-26T12:52:02.846,192.627,4421,STOP,0.204467,0.188515,-0.003988,0.8,0.0,0.0,H,0,0,-0.0,0.0,-0.0,0.0
2026-05-26T12:52:02.876,192.658,4422,STOP,0.205734,0.191959,-0.003444,0.8,0.0,0.0,H,0,0,-0.0,0.0,-0.0,0.0
2026-05-26T12:52:02.924,192.705,4423,STOP,0.200151,0.193597,-0.001638,0.8,0.0,0.0,H,0,0,-0.0,0.0,-0.0,0.0
2026-05-26T12:52:02.957,192.738,4424,STOP,0.199523,0.194782,-0.001185,0.8,0.0,0.0,H,0,0,-0.0,0.0,-0.0,0.0
2026-05-26T12:52:03.007,192.789,4425,STOP,0.185022,0.19283,0.001952,0.8,0.0,0.0,H,0,0,-0.0,0.0,-0.0,0.0
2026-05-26T12:52:03.043,192.824,4426,STOP,0.181256,0.190516,0.002315,0.8,0.0,0.0,H,0,0,-0.0,0.0,-0.0,0.0
2026-05-26T12:52:03.099,192.881,4427,STOP,0.187607,0.189934,0.000582,0.8,0.0,0.0,H,0,0,-0.0,0.0,-0.0,0.0
2026-05-26T12:52:03.126,192.907,4428,STOP,0.182617,0.188471,0.001463,0.8,0.0,0.0,H,0,0,-0.0,0.0,-0.0,0.0
2026-05-26T12:52:03.170,192.952,4429,STOP,0.183464,0.187469,0.001001,0.8,0.0,0.0,H,0,0,-0.0,0.0,-0.0,0.0
2026-05-26T12:52:03.220,193.001,4430,STOP,0.170417,0.184059,0.00341,0.8,0.0,0.0,H,0,0,-0.0,0.0,-0.0,0.0
2026-05-26T12:52:03.251,193.033,4431,STOP,0.1703,0.181307,0.002752,0.8,0.0,0.0,H,0,0,-0.0,0.0,-0.0,0.0
2026-05-26T12:52:03.291,193.072,4432,STOP,0.158479,0.176741,0.004566,0.8,0.0,0.0,H,0,0,-0.0,0.0,-0.0,0.0
2026-05-26T12:52:03.331,193.112,4433,STOP,0.170985,0.17559,0.001151,0.8,0.0,0.0,H,0,0,-0.0,0.0,-0.0,0.0
2026-05-26T12:52:03.371,193.152,4434,STOP,0.17015,0.174502,0.001088,0.8,0.0,0.0,H,0,0,-0.0,0.0,-0.0,0.0
2026-05-26T12:52:03.429,193.21,4435,STOP,0.167558,0.173113,0.001389,0.8,0.0,0.0,H,0,0,-0.0,0.0,-0.0,0.0
2026-05-26T12:52:03.466,193.247,4436,STOP,0.173178,0.173126,-1.3e-05,0.8,0.0,0.0,H,0,0,-0.0,0.0,-0.0,0.0
2026-05-26T12:52:03.528,193.309,4437,STOP,0.172216,0.172944,0.000182,0.8,0.0,0.0,H,0,0,-0.0,0.0,-0.0,0.0
2026-05-26T12:52:03.575,193.357,4438,STOP,0.170657,0.172487,0.000457,0.8,0.0,0.0,H,0,0,-0.0,0.0,-0.0,0.0
2026-05-26T12:52:03.614,193.395,4439,STOP,0.169751,0.17194,0.000547,0.8,0.0,0.0,H,0,0,-0.0,0.0,-0.0,0.0
2026-05-26T12:52:03.640,193.422,4440,STOP,0.168967,0.171345,0.000595,0.8,0.0,0.0,H,0,0,-0.0,0.0,-0.0,0.0
2026-05-26T12:52:03.693,193.474,4441,STOP,0.167706,0.170617,0.000728,0.8,0.0,0.0,H,0,0,-0.0,0.0,-0.0,0.0
2026-05-26T12:52:03.725,193.507,4442,STOP,0.165548,0.169603,0.001014,0.8,0.0,0.0,H,0,0,-0.0,0.0,-0.0,0.0
2026-05-26T12:52:03.770,193.552,4443,STOP,0.156093,0.166901,0.002702,0.8,0.0,0.0,H,0,0,-0.0,0.0,-0.0,0.0
2026-05-26T12:52:03.811,193.592,4444,STOP,0.15642,0.164805,0.002096,0.8,0.0,0.0,H,0,0,-0.0,0.0,-0.0,0.0
2026-05-26T12:52:03.859,193.641,4445,STOP,0.159066,0.163657,0.001148,0.8,0.0,0.0,H,0,0,-0.0,0.0,-0.0,0.0
2026-05-26T12:52:03.897,193.678,4446,STOP,0.165509,0.164028,-0.00037,0.8,0.0,0.0,H,0,0,-0.0,0.0,-0.0,0.0
2026-05-26T12:52:03.931,193.712,4447,STOP,0.168922,0.165007,-0.000979,0.8,0.0,0.0,H,0,0,-0.0,0.0,-0.0,0.0
2026-05-26T12:52:03.956,193.737,4448,STOP,0.170879,0.166181,-0.001175,0.8,0.0,0.0,H,0,0,-0.0,0.0,-0.0,0.0
2026-05-26T12:52:04.002,193.784,4449,STOP,0.171486,0.167242,-0.001061,0.8,0.0,0.0,H,0,0,-0.0,0.0,-0.0,0.0
2026-05-26T12:52:04.035,193.816,4450,STOP,0.172212,0.168236,-0.000994,0.8,0.0,0.0,H,0,0,-0.0,0.0,-0.0,0.0
2026-05-26T12:52:04.068,193.849,4451,STOP,0.158573,0.166303,0.001933,0.8,0.0,0.0,H,0,0,-0.0,0.0,-0.0,0.0
2026-05-26T12:52:04.112,193.893,4452,STOP,0.160389,0.16512,0.001183,0.8,0.0,0.0,H,0,0,-0.0,0.0,-0.0,0.0
2026-05-26T12:52:04.157,193.938,4453,STOP,0.1726,0.166616,-0.001496,0.8,0.0,0.0,H,0,0,-0.0,0.0,-0.0,0.0
2026-05-26T12:52:04.215,193.996,4454,STOP,0.179667,0.169227,-0.00261,0.8,0.0,0.0,H,0,0,-0.0,0.0,-0.0,0.0
2026-05-26T12:52:04.252,194.034,4455,STOP,0.180542,0.17149,-0.002263,0.8,0.0,0.0,H,0,0,-0.0,0.0,-0.0,0.0
2026-05-26T12:52:04.303,194.084,4456,STOP,0.190717,0.175335,-0.003845,0.8,0.0,0.0,H,0,0,-0.0,0.0,-0.0,0.0
2026-05-26T12:52:04.343,194.124,4457,STOP,0.188646,0.177997,-0.002662,0.8,0.0,0.0,H,0,0,-0.0,0.0,-0.0,0.0
2026-05-26T12:52:04.399,194.18,4458,STOP,0.189226,0.180243,-0.002246,0.8,0.0,0.0,H,0,0,-0.0,0.0,-0.0,0.0
2026-05-26T12:52:04.450,194.231,4459,STOP,0.184084,0.181011,-0.000768,0.8,0.0,0.0,H,0,0,-0.0,0.0,-0.0,0.0
2026-05-26T12:52:04.488,194.27,4460,STOP,0.190942,0.182997,-0.001986,0.8,0.0,0.0,H,0,0,-0.0,0.0,-0.0,0.0
2026-05-26T12:52:04.543,194.324,4461,STOP,0.177222,0.181842,0.001155,0.8,0.0,0.0,H,0,0,-0.0,0.0,-0.0,0.0
2026-05-26T12:52:04.609,194.39,4462,STOP,0.173652,0.180204,0.001638,0.8,0.0,0.0,H,0,0,-0.0,0.0,-0.0,0.0
2026-05-26T12:52:04.628,194.409,4463,STOP,0.156819,0.175527,0.004677,0.8,0.0,0.0,H,0,0,-0.0,0.0,-0.0,0.0
2026-05-26T12:52:04.669,194.45,4464,STOP,0.155345,0.171491,0.004036,0.8,0.0,0.0,H,0,0,-0.0,0.0,-0.0,0.0
2026-05-26T12:52:04.726,194.507,4465,STOP,0.144608,0.166114,0.005377,0.8,0.0,0.0,H,0,0,-0.0,0.0,-0.0,0.0
2026-05-26T12:52:04.783,194.564,4466,STOP,0.141817,0.161255,0.004859,0.8,0.0,0.0,H,0,0,-0.0,0.0,-0.0,0.0
2026-05-26T12:52:04.837,194.618,4467,STOP,0.145614,0.158127,0.003128,0.8,0.0,0.0,H,0,0,-0.0,0.0,-0.0,0.0
2026-05-26T12:52:04.867,194.648,4468,STOP,0.149461,0.156394,0.001733,0.8,0.0,0.0,H,0,0,-0.0,0.0,-0.0,0.0
2026-05-26T12:52:04.928,194.71,4469,STOP,0.15158,0.155431,0.000963,0.8,0.0,0.0,H,0,0,-0.0,0.0,-0.0,0.0
2026-05-26T12:52:04.969,194.75,4470,STOP,0.16276,0.156897,-0.001466,0.8,0.0,0.0,H,0,0,-0.0,0.0,-0.0,0.0
2026-05-26T12:52:04.996,194.777,4471,STOP,0.158188,0.157155,-0.000258,0.8,0.0,0.0,H,0,0,-0.0,0.0,-0.0,0.0
2026-05-26T12:52:05.039,194.82,4472,STOP,0.151894,0.156103,0.001052,0.8,0.0,0.0,H,0,0,-0.0,0.0,-0.0,0.0
2026-05-26T12:52:05.101,194.882,4473,STOP,0.153925,0.155667,0.000435,0.8,0.0,0.0,H,0,0,-0.0,0.0,-0.0,0.0
2026-05-26T12:52:05.139,194.92,4474,STOP,0.163274,0.157189,-0.001521,0.8,0.0,0.0,H,0,0,-0.0,0.0,-0.0,0.0
2026-05-26T12:52:05.173,194.955,4475,STOP,0.160844,0.15792,-0.000731,0.8,0.0,0.0,H,0,0,-0.0,0.0,-0.0,0.0
2026-05-26T12:52:05.225,195.007,4476,STOP,0.176981,0.161732,-0.003812,0.8,0.0,0.0,H,0,0,-0.0,0.0,-0.0,0.0
2026-05-26T12:52:05.283,195.064,4477,STOP,0.178139,0.165013,-0.003281,0.8,0.0,0.0,H,0,0,-0.0,0.0,-0.0,0.0
2026-05-26T12:52:05.325,195.106,4478,STOP,0.177862,0.167583,-0.00257,0.8,0.0,0.0,H,0,0,-0.0,0.0,-0.0,0.0
2026-05-26T12:52:05.359,195.141,4479,STOP,0.174506,0.168968,-0.001385,0.8,0.0,0.0,H,0,0,-0.0,0.0,-0.0,0.0
2026-05-26T12:52:05.406,195.187,4480,STOP,0.172208,0.169616,-0.000648,0.8,0.0,0.0,H,0,0,-0.0,0.0,-0.0,0.0
2026-05-26T12:52:05.444,195.226,4481,STOP,0.150388,0.16577,0.003846,0.8,0.0,0.0,H,0,0,-0.0,0.0,-0.0,0.0
2026-05-26T12:52:05.464,195.245,4482,STOP,0.157072,0.164031,0.00174,0.8,0.0,0.0,H,0,0,-0.0,0.0,-0.0,0.0
2026-05-26T12:52:05.511,195.292,4483,STOP,0.163231,0.163871,0.00016,0.8,0.0,0.0,H,0,0,-0.0,0.0,-0.0,0.0
2026-05-26T12:52:05.567,195.348,4484,STOP,0.168556,0.164808,-0.000937,0.8,0.0,0.0,H,0,0,-0.0,0.0,-0.0,0.0
2026-05-26T12:52:05.589,195.37,4485,STOP,0.166422,0.165131,-0.000323,0.8,0.0,0.0,H,0,0,-0.0,0.0,-0.0,0.0
2026-05-26T12:52:05.631,195.412,4486,STOP,0.166501,0.165405,-0.000274,0.8,0.0,0.0,H,0,0,-0.0,0.0,-0.0,0.0
2026-05-26T12:52:05.657,195.439,4487,STOP,0.166969,0.165718,-0.000313,0.8,0.0,0.0,H,0,0,-0.0,0.0,-0.0,0.0
2026-05-26T12:52:05.719,195.5,4488,STOP,0.169241,0.166422,-0.000705,0.8,0.0,0.0,H,0,0,-0.0,0.0,-0.0,0.0
2026-05-26T12:52:05.783,195.564,4489,STOP,0.176228,0.168383,-0.001961,0.8,0.0,0.0,H,0,0,-0.0,0.0,-0.0,0.0
2026-05-26T12:52:05.841,195.622,4490,STOP,0.18806,0.172319,-0.003935,0.8,0.0,0.0,H,0,0,-0.0,0.0,-0.0,0.0
2026-05-26T12:52:05.900,195.681,4491,STOP,0.197826,0.17742,-0.005101,0.8,0.0,0.0,H,0,0,-0.0,0.0,-0.0,0.0
2026-05-26T12:52:05.949,195.73,4492,STOP,0.195542,0.181045,-0.003624,0.8,0.0,0.0,H,0,0,-0.0,0.0,-0.0,0.0
2026-05-26T12:52:05.977,195.759,4493,STOP,0.191821,0.1832,-0.002155,0.8,0.0,0.0,H,0,0,-0.0,0.0,-0.0,0.0
2026-05-26T12:52:06.011,195.792,4494,STOP,0.17544,0.181648,0.001552,0.8,0.0,0.0,H,0,0,-0.0,0.0,-0.0,0.0
2026-05-26T12:52:06.055,195.836,4495,STOP,0.162609,0.17784,0.003808,0.8,0.0,0.0,H,0,0,-0.0,0.0,-0.0,0.0
2026-05-26T12:52:06.084,195.865,4496,STOP,0.147485,0.171769,0.006071,0.8,0.0,0.0,H,0,0,-0.0,0.0,-0.0,0.0
2026-05-26T12:52:06.125,195.906,4497,STOP,0.144263,0.166268,0.005501,0.8,0.0,0.0,H,0,0,-0.0,0.0,-0.0,0.0
2026-05-26T12:52:06.197,195.978,4498,STOP,0.142227,0.16146,0.004808,0.8,0.0,0.0,H,0,0,-0.0,0.0,-0.0,0.0
2026-05-26T12:52:06.242,196.023,4499,STOP,0.138126,0.156793,0.004667,0.8,0.0,0.0,H,0,0,-0.0,0.0,-0.0,0.0
2026-05-26T12:52:06.293,196.074,4500,STOP,0.120353,0.149505,0.007288,0.8,0.0,0.0,M,0,0,-0.0,0.0,-0.0,0.0
2026-05-26T12:52:06.326,196.107,4501,STOP,0.112057,0.142015,0.00749,0.8,0.0,0.0,M,0,0,-0.0,0.0,-0.0,0.0
2026-05-26T12:52:06.369,196.15,4502,STOP,0.112677,0.136148,0.005868,0.8,0.0,0.0,M,0,0,-0.0,0.0,-0.0,0.0
2026-05-26T12:52:06.425,196.206,4503,STOP,0.112956,0.131509,0.004638,0.8,0.0,0.0,M,0,0,-0.0,0.0,-0.0,0.0
2026-05-26T12:52:06.494,196.275,4504,STOP,0.108041,0.126816,0.004694,0.8,0.0,0.0,M,0,0,-0.0,0.0,-0.0,0.0
2026-05-26T12:52:06.531,196.312,4505,STOP,0.101684,0.121789,0.005026,0.8,0.0,0.0,M,0,0,-0.0,0.0,-0.0,0.0
2026-05-26T12:52:06.593,196.374,4506,STOP,0.111682,0.119768,0.002022,0.8,0.0,0.0,M,0,0,-0.0,0.0,-0.0,0.0
2026-05-26T12:52:06.641,196.422,4507,STOP,0.114328,0.11868,0.001088,0.8,0.0,0.0,M,0,0,-0.0,0.0,-0.0,0.0
2026-05-26T12:52:06.677,196.458,4508,STOP,0.10264,0.115472,0.003208,0.8,0.0,0.0,M,0,0,-0.0,0.0,-0.0,0.0
2026-05-26T12:52:06.737,196.518,4509,STOP,0.119037,0.116185,-0.000713,0.8,0.0,0.0,M,0,0,-0.0,0.0,-0.0,0.0
2026-05-26T12:52:06.759,196.54,4510,STOP,0.121414,0.117231,-0.001046,0.8,0.0,0.0,M,0,0,-0.0,0.0,-0.0,0.0
2026-05-26T12:52:06.809,196.59,4511,STOP,0.121035,0.117992,-0.000761,0.8,0.0,0.0,M,0,0,-0.0,0.0,-0.0,0.0
2026-05-26T12:52:06.845,196.626,4512,STOP,0.126423,0.119678,-0.001686,0.8,0.0,0.0,M,0,0,-0.0,0.0,-0.0,0.0
2026-05-26T12:52:06.877,196.659,4513,STOP,0.127308,0.121204,-0.001526,0.8,0.0,0.0,M,0,0,-0.0,0.0,-0.0,0.0
2026-05-26T12:52:06.918,196.699,4514,STOP,0.118615,0.120686,0.000518,0.8,0.0,0.0,M,0,0,-0.0,0.0,-0.0,0.0
2026-05-26T12:52:06.962,196.744,4515,STOP,0.131692,0.122887,-0.002201,0.8,0.0,0.0,M,0,0,-0.0,0.0,-0.0,0.0
2026-05-26T12:52:07.001,196.782,4516,STOP,0.131434,0.124597,-0.001709,0.8,0.0,0.0,M,0,0,-0.0,0.0,-0.0,0.0
2026-05-26T12:52:07.040,196.821,4517,STOP,0.135179,0.126713,-0.002117,0.8,0.0,0.0,M,0,0,-0.0,0.0,-0.0,0.0
2026-05-26T12:52:07.066,196.847,4518,STOP,0.137972,0.128965,-0.002252,0.8,0.0,0.0,M,0,0,-0.0,0.0,-0.0,0.0
2026-05-26T12:52:07.097,196.878,4519,STOP,0.139629,0.131098,-0.002133,0.8,0.0,0.0,M,0,0,-0.0,0.0,-0.0,0.0
2026-05-26T12:52:07.146,196.927,4520,STOP,0.133543,0.131587,-0.000489,0.8,0.0,0.0,M,0,0,-0.0,0.0,-0.0,0.0
2026-05-26T12:52:07.201,196.982,4521,STOP,0.148107,0.134891,-0.003304,0.8,0.0,0.0,M,0,0,-0.0,0.0,-0.0,0.0
2026-05-26T12:52:07.225,197.006,4522,STOP,0.150937,0.1381,-0.003209,0.8,0.0,0.0,M,0,0,-0.0,0.0,-0.0,0.0
2026-05-26T12:52:07.276,197.057,4523,STOP,0.154345,0.141349,-0.003249,0.8,0.0,0.0,M,0,0,-0.0,0.0,-0.0,0.0
2026-05-26T12:52:07.295,197.076,4524,STOP,0.161179,0.145315,-0.003966,0.8,0.0,0.0,M,0,0,-0.0,0.0,-0.0,0.0
2026-05-26T12:52:07.349,197.13,4525,STOP,0.164514,0.149155,-0.00384,0.8,0.0,0.0,M,0,0,-0.0,0.0,-0.0,0.0
2026-05-26T12:52:07.372,197.153,4526,STOP,0.161407,0.151605,-0.00245,0.8,0.0,0.0,H,0,0,-0.0,0.0,-0.0,0.0
2026-05-26T12:52:07.419,197.2,4527,STOP,0.165426,0.154369,-0.002764,0.8,0.0,0.0,H,0,0,-0.0,0.0,-0.0,0.0
2026-05-26T12:52:07.461,197.242,4528,STOP,0.165192,0.156534,-0.002165,0.8,0.0,0.0,H,0,0,-0.0,0.0,-0.0,0.0
2026-05-26T12:52:07.500,197.281,4529,STOP,0.168112,0.15885,-0.002316,0.8,0.0,0.0,H,0,0,-0.0,0.0,-0.0,0.0
2026-05-26T12:52:07.539,197.32,4530,STOP,0.169351,0.16095,-0.0021,0.8,0.0,0.0,H,0,0,-0.0,0.0,-0.0,0.0
2026-05-26T12:52:07.593,197.374,4531,STOP,0.181766,0.165113,-0.004163,0.8,0.0,0.0,H,0,0,-0.0,0.0,-0.0,0.0
2026-05-26T12:52:07.633,197.414,4532,STOP,0.178808,0.167852,-0.002739,0.8,0.0,0.0,H,0,0,-0.0,0.0,-0.0,0.0
2026-05-26T12:52:07.675,197.456,4533,STOP,0.180909,0.170463,-0.002611,0.8,0.0,0.0,H,0,0,-0.0,0.0,-0.0,0.0
2026-05-26T12:52:07.700,197.481,4534,STOP,0.182036,0.172778,-0.002315,0.8,0.0,0.0,H,0,0,-0.0,0.0,-0.0,0.0
2026-05-26T12:52:07.754,197.535,4535,STOP,0.182519,0.174726,-0.001948,0.8,0.0,0.0,H,0,0,-0.0,0.0,-0.0,0.0
2026-05-26T12:52:07.825,197.606,4536,STOP,0.187811,0.177343,-0.002617,0.8,0.0,0.0,H,0,0,-0.0,0.0,-0.0,0.0
2026-05-26T12:52:07.875,197.656,4537,STOP,0.190107,0.179896,-0.002553,0.8,0.0,0.0,H,0,0,-0.0,0.0,-0.0,0.0
2026-05-26T12:52:07.927,197.708,4538,STOP,0.195549,0.183026,-0.003131,0.8,0.0,0.0,H,0,0,-0.0,0.0,-0.0,0.0
2026-05-26T12:52:07.959,197.741,4539,STOP,0.193436,0.185108,-0.002082,0.8,0.0,0.0,H,0,0,-0.0,0.0,-0.0,0.0
2026-05-26T12:52:08.001,197.782,4540,STOP,0.191471,0.186381,-0.001273,0.8,0.0,0.0,H,0,0,-0.0,0.0,-0.0,0.0
2026-05-26T12:52:08.038,197.819,4541,STOP,0.168749,0.182855,0.003526,0.8,0.0,0.0,H,0,0,-0.0,0.0,-0.0,0.0
2026-05-26T12:52:08.083,197.864,4542,STOP,0.165039,0.179291,0.003563,0.8,0.0,0.0,H,0,0,-0.0,0.0,-0.0,0.0
2026-05-26T12:52:08.156,197.938,4543,STOP,0.153481,0.174129,0.005162,0.8,0.0,0.0,H,0,0,-0.0,0.0,-0.0,0.0
2026-05-26T12:52:08.188,197.969,4544,STOP,0.153194,0.169942,0.004187,0.8,0.0,0.0,H,0,0,-0.0,0.0,-0.0,0.0
2026-05-26T12:52:08.246,198.027,4545,STOP,0.153858,0.166725,0.003217,0.8,0.0,0.0,H,0,0,-0.0,0.0,-0.0,0.0
2026-05-26T12:52:08.289,198.07,4546,STOP,0.17493,0.168366,-0.001641,0.8,0.0,0.0,H,0,0,-0.0,0.0,-0.0,0.0
2026-05-26T12:52:08.319,198.1,4547,STOP,0.180993,0.170892,-0.002525,0.8,0.0,0.0,H,0,0,-0.0,0.0,-0.0,0.0
2026-05-26T12:52:08.361,198.142,4548,STOP,0.173425,0.171398,-0.000507,0.8,0.0,0.0,H,0,0,-0.0,0.0,-0.0,0.0
2026-05-26T12:52:08.389,198.17,4549,STOP,0.164527,0.170024,0.001374,0.8,0.0,0.0,H,0,0,-0.0,0.0,-0.0,0.0
2026-05-26T12:52:08.423,198.204,4550,STOP,0.159014,0.167822,0.002202,0.8,0.0,0.0,H,0,0,-0.0,0.0,-0.0,0.0
2026-05-26T12:52:08.471,198.252,4551,STOP,0.144548,0.163167,0.004655,0.8,0.0,0.0,H,0,0,-0.0,0.0,-0.0,0.0
2026-05-26T12:52:08.516,198.298,4552,STOP,0.14541,0.159616,0.003552,0.8,0.0,0.0,H,0,0,-0.0,0.0,-0.0,0.0
2026-05-26T12:52:08.555,198.336,4553,STOP,0.141678,0.156028,0.003587,0.8,0.0,0.0,H,0,0,-0.0,0.0,-0.0,0.0
2026-05-26T12:52:08.593,198.374,4554,STOP,0.137732,0.152369,0.003659,0.8,0.0,0.0,H,0,0,-0.0,0.0,-0.0,0.0
2026-05-26T12:52:08.640,198.421,4555,STOP,0.134462,0.148788,0.003581,0.8,0.0,0.0,M,0,0,-0.0,0.0,-0.0,0.0
2026-05-26T12:52:08.665,198.446,4556,STOP,0.134892,0.146008,0.002779,0.8,0.0,0.0,M,0,0,-0.0,0.0,-0.0,0.0
2026-05-26T12:52:08.715,198.496,4557,STOP,0.131809,0.143169,0.00284,0.8,0.0,0.0,M,0,0,-0.0,0.0,-0.0,0.0
2026-05-26T12:52:08.763,198.544,4558,STOP,0.140846,0.142704,0.000465,0.8,0.0,0.0,M,0,0,-0.0,0.0,-0.0,0.0
2026-05-26T12:52:08.809,198.59,4559,STOP,0.144867,0.143137,-0.000433,0.8,0.0,0.0,M,0,0,-0.0,0.0,-0.0,0.0
2026-05-26T12:52:08.853,198.634,4560,STOP,0.152912,0.145092,-0.001955,0.8,0.0,0.0,M,0,0,-0.0,0.0,-0.0,0.0
2026-05-26T12:52:08.900,198.681,4561,STOP,0.163623,0.148798,-0.003706,0.8,0.0,0.0,M,0,0,-0.0,0.0,-0.0,0.0
2026-05-26T12:52:08.953,198.734,4562,STOP,0.160046,0.151048,-0.00225,0.8,0.0,0.0,H,0,0,-0.0,0.0,-0.0,0.0
2026-05-26T12:52:09.016,198.798,4563,STOP,0.161774,0.153193,-0.002145,0.8,0.0,0.0,H,0,0,-0.0,0.0,-0.0,0.0
2026-05-26T12:52:09.059,198.84,4564,STOP,0.161581,0.15487,-0.001678,0.8,0.0,0.0,H,0,0,-0.0,0.0,-0.0,0.0
2026-05-26T12:52:09.113,198.895,4565,STOP,0.152935,0.154483,0.000387,0.8,0.0,0.0,H,0,0,-0.0,0.0,-0.0,0.0
2026-05-26T12:52:09.140,198.921,4566,STOP,0.14724,0.153035,0.001449,0.8,0.0,0.0,H,0,0,-0.0,0.0,-0.0,0.0
2026-05-26T12:52:09.193,198.974,4567,STOP,0.149154,0.152258,0.000776,0.8,0.0,0.0,H,0,0,-0.0,0.0,-0.0,0.0
2026-05-26T12:52:09.249,199.03,4568,STOP,0.134209,0.148649,0.00361,0.8,0.0,0.0,M,0,0,-0.0,0.0,-0.0,0.0
2026-05-26T12:52:09.305,199.086,4569,STOP,0.132768,0.145472,0.003176,0.8,0.0,0.0,M,0,0,-0.0,0.0,-0.0,0.0
2026-05-26T12:52:09.356,199.138,4570,STOP,0.12999,0.142376,0.003096,0.8,0.0,0.0,M,0,0,-0.0,0.0,-0.0,0.0
2026-05-26T12:52:09.405,199.186,4571,STOP,0.13114,0.140129,0.002247,0.8,0.0,0.0,M,0,0,-0.0,0.0,-0.0,0.0
2026-05-26T12:52:09.458,199.239,4572,STOP,0.126162,0.137335,0.002793,0.8,0.0,0.0,M,0,0,-0.0,0.0,-0.0,0.0
2026-05-26T12:52:09.508,199.29,4573,STOP,0.122481,0.134365,0.002971,0.8,0.0,0.0,M,0,0,-0.0,0.0,-0.0,0.0
2026-05-26T12:52:09.547,199.328,4574,STOP,0.112657,0.130023,0.004342,0.8,0.0,0.0,M,0,0,-0.0,0.0,-0.0,0.0
2026-05-26T12:52:09.579,199.36,4575,STOP,0.107098,0.125438,0.004585,0.8,0.0,0.0,M,0,0,-0.0,0.0,-0.0,0.0
2026-05-26T12:52:09.621,199.402,4576,STOP,0.08786,0.117922,0.007516,0.8,0.0,0.0,M,0,0,-0.0,0.0,-0.0,0.0
2026-05-26T12:52:09.669,199.45,4577,STOP,0.048831,0.104104,0.013818,0.8,0.0,0.0,M,0,0,-0.0,0.0,-0.0,0.0
2026-05-26T12:52:09.715,199.496,4578,STOP,0.027046,0.088692,0.015412,0.8,0.0,0.0,M,0,0,-0.0,0.0,-0.0,0.0
2026-05-26T12:52:09.756,199.538,4579,STOP,0.014323,0.073819,0.014874,0.8,0.0,0.0,M,0,0,-0.0,0.0,-0.0,0.0
2026-05-26T12:52:09.790,199.572,4580,STOP,0.013419,0.061739,0.01208,0.8,0.0,0.0,M,0,0,-0.0,0.0,-0.0,0.0
2026-05-26T12:52:09.840,199.621,4581,STOP,0.003789,0.050149,0.01159,0.8,0.0,0.0,M,0,0,-0.0,0.0,-0.0,0.0
2026-05-26T12:52:09.878,199.659,4582,STOP,0.003611,0.040841,0.009307,0.8,0.0,0.0,L,0,0,-0.0,0.0,-0.0,0.0
2026-05-26T12:52:09.937,199.718,4583,STOP,0.003316,0.033336,0.007505,0.8,0.0,0.0,L,0,0,-0.0,0.0,-0.0,0.0
2026-05-26T12:52:10.004,199.786,4584,STOP,0.025724,0.031814,0.001522,0.8,0.0,0.0,L,0,0,-0.0,0.0,-0.0,0.0
2026-05-26T12:52:10.045,199.826,4585,STOP,0.046423,0.034736,-0.002922,0.8,0.0,0.0,L,0,0,-0.0,0.0,-0.0,0.0
2026-05-26T12:52:10.077,199.858,4586,STOP,0.06416,0.04062,-0.005885,0.8,0.0,0.0,L,0,0,-0.0,0.0,-0.0,0.0
2026-05-26T12:52:10.121,199.902,4587,STOP,0.09111,0.050718,-0.010098,0.8,0.0,0.0,M,0,0,-0.0,0.0,-0.0,0.0
2026-05-26T12:52:10.162,199.943,4588,STOP,0.100266,0.060628,-0.009909,0.8,0.0,0.0,M,0,0,-0.0,0.0,-0.0,0.0
2026-05-26T12:52:10.220,200.001,4589,STOP,0.104487,0.0694,-0.008772,0.8,0.0,0.0,M,0,0,-0.0,0.0,-0.0,0.0
2026-05-26T12:52:10.295,200.076,4590,STOP,0.120828,0.079685,-0.010286,0.8,0.0,0.0,M,0,0,-0.0,0.0,-0.0,0.0
2026-05-26T12:52:10.324,200.106,4591,STOP,0.124617,0.088672,-0.008986,0.8,0.0,0.0,M,0,0,-0.0,0.0,-0.0,0.0
2026-05-26T12:52:10.388,200.17,4592,STOP,0.123131,0.095564,-0.006892,0.8,0.0,0.0,M,0,0,-0.0,0.0,-0.0,0.0
2026-05-26T12:52:10.452,200.233,4593,STOP,0.138217,0.104094,-0.008531,0.8,0.0,0.0,M,0,0,-0.0,0.0,-0.0,0.0
2026-05-26T12:52:10.525,200.306,4594,STOP,0.137079,0.110691,-0.006597,0.8,0.0,0.0,M,0,0,-0.0,0.0,-0.0,0.0
2026-05-26T12:52:10.563,200.344,4595,STOP,0.119807,0.112514,-0.001823,0.8,0.0,0.0,M,0,0,-0.0,0.0,-0.0,0.0
2026-05-26T12:52:10.598,200.38,4596,STOP,0.102802,0.110572,0.001942,0.8,0.0,0.0,M,0,0,-0.0,0.0,-0.0,0.0
2026-05-26T12:52:10.662,200.443,4597,STOP,0.087171,0.105892,0.00468,0.8,0.0,0.0,M,0,0,-0.0,0.0,-0.0,0.0
2026-05-26T12:52:10.707,200.488,4598,STOP,0.120238,0.108761,-0.002869,0.8,0.0,0.0,M,0,0,-0.0,0.0,-0.0,0.0
2026-05-26T12:52:10.746,200.527,4599,STOP,0.118763,0.110761,-0.002,0.8,0.0,0.0,M,0,0,-0.0,0.0,-0.0,0.0
2026-05-26T12:52:10.780,200.561,4600,STOP,0.098048,0.108219,0.002543,0.8,0.0,0.0,M,0,0,-0.0,0.0,-0.0,0.0
2026-05-26T12:52:10.837,200.618,4601,STOP,0.064634,0.099502,0.008717,0.8,0.0,0.0,M,0,0,-0.0,0.0,-0.0,0.0
2026-05-26T12:52:10.868,200.649,4602,STOP,0.026804,0.084962,0.01454,0.8,0.0,0.0,M,0,0,-0.0,0.0,-0.0,0.0
2026-05-26T12:52:10.911,200.692,4603,STOP,0.052334,0.078437,0.006526,0.8,0.0,0.0,M,0,0,-0.0,0.0,-0.0,0.0
2026-05-26T12:52:10.944,200.725,4604,STOP,0.065233,0.075796,0.002641,0.8,0.0,0.0,M,0,0,-0.0,0.0,-0.0,0.0
2026-05-26T12:52:10.991,200.772,4605,STOP,0.102174,0.081071,-0.005276,0.8,0.0,0.0,M,0,0,-0.0,0.0,-0.0,0.0
2026-05-26T12:52:11.039,200.82,4606,STOP,0.118278,0.088513,-0.007441,0.8,0.0,0.0,M,0,0,-0.0,0.0,-0.0,0.0
2026-05-26T12:52:11.092,200.873,4607,STOP,0.130085,0.096827,-0.008314,0.8,0.0,0.0,M,0,0,-0.0,0.0,-0.0,0.0
2026-05-26T12:52:11.147,200.928,4608,STOP,0.141016,0.105665,-0.008838,0.8,0.0,0.0,M,0,0,-0.0,0.0,-0.0,0.0
2026-05-26T12:52:11.211,200.992,4609,STOP,0.146876,0.113907,-0.008242,0.8,0.0,0.0,M,0,0,-0.0,0.0,-0.0,0.0
2026-05-26T12:52:11.254,201.035,4610,STOP,0.147559,0.120638,-0.00673,0.8,0.0,0.0,M,0,0,-0.0,0.0,-0.0,0.0
2026-05-26T12:52:11.279,201.061,4611,STOP,0.145275,0.125565,-0.004928,0.8,0.0,0.0,M,0,0,-0.0,0.0,-0.0,0.0
2026-05-26T12:52:11.326,201.107,4612,STOP,0.145713,0.129595,-0.00403,0.8,0.0,0.0,M,0,0,-0.0,0.0,-0.0,0.0
2026-05-26T12:52:11.394,201.175,4613,STOP,0.145579,0.132792,-0.003197,0.8,0.0,0.0,M,0,0,-0.0,0.0,-0.0,0.0
2026-05-26T12:52:11.435,201.216,4614,STOP,0.142092,0.134652,-0.00186,0.8,0.0,0.0,M,0,0,-0.0,0.0,-0.0,0.0
2026-05-26T12:52:11.470,201.252,4615,STOP,0.134028,0.134527,0.000125,0.8,0.0,0.0,M,0,0,-0.0,0.0,-0.0,0.0
2026-05-26T12:52:11.507,201.288,4616,STOP,0.136601,0.134942,-0.000415,0.8,0.0,0.0,M,0,0,-0.0,0.0,-0.0,0.0
2026-05-26T12:52:11.545,201.326,4617,STOP,0.137374,0.135428,-0.000486,0.8,0.0,0.0,M,0,0,-0.0,0.0,-0.0,0.0
2026-05-26T12:52:11.560,201.341,4618,STOP,0.126545,0.133651,0.001777,0.8,0.0,0.0,M,0,0,-0.0,0.0,-0.0,0.0
2026-05-26T12:52:11.612,201.394,4619,STOP,0.129169,0.132755,0.000896,0.8,0.0,0.0,M,0,0,-0.0,0.0,-0.0,0.0
2026-05-26T12:52:11.669,201.451,4620,STOP,0.129306,0.132065,0.00069,0.8,0.0,0.0,M,0,0,-0.0,0.0,-0.0,0.0
2026-05-26T12:52:11.712,201.493,4621,STOP,0.116254,0.128903,0.003162,0.8,0.0,0.0,M,0,0,-0.0,0.0,-0.0,0.0
2026-05-26T12:52:11.766,201.547,4622,STOP,0.070804,0.117283,0.01162,0.8,0.0,0.0,M,0,0,-0.0,0.0,-0.0,0.0
2026-05-26T12:52:11.829,201.61,4623,STOP,0.009484,0.095723,0.02156,0.8,0.0,0.0,M,0,0,-0.0,0.0,-0.0,0.0
2026-05-26T12:52:11.858,201.64,4624,STOP,0.092864,0.095151,0.000572,0.8,0.0,0.0,M,0,0,-0.0,0.0,-0.0,0.0
2026-05-26T12:52:11.900,201.682,4625,STOP,0.117659,0.099653,-0.004501,0.8,0.0,0.0,M,0,0,-0.0,0.0,-0.0,0.0
2026-05-26T12:52:11.943,201.724,4626,STOP,0.125899,0.104902,-0.005249,0.8,0.0,0.0,M,0,0,-0.0,0.0,-0.0,0.0
2026-05-26T12:52:11.983,201.764,4627,STOP,0.122049,0.108331,-0.003429,0.8,0.0,0.0,M,0,0,-0.0,0.0,-0.0,0.0
2026-05-26T12:52:12.031,201.812,4628,STOP,0.133835,0.113432,-0.005101,0.8,0.0,0.0,M,0,0,-0.0,0.0,-0.0,0.0
2026-05-26T12:52:12.089,201.87,4629,STOP,0.136765,0.118099,-0.004667,0.8,0.0,0.0,M,0,0,-0.0,0.0,-0.0,0.0
2026-05-26T12:52:12.124,201.905,4630,STOP,0.13904,0.122287,-0.004188,0.8,0.0,0.0,M,0,0,-0.0,0.0,-0.0,0.0
2026-05-26T12:52:12.154,201.935,4631,STOP,0.140551,0.12594,-0.003653,0.8,0.0,0.0,M,0,0,-0.0,0.0,-0.0,0.0
2026-05-26T12:52:12.194,201.976,4632,STOP,0.142034,0.129159,-0.003219,0.8,0.0,0.0,M,0,0,-0.0,0.0,-0.0,0.0
2026-05-26T12:52:12.245,202.026,4633,STOP,0.145237,0.132374,-0.003216,0.8,0.0,0.0,M,0,0,-0.0,0.0,-0.0,0.0
2026-05-26T12:52:12.279,202.06,4634,STOP,0.14382,0.134663,-0.002289,0.8,0.0,0.0,M,0,0,-0.0,0.0,-0.0,0.0
2026-05-26T12:52:12.350,202.131,4635,STOP,0.144105,0.136552,-0.001888,0.8,0.0,0.0,M,0,0,-0.0,0.0,-0.0,0.0
2026-05-26T12:52:12.409,202.19,4636,STOP,0.150518,0.139345,-0.002793,0.8,0.0,0.0,M,0,0,-0.0,0.0,-0.0,0.0
2026-05-26T12:52:12.459,202.24,4637,STOP,0.156384,0.142753,-0.003408,0.8,0.0,0.0,M,0,0,-0.0,0.0,-0.0,0.0
2026-05-26T12:52:12.518,202.3,4638,STOP,0.150052,0.144213,-0.00146,0.8,0.0,0.0,M,0,0,-0.0,0.0,-0.0,0.0
2026-05-26T12:52:12.584,202.366,4639,STOP,0.158332,0.147037,-0.002824,0.8,0.0,0.0,M,0,0,-0.0,0.0,-0.0,0.0
2026-05-26T12:52:12.630,202.412,4640,STOP,0.167507,0.151131,-0.004094,0.8,0.0,0.0,H,0,0,-0.0,0.0,-0.0,0.0
2026-05-26T12:52:12.680,202.462,4641,STOP,0.167839,0.154472,-0.003342,0.8,0.0,0.0,H,0,0,-0.0,0.0,-0.0,0.0
2026-05-26T12:52:12.725,202.506,4642,STOP,0.158857,0.155349,-0.000877,0.8,0.0,0.0,H,0,0,-0.0,0.0,-0.0,0.0
2026-05-26T12:52:12.770,202.551,4643,STOP,0.155428,0.155365,-1.6e-05,0.8,0.0,0.0,H,0,0,-0.0,0.0,-0.0,0.0
2026-05-26T12:52:12.809,202.59,4644,STOP,0.144373,0.153166,0.002198,0.8,0.0,0.0,H,0,0,-0.0,0.0,-0.0,0.0
2026-05-26T12:52:12.881,202.662,4645,STOP,0.143717,0.151277,0.00189,0.8,0.0,0.0,H,0,0,-0.0,0.0,-0.0,0.0
2026-05-26T12:52:12.951,202.732,4646,STOP,0.157704,0.152562,-0.001285,0.8,0.0,0.0,H,0,0,-0.0,0.0,-0.0,0.0
2026-05-26T12:52:12.997,202.778,4647,STOP,0.15852,0.153754,-0.001192,0.8,0.0,0.0,H,0,0,-0.0,0.0,-0.0,0.0
2026-05-26T12:52:13.058,202.839,4648,STOP,0.16171,0.155345,-0.001591,0.8,0.0,0.0,H,0,0,-0.0,0.0,-0.0,0.0
2026-05-26T12:52:13.112,202.893,4649,STOP,0.161174,0.156511,-0.001166,0.8,0.0,0.0,H,0,0,-0.0,0.0,-0.0,0.0
2026-05-26T12:52:13.148,202.93,4650,STOP,0.159524,0.157113,-0.000603,0.8,0.0,0.0,H,0,0,-0.0,0.0,-0.0,0.0
2026-05-26T12:52:13.193,202.974,4651,STOP,0.151416,0.155974,0.00114,0.8,0.0,0.0,H,0,0,-0.0,0.0,-0.0,0.0
2026-05-26T12:52:13.220,203.001,4652,STOP,0.149506,0.15468,0.001294,0.8,0.0,0.0,H,0,0,-0.0,0.0,-0.0,0.0
2026-05-26T12:52:13.259,203.04,4653,STOP,0.14158,0.15206,0.00262,0.8,0.0,0.0,H,0,0,-0.0,0.0,-0.0,0.0
2026-05-26T12:52:13.304,203.086,4654,STOP,0.139319,0.149512,0.002548,0.8,0.0,0.0,M,0,0,-0.0,0.0,-0.0,0.0
2026-05-26T12:52:13.359,203.14,4655,STOP,0.137362,0.147082,0.00243,0.8,0.0,0.0,M,0,0,-0.0,0.0,-0.0,0.0
2026-05-26T12:52:13.415,203.197,4656,STOP,0.141584,0.145982,0.0011,0.8,0.0,0.0,M,0,0,-0.0,0.0,-0.0,0.0
2026-05-26T12:52:13.458,203.239,4657,STOP,0.139532,0.144692,0.00129,0.8,0.0,0.0,M,0,0,-0.0,0.0,-0.0,0.0
2026-05-26T12:52:13.491,203.272,4658,STOP,0.1354,0.142834,0.001858,0.8,0.0,0.0,M,0,0,-0.0,0.0,-0.0,0.0
2026-05-26T12:52:13.514,203.295,4659,STOP,0.130686,0.140404,0.00243,0.8,0.0,0.0,M,0,0,-0.0,0.0,-0.0,0.0
2026-05-26T12:52:13.554,203.336,4660,STOP,0.119072,0.136138,0.004267,0.8,0.0,0.0,M,0,0,-0.0,0.0,-0.0,0.0
2026-05-26T12:52:13.587,203.368,4661,STOP,0.118008,0.132512,0.003626,0.8,0.0,0.0,M,0,0,-0.0,0.0,-0.0,0.0
2026-05-26T12:52:13.615,203.396,4662,STOP,0.118761,0.129762,0.00275,0.8,0.0,0.0,M,0,0,-0.0,0.0,-0.0,0.0
2026-05-26T12:52:13.674,203.455,4663,STOP,0.117633,0.127336,0.002426,0.8,0.0,0.0,M,0,0,-0.0,0.0,-0.0,0.0
2026-05-26T12:52:13.710,203.491,4664,STOP,0.114601,0.124789,0.002547,0.8,0.0,0.0,M,0,0,-0.0,0.0,-0.0,0.0
2026-05-26T12:52:13.751,203.532,4665,STOP,0.118006,0.123432,0.001357,0.8,0.0,0.0,M,0,0,-0.0,0.0,-0.0,0.0
2026-05-26T12:52:13.785,203.566,4666,STOP,0.11537,0.12182,0.001613,0.8,0.0,0.0,M,0,0,-0.0,0.0,-0.0,0.0
2026-05-26T12:52:13.821,203.602,4667,STOP,0.112848,0.120026,0.001794,0.8,0.0,0.0,M,0,0,-0.0,0.0,-0.0,0.0
2026-05-26T12:52:13.867,203.648,4668,STOP,0.111088,0.118238,0.001787,0.8,0.0,0.0,M,0,0,-0.0,0.0,-0.0,0.0
2026-05-26T12:52:13.914,203.696,4669,STOP,0.10901,0.116392,0.001846,0.8,0.0,0.0,M,0,0,-0.0,0.0,-0.0,0.0
2026-05-26T12:52:13.952,203.733,4670,STOP,0.106616,0.114437,0.001955,0.8,0.0,0.0,M,0,0,-0.0,0.0,-0.0,0.0
2026-05-26T12:52:14.002,203.783,4671,STOP,0.111434,0.113837,0.000601,0.8,0.0,0.0,M,0,0,-0.0,0.0,-0.0,0.0
2026-05-26T12:52:14.075,203.856,4672,STOP,0.118214,0.114712,-0.000875,0.8,0.0,0.0,M,0,0,-0.0,0.0,-0.0,0.0
2026-05-26T12:52:14.109,203.89,4673,STOP,0.123272,0.116424,-0.001712,0.8,0.0,0.0,M,0,0,-0.0,0.0,-0.0,0.0
2026-05-26T12:52:14.140,203.922,4674,STOP,0.120272,0.117193,-0.00077,0.8,0.0,0.0,M,0,0,-0.0,0.0,-0.0,0.0
2026-05-26T12:52:14.166,203.947,4675,STOP,0.116226,0.117,0.000193,0.8,0.0,0.0,M,0,0,-0.0,0.0,-0.0,0.0
2026-05-26T12:52:14.198,203.979,4676,STOP,0.118755,0.117351,-0.000351,0.8,0.0,0.0,M,0,0,-0.0,0.0,-0.0,0.0
2026-05-26T12:52:14.247,204.029,4677,STOP,0.115389,0.116959,0.000392,0.8,0.0,0.0,M,0,0,-0.0,0.0,-0.0,0.0
2026-05-26T12:52:14.301,204.082,4678,STOP,0.119327,0.117432,-0.000474,0.8,0.0,0.0,M,0,0,-0.0,0.0,-0.0,0.0
2026-05-26T12:52:14.322,204.104,4679,STOP,0.116545,0.117255,0.000177,0.8,0.0,0.0,M,0,0,-0.0,0.0,-0.0,0.0
2026-05-26T12:52:14.377,204.159,4680,STOP,0.124779,0.11876,-0.001505,0.8,0.0,0.0,M,0,0,-0.0,0.0,-0.0,0.0
2026-05-26T12:52:14.425,204.206,4681,STOP,0.113346,0.117677,0.001083,0.8,0.0,0.0,M,0,0,-0.0,0.0,-0.0,0.0
2026-05-26T12:52:14.489,204.27,4682,STOP,0.109132,0.115968,0.001709,0.8,0.0,0.0,M,0,0,-0.0,0.0,-0.0,0.0
2026-05-26T12:52:14.537,204.318,4683,STOP,0.115284,0.115831,0.000137,0.8,0.0,0.0,M,0,0,-0.0,0.0,-0.0,0.0
2026-05-26T12:52:14.578,204.36,4684,STOP,0.136354,0.119936,-0.004104,0.8,0.0,0.0,M,0,0,-0.0,0.0,-0.0,0.0
2026-05-26T12:52:14.611,204.393,4685,STOP,0.130618,0.122072,-0.002136,0.8,0.0,0.0,M,0,0,-0.0,0.0,-0.0,0.0
2026-05-26T12:52:14.670,204.451,4686,STOP,0.13757,0.125172,-0.0031,0.8,0.0,0.0,M,0,0,-0.0,0.0,-0.0,0.0
2026-05-26T12:52:14.710,204.491,4687,STOP,0.142002,0.128538,-0.003366,0.8,0.0,0.0,M,0,0,-0.0,0.0,-0.0,0.0
2026-05-26T12:52:14.739,204.52,4688,STOP,0.129389,0.128708,-0.00017,0.8,0.0,0.0,M,0,0,-0.0,0.0,-0.0,0.0
2026-05-26T12:52:14.767,204.548,4689,STOP,0.122589,0.127484,0.001224,0.8,0.0,0.0,M,0,0,-0.0,0.0,-0.0,0.0
2026-05-26T12:52:14.819,204.601,4690,STOP,0.127814,0.12755,-6.6e-05,0.8,0.0,0.0,M,0,0,-0.0,0.0,-0.0,0.0
2026-05-26T12:52:14.858,204.639,4691,STOP,0.140639,0.130168,-0.002618,0.8,0.0,0.0,M,0,0,-0.0,0.0,-0.0,0.0
2026-05-26T12:52:14.889,204.67,4692,STOP,0.141044,0.132343,-0.002175,0.8,0.0,0.0,M,0,0,-0.0,0.0,-0.0,0.0
2026-05-26T12:52:14.928,204.709,4693,STOP,0.14308,0.13449,-0.002147,0.8,0.0,0.0,M,0,0,-0.0,0.0,-0.0,0.0
2026-05-26T12:52:14.959,204.74,4694,STOP,0.145535,0.136699,-0.002209,0.8,0.0,0.0,M,0,0,-0.0,0.0,-0.0,0.0
2026-05-26T12:52:15.019,204.8,4695,STOP,0.155987,0.140557,-0.003858,0.8,0.0,0.0,M,0,0,-0.0,0.0,-0.0,0.0
2026-05-26T12:52:15.059,204.84,4696,STOP,0.147614,0.141968,-0.001411,0.8,0.0,0.0,M,0,0,-0.0,0.0,-0.0,0.0
2026-05-26T12:52:15.112,204.894,4697,STOP,0.152926,0.14416,-0.002192,0.8,0.0,0.0,M,0,0,-0.0,0.0,-0.0,0.0
2026-05-26T12:52:15.152,204.933,4698,STOP,0.15552,0.146432,-0.002272,0.8,0.0,0.0,M,0,0,-0.0,0.0,-0.0,0.0
2026-05-26T12:52:15.203,204.984,4699,STOP,0.17128,0.151401,-0.00497,0.8,0.0,0.0,H,0,0,-0.0,0.0,-0.0,0.0
2026-05-26T12:52:15.258,205.039,4700,STOP,0.182093,0.15754,-0.006138,0.8,0.0,0.0,H,0,0,-0.0,0.0,-0.0,0.0
2026-05-26T12:52:15.291,205.072,4701,STOP,0.18612,0.163256,-0.005716,0.8,0.0,0.0,H,0,0,-0.0,0.0,-0.0,0.0
2026-05-26T12:52:15.330,205.111,4702,STOP,0.189071,0.168419,-0.005163,0.8,0.0,0.0,H,0,0,-0.0,0.0,-0.0,0.0
2026-05-26T12:52:15.374,205.156,4703,STOP,0.186128,0.171961,-0.003542,0.8,0.0,0.0,H,0,0,-0.0,0.0,-0.0,0.0
2026-05-26T12:52:15.423,205.204,4704,STOP,0.1748,0.172528,-0.000568,0.8,0.0,0.0,H,0,0,-0.0,0.0,-0.0,0.0
2026-05-26T12:52:15.484,205.265,4705,STOP,0.157894,0.169602,0.002927,0.8,0.0,0.0,H,0,0,-0.0,0.0,-0.0,0.0
2026-05-26T12:52:15.516,205.298,4706,STOP,0.155844,0.16685,0.002752,0.8,0.0,0.0,H,0,0,-0.0,0.0,-0.0,0.0
2026-05-26T12:52:15.597,205.378,4707,STOP,0.173358,0.168152,-0.001302,0.8,0.0,0.0,H,0,0,-0.0,0.0,-0.0,0.0
2026-05-26T12:52:15.632,205.413,4708,STOP,0.178213,0.170164,-0.002012,0.8,0.0,0.0,H,0,0,-0.0,0.0,-0.0,0.0
2026-05-26T12:52:15.678,205.459,4709,STOP,0.181014,0.172334,-0.00217,0.8,0.0,0.0,H,0,0,-0.0,0.0,-0.0,0.0
2026-05-26T12:52:15.720,205.502,4710,STOP,0.174123,0.172692,-0.000358,0.8,0.0,0.0,H,0,0,-0.0,0.0,-0.0,0.0
2026-05-26T12:52:15.779,205.56,4711,STOP,0.179239,0.174001,-0.00131,0.8,0.0,0.0,H,0,0,-0.0,0.0,-0.0,0.0
2026-05-26T12:52:15.817,205.598,4712,STOP,0.167864,0.172774,0.001227,0.8,0.0,0.0,H,0,0,-0.0,0.0,-0.0,0.0
2026-05-26T12:52:15.861,205.642,4713,STOP,0.165509,0.171321,0.001453,0.8,0.0,0.0,H,0,0,-0.0,0.0,-0.0,0.0
2026-05-26T12:52:15.896,205.677,4714,STOP,0.156484,0.168353,0.002967,0.8,0.0,0.0,H,0,0,-0.0,0.0,-0.0,0.0
2026-05-26T12:52:15.928,205.709,4715,STOP,0.15131,0.164945,0.003409,0.8,0.0,0.0,H,0,0,-0.0,0.0,-0.0,0.0
2026-05-26T12:52:15.977,205.758,4716,STOP,0.150345,0.162025,0.00292,0.8,0.0,0.0,H,0,0,-0.0,0.0,-0.0,0.0
2026-05-26T12:52:16.010,205.792,4717,STOP,0.148924,0.159405,0.00262,0.8,0.0,0.0,H,0,0,-0.0,0.0,-0.0,0.0
2026-05-26T12:52:16.052,205.833,4718,STOP,0.146284,0.15678,0.002624,0.8,0.0,0.0,H,0,0,-0.0,0.0,-0.0,0.0
2026-05-26T12:52:16.093,205.874,4719,STOP,0.145981,0.154621,0.00216,0.8,0.0,0.0,H,0,0,-0.0,0.0,-0.0,0.0
2026-05-26T12:52:16.142,205.923,4720,STOP,0.147166,0.15313,0.001491,0.8,0.0,0.0,H,0,0,-0.0,0.0,-0.0,0.0
2026-05-26T12:52:16.190,205.971,4721,STOP,0.144395,0.151383,0.001747,0.8,0.0,0.0,H,0,0,-0.0,0.0,-0.0,0.0
2026-05-26T12:52:16.249,206.03,4722,STOP,0.1429,0.149686,0.001697,0.8,0.0,0.0,M,0,0,-0.0,0.0,-0.0,0.0
2026-05-26T12:52:16.291,206.072,4723,STOP,0.152863,0.150322,-0.000635,0.8,0.0,0.0,H,0,0,-0.0,0.0,-0.0,0.0
2026-05-26T12:52:16.332,206.113,4724,STOP,0.147832,0.149824,0.000498,0.8,0.0,0.0,M,0,0,-0.0,0.0,-0.0,0.0
2026-05-26T12:52:16.382,206.163,4725,STOP,0.155285,0.150916,-0.001092,0.8,0.0,0.0,H,0,0,-0.0,0.0,-0.0,0.0
2026-05-26T12:52:16.424,206.205,4726,STOP,0.14569,0.149871,0.001045,0.8,0.0,0.0,M,0,0,-0.0,0.0,-0.0,0.0
2026-05-26T12:52:16.465,206.246,4727,STOP,0.143821,0.148661,0.00121,0.8,0.0,0.0,M,0,0,-0.0,0.0,-0.0,0.0
2026-05-26T12:52:16.509,206.29,4728,STOP,0.128232,0.144575,0.004086,0.8,0.0,0.0,M,0,0,-0.0,0.0,-0.0,0.0
2026-05-26T12:52:16.550,206.331,4729,STOP,0.130199,0.1417,0.002875,0.8,0.0,0.0,M,0,0,-0.0,0.0,-0.0,0.0
2026-05-26T12:52:16.607,206.388,4730,STOP,0.119121,0.137184,0.004516,0.8,0.0,0.0,M,0,0,-0.0,0.0,-0.0,0.0
2026-05-26T12:52:16.655,206.436,4731,STOP,0.120971,0.133942,0.003243,0.8,0.0,0.0,M,0,0,-0.0,0.0,-0.0,0.0
2026-05-26T12:52:16.700,206.481,4732,STOP,0.118181,0.13079,0.003152,0.8,0.0,0.0,M,0,0,-0.0,0.0,-0.0,0.0
2026-05-26T12:52:16.761,206.542,4733,STOP,0.114475,0.127527,0.003263,0.8,0.0,0.0,M,0,0,-0.0,0.0,-0.0,0.0
2026-05-26T12:52:16.799,206.58,4734,STOP,0.106088,0.123239,0.004288,0.8,0.0,0.0,M,0,0,-0.0,0.0,-0.0,0.0
2026-05-26T12:52:16.844,206.625,4735,STOP,0.100315,0.118654,0.004585,0.8,0.0,0.0,M,0,0,-0.0,0.0,-0.0,0.0
2026-05-26T12:52:16.877,206.658,4736,STOP,0.089828,0.112889,0.005765,0.8,0.0,0.0,M,0,0,-0.0,0.0,-0.0,0.0
2026-05-26T12:52:16.913,206.694,4737,STOP,0.086618,0.107635,0.005254,0.8,0.0,0.0,M,0,0,-0.0,0.0,-0.0,0.0
2026-05-26T12:52:16.956,206.737,4738,STOP,0.086433,0.103394,0.00424,0.8,0.0,0.0,M,0,0,-0.0,0.0,-0.0,0.0
2026-05-26T12:52:17.044,206.825,4739,STOP,0.088194,0.100354,0.00304,0.8,0.0,0.0,M,0,0,-0.0,0.0,-0.0,0.0
2026-05-26T12:52:17.098,206.879,4740,STOP,0.088265,0.097936,0.002418,0.8,0.0,0.0,M,0,0,-0.0,0.0,-0.0,0.0
2026-05-26T12:52:17.146,206.928,4741,STOP,0.092023,0.096754,0.001183,0.8,0.0,0.0,M,0,0,-0.0,0.0,-0.0,0.0
2026-05-26T12:52:17.184,206.966,4742,STOP,0.093608,0.096125,0.000629,0.8,0.0,0.0,M,0,0,-0.0,0.0,-0.0,0.0
2026-05-26T12:52:17.242,207.023,4743,STOP,0.095624,0.096025,0.0001,0.8,0.0,0.0,M,0,0,-0.0,0.0,-0.0,0.0
2026-05-26T12:52:17.294,207.075,4744,STOP,0.103669,0.097553,-0.001529,0.8,0.0,0.0,M,0,0,-0.0,0.0,-0.0,0.0
2026-05-26T12:52:17.315,207.096,4745,STOP,0.104425,0.098928,-0.001374,0.8,0.0,0.0,M,0,0,-0.0,0.0,-0.0,0.0
2026-05-26T12:52:17.351,207.132,4746,STOP,0.105782,0.100298,-0.001371,0.8,0.0,0.0,M,0,0,-0.0,0.0,-0.0,0.0
2026-05-26T12:52:17.382,207.163,4747,STOP,0.109791,0.102197,-0.001899,0.8,0.0,0.0,M,0,0,-0.0,0.0,-0.0,0.0
2026-05-26T12:52:17.441,207.223,4748,STOP,0.110977,0.103953,-0.001756,0.8,0.0,0.0,M,0,0,-0.0,0.0,-0.0,0.0
2026-05-26T12:52:17.546,207.327,4749,STOP,0.121903,0.107543,-0.00359,0.8,0.0,0.0,M,0,0,-0.0,0.0,-0.0,0.0
2026-05-26T12:52:17.588,207.369,4750,STOP,0.141769,0.114388,-0.006845,0.8,0.0,0.0,M,0,0,-0.0,0.0,-0.0,0.0
2026-05-26T12:52:17.627,207.408,4751,STOP,0.147849,0.12108,-0.006692,0.8,0.0,0.0,M,0,0,-0.0,0.0,-0.0,0.0
2026-05-26T12:52:17.680,207.461,4752,STOP,0.151698,0.127204,-0.006123,0.8,0.0,0.0,M,0,0,-0.0,0.0,-0.0,0.0
2026-05-26T12:52:17.726,207.507,4753,STOP,0.166718,0.135107,-0.007903,0.8,0.0,0.0,M,0,0,-0.0,0.0,-0.0,0.0
2026-05-26T12:52:17.754,207.536,4754,STOP,0.161572,0.1404,-0.005293,0.8,0.0,0.0,M,0,0,-0.0,0.0,-0.0,0.0
2026-05-26T12:52:17.802,207.583,4755,STOP,0.155856,0.143491,-0.003091,0.8,0.0,0.0,M,0,0,-0.0,0.0,-0.0,0.0
2026-05-26T12:52:17.836,207.617,4756,STOP,0.162217,0.147236,-0.003745,0.8,0.0,0.0,M,0,0,-0.0,0.0,-0.0,0.0
2026-05-26T12:52:17.872,207.654,4757,STOP,0.167119,0.151213,-0.003977,0.8,0.0,0.0,H,0,0,-0.0,0.0,-0.0,0.0
2026-05-26T12:52:17.900,207.681,4758,STOP,0.16108,0.153186,-0.001974,0.8,0.0,0.0,H,0,0,-0.0,0.0,-0.0,0.0
2026-05-26T12:52:17.973,207.754,4759,STOP,0.174081,0.157365,-0.004179,0.8,0.0,0.0,H,0,0,-0.0,0.0,-0.0,0.0
2026-05-26T12:52:18.024,207.806,4760,STOP,0.189105,0.163713,-0.006348,0.8,0.0,0.0,H,0,0,-0.0,0.0,-0.0,0.0
2026-05-26T12:52:18.069,207.85,4761,STOP,0.194833,0.169937,-0.006224,0.8,0.0,0.0,H,0,0,-0.0,0.0,-0.0,0.0
2026-05-26T12:52:18.128,207.909,4762,STOP,0.212499,0.178449,-0.008512,0.8,0.0,0.0,H,0,0,-0.0,0.0,-0.0,0.0
2026-05-26T12:52:18.181,207.962,4763,STOP,0.227534,0.188266,-0.009817,0.8,0.0,0.0,H,0,0,-0.0,0.0,-0.0,0.0
2026-05-26T12:52:18.214,207.995,4764,STOP,0.226792,0.195971,-0.007705,0.8,0.0,0.0,H,0,0,-0.0,0.0,-0.0,0.0
2026-05-26T12:52:18.266,208.048,4765,STOP,0.222596,0.201296,-0.005325,0.8,0.0,0.0,H,0,0,-0.0,0.0,-0.0,0.0
2026-05-26T12:52:18.320,208.101,4766,STOP,0.234139,0.207865,-0.006568,0.8,0.0,0.0,H,0,0,-0.0,0.0,-0.0,0.0
2026-05-26T12:52:18.379,208.16,4767,STOP,0.223482,0.210988,-0.003123,0.8,0.0,0.0,H,0,0,-0.0,0.0,-0.0,0.0
2026-05-26T12:52:18.422,208.203,4768,STOP,0.220577,0.212906,-0.001918,0.8,0.0,0.0,H,0,0,-0.0,0.0,-0.0,0.0
2026-05-26T12:52:18.459,208.24,4769,STOP,0.219041,0.214133,-0.001227,0.8,0.0,0.0,H,0,0,-0.0,0.0,-0.0,0.0
2026-05-26T12:52:18.490,208.271,4770,STOP,0.221229,0.215552,-0.001419,0.8,0.0,0.0,H,0,0,-0.0,0.0,-0.0,0.0
2026-05-26T12:52:18.525,208.306,4771,STOP,0.190091,0.21046,0.005092,0.8,0.0,0.0,H,0,0,-0.0,0.0,-0.0,0.0
2026-05-26T12:52:18.585,208.366,4772,STOP,0.205128,0.209394,0.001066,0.8,0.0,0.0,H,0,0,-0.0,0.0,-0.0,0.0
2026-05-26T12:52:18.649,208.431,4773,STOP,0.199132,0.207341,0.002052,0.8,0.0,0.0,H,0,0,-0.0,0.0,-0.0,0.0
2026-05-26T12:52:18.712,208.493,4774,STOP,0.210007,0.207874,-0.000533,0.8,0.0,0.0,H,0,0,-0.0,0.0,-0.0,0.0
2026-05-26T12:52:18.765,208.546,4775,STOP,0.203623,0.207024,0.00085,0.8,0.0,0.0,H,0,0,-0.0,0.0,-0.0,0.0
2026-05-26T12:52:18.838,208.62,4776,STOP,0.217708,0.209161,-0.002137,0.8,0.0,0.0,H,0,0,-0.0,0.0,-0.0,0.0
2026-05-26T12:52:18.878,208.659,4777,STOP,0.209671,0.209263,-0.000102,0.8,0.0,0.0,H,0,0,-0.0,0.0,-0.0,0.0
2026-05-26T12:52:18.943,208.724,4778,STOP,0.227648,0.21294,-0.003677,0.8,0.0,0.0,H,0,0,-0.0,0.0,-0.0,0.0
2026-05-26T12:52:18.998,208.779,4779,STOP,0.228942,0.21614,-0.0032,0.8,0.0,0.0,H,0,0,-0.0,0.0,-0.0,0.0
2026-05-26T12:52:19.044,208.825,4780,STOP,0.23156,0.219224,-0.003084,0.8,0.0,0.0,H,0,0,-0.0,0.0,-0.0,0.0
2026-05-26T12:52:19.103,208.884,4781,STOP,0.211693,0.217718,0.001506,0.8,0.0,0.0,H,0,0,-0.0,0.0,-0.0,0.0
2026-05-26T12:52:19.140,208.921,4782,STOP,0.198533,0.213881,0.003837,0.8,0.0,0.0,H,0,0,-0.0,0.0,-0.0,0.0
2026-05-26T12:52:19.201,208.982,4783,STOP,0.171334,0.205372,0.008509,0.8,0.0,0.0,H,0,0,-0.0,0.0,-0.0,0.0
2026-05-26T12:52:19.240,209.022,4784,STOP,0.120341,0.188365,0.017006,0.8,0.0,0.0,H,0,0,-0.0,0.0,-0.0,0.0
2026-05-26T12:52:19.298,209.079,4785,STOP,0.070545,0.164801,0.023564,0.8,0.0,0.0,H,0,0,-0.0,0.0,-0.0,0.0
2026-05-26T12:52:19.338,209.119,4786,STOP,0.034924,0.138826,0.025975,0.8,0.0,0.0,M,0,0,-0.0,0.0,-0.0,0.0
2026-05-26T12:52:19.393,209.174,4787,STOP,0.010839,0.113229,0.025597,0.8,0.0,0.0,M,0,0,-0.0,0.0,-0.0,0.0
2026-05-26T12:52:19.427,209.208,4788,STOP,0.008449,0.092273,0.020956,0.8,0.0,0.0,M,0,0,-0.0,0.0,-0.0,0.0
2026-05-26T12:52:19.476,209.257,4789,STOP,0.005169,0.074852,0.017421,0.8,0.0,0.0,M,0,0,-0.0,0.0,-0.0,0.0
2026-05-26T12:52:19.512,209.293,4790,STOP,0.002868,0.060455,0.014397,0.8,0.0,0.0,M,0,0,-0.0,0.0,-0.0,0.0
2026-05-26T12:52:19.542,209.324,4791,STOP,0.00441,0.049246,0.011209,0.8,0.0,0.0,L,0,0,-0.0,0.0,-0.0,0.0
2026-05-26T12:52:19.584,209.365,4792,STOP,0.012588,0.041915,0.007332,0.8,0.0,0.0,L,0,0,-0.0,0.0,-0.0,0.0
2026-05-26T12:52:19.614,209.395,4793,STOP,0.012116,0.035955,0.00596,0.8,0.0,0.0,L,0,0,-0.0,0.0,-0.0,0.0
2026-05-26T12:52:19.660,209.441,4794,STOP,0.014421,0.031648,0.004307,0.8,0.0,0.0,L,0,0,-0.0,0.0,-0.0,0.0
2026-05-26T12:52:19.719,209.5,4795,STOP,0.021241,0.029567,0.002082,0.8,0.0,0.0,L,0,0,-0.0,0.0,-0.0,0.0
2026-05-26T12:52:19.754,209.535,4796,STOP,0.017785,0.02721,0.002356,0.8,0.0,0.0,L,0,0,-0.0,0.0,-0.0,0.0
2026-05-26T12:52:19.803,209.584,4797,STOP,0.011906,0.02415,0.003061,0.8,0.0,0.0,L,0,0,-0.0,0.0,-0.0,0.0
2026-05-26T12:52:19.874,209.655,4798,STOP,0.01183,0.021686,0.002464,0.8,0.0,0.0,L,0,0,-0.0,0.0,-0.0,0.0
2026-05-26T12:52:19.908,209.689,4799,STOP,0.014246,0.020198,0.001488,0.8,0.0,0.0,L,0,0,-0.0,0.0,-0.0,0.0
2026-05-26T12:52:19.954,209.735,4800,STOP,0.003548,0.016868,0.00333,0.8,0.0,0.0,L,0,0,-0.0,0.0,-0.0,0.0
2026-05-26T12:52:19.994,209.776,4801,STOP,0.003219,0.014138,0.00273,0.8,0.0,0.0,L,0,0,-0.0,0.0,-0.0,0.0
2026-05-26T12:52:20.044,209.826,4802,STOP,0.00588,0.012486,0.001652,0.8,0.0,0.0,L,0,0,-0.0,0.0,-0.0,0.0
2026-05-26T12:52:20.074,209.855,4803,STOP,0.004086,0.010806,0.00168,0.8,0.0,0.0,L,0,0,-0.0,0.0,-0.0,0.0
2026-05-26T12:52:20.112,209.893,4804,STOP,0.020073,0.01266,-0.001853,0.8,0.0,0.0,L,0,0,-0.0,0.0,-0.0,0.0
2026-05-26T12:52:20.154,209.936,4805,STOP,0.042559,0.018639,-0.00598,0.8,0.0,0.0,L,0,0,-0.0,0.0,-0.0,0.0
2026-05-26T12:52:20.190,209.971,4806,STOP,0.070798,0.029071,-0.010432,0.8,0.0,0.0,L,0,0,-0.0,0.0,-0.0,0.0
2026-05-26T12:52:20.241,210.022,4807,STOP,0.099774,0.043212,-0.014141,0.8,0.0,0.0,L,0,0,-0.0,0.0,-0.0,0.0
2026-05-26T12:52:20.282,210.063,4808,STOP,0.145087,0.063587,-0.020375,0.8,0.0,0.0,M,0,0,-0.0,0.0,-0.0,0.0
2026-05-26T12:52:20.330,210.111,4809,STOP,0.158345,0.082538,-0.018952,0.8,0.0,0.0,M,0,0,-0.0,0.0,-0.0,0.0
2026-05-26T12:52:20.362,210.144,4810,STOP,0.165829,0.099196,-0.016658,0.8,0.0,0.0,M,0,0,-0.0,0.0,-0.0,0.0
2026-05-26T12:52:20.391,210.172,4811,STOP,0.169039,0.113165,-0.013968,0.8,0.0,0.0,M,0,0,-0.0,0.0,-0.0,0.0
2026-05-26T12:52:20.424,210.205,4812,STOP,0.16772,0.124076,-0.010911,0.8,0.0,0.0,M,0,0,-0.0,0.0,-0.0,0.0
2026-05-26T12:52:20.449,210.23,4813,STOP,0.148926,0.129046,-0.00497,0.8,0.0,0.0,M,0,0,-0.0,0.0,-0.0,0.0
2026-05-26T12:52:20.486,210.267,4814,STOP,0.1505,0.133337,-0.004291,0.8,0.0,0.0,M,0,0,-0.0,0.0,-0.0,0.0
2026-05-26T12:52:20.526,210.307,4815,STOP,0.155331,0.137736,-0.004399,0.8,0.0,0.0,M,0,0,-0.0,0.0,-0.0,0.0
2026-05-26T12:52:20.558,210.339,4816,STOP,0.15937,0.142063,-0.004327,0.8,0.0,0.0,M,0,0,-0.0,0.0,-0.0,0.0
2026-05-26T12:52:20.599,210.38,4817,STOP,0.15987,0.145624,-0.003562,0.8,0.0,0.0,M,0,0,-0.0,0.0,-0.0,0.0
2026-05-26T12:52:20.648,210.429,4818,STOP,0.151164,0.146732,-0.001108,0.8,0.0,0.0,M,0,0,-0.0,0.0,-0.0,0.0
2026-05-26T12:52:20.678,210.46,4819,STOP,0.131738,0.143733,0.002999,0.8,0.0,0.0,M,0,0,-0.0,0.0,-0.0,0.0
2026-05-26T12:52:20.704,210.485,4820,STOP,0.098025,0.134592,0.009142,0.8,0.0,0.0,M,0,0,-0.0,0.0,-0.0,0.0
2026-05-26T12:52:20.751,210.532,4821,STOP,0.059855,0.119644,0.014947,0.8,0.0,0.0,M,0,0,-0.0,0.0,-0.0,0.0
2026-05-26T12:52:20.774,210.555,4822,STOP,0.036379,0.102991,0.016653,0.8,0.0,0.0,M,0,0,-0.0,0.0,-0.0,0.0
2026-05-26T12:52:20.824,210.605,4823,STOP,0.050015,0.092396,0.010595,0.8,0.0,0.0,M,0,0,-0.0,0.0,-0.0,0.0
2026-05-26T12:52:20.856,210.637,4824,STOP,0.020517,0.07802,0.014376,0.8,0.0,0.0,M,0,0,-0.0,0.0,-0.0,0.0
2026-05-26T12:52:20.910,210.691,4825,STOP,0.024463,0.067309,0.010712,0.8,0.0,0.0,M,0,0,-0.0,0.0,-0.0,0.0
2026-05-26T12:52:20.951,210.732,4826,STOP,0.022005,0.058248,0.009061,0.8,0.0,0.0,M,0,0,-0.0,0.0,-0.0,0.0
2026-05-26T12:52:21.012,210.794,4827,STOP,0.024441,0.051487,0.006761,0.8,0.0,0.0,M,0,0,-0.0,0.0,-0.0,0.0
2026-05-26T12:52:21.067,210.848,4828,STOP,0.062114,0.053612,-0.002126,0.8,0.0,0.0,M,0,0,-0.0,0.0,-0.0,0.0
2026-05-26T12:52:21.098,210.879,4829,STOP,0.087843,0.060458,-0.006846,0.8,0.0,0.0,M,0,0,-0.0,0.0,-0.0,0.0
2026-05-26T12:52:21.145,210.926,4830,STOP,0.102654,0.068898,-0.008439,0.8,0.0,0.0,M,0,0,-0.0,0.0,-0.0,0.0
2026-05-26T12:52:21.174,210.955,4831,STOP,0.137257,0.082569,-0.013672,0.8,0.0,0.0,M,0,0,-0.0,0.0,-0.0,0.0
2026-05-26T12:52:21.214,210.995,4832,STOP,0.146207,0.095297,-0.012728,0.8,0.0,0.0,M,0,0,-0.0,0.0,-0.0,0.0
2026-05-26T12:52:21.239,211.02,4833,STOP,0.148531,0.105944,-0.010647,0.8,0.0,0.0,M,0,0,-0.0,0.0,-0.0,0.0
2026-05-26T12:52:21.282,211.063,4834,STOP,0.151842,0.115123,-0.00918,0.8,0.0,0.0,M,0,0,-0.0,0.0,-0.0,0.0
2026-05-26T12:52:21.303,211.085,4835,STOP,0.153188,0.122736,-0.007613,0.8,0.0,0.0,M,0,0,-0.0,0.0,-0.0,0.0
2026-05-26T12:52:21.342,211.124,4836,STOP,0.137289,0.125647,-0.002911,0.8,0.0,0.0,M,0,0,-0.0,0.0,-0.0,0.0
2026-05-26T12:52:21.382,211.163,4837,STOP,0.148416,0.130201,-0.004554,0.8,0.0,0.0,M,0,0,-0.0,0.0,-0.0,0.0
2026-05-26T12:52:21.414,211.195,4838,STOP,0.153749,0.13491,-0.00471,0.8,0.0,0.0,M,0,0,-0.0,0.0,-0.0,0.0
2026-05-26T12:52:21.438,211.219,4839,STOP,0.159648,0.139858,-0.004948,0.8,0.0,0.0,M,0,0,-0.0,0.0,-0.0,0.0
2026-05-26T12:52:21.472,211.253,4840,STOP,0.166113,0.145109,-0.005251,0.8,0.0,0.0,M,0,0,-0.0,0.0,-0.0,0.0
2026-05-26T12:52:21.512,211.293,4841,STOP,0.167481,0.149583,-0.004474,0.8,0.0,0.0,M,0,0,-0.0,0.0,-0.0,0.0
2026-05-26T12:52:21.539,211.321,4842,STOP,0.16394,0.152455,-0.002871,0.8,0.0,0.0,H,0,0,-0.0,0.0,-0.0,0.0
2026-05-26T12:52:21.583,211.365,4843,STOP,0.163765,0.154717,-0.002262,0.8,0.0,0.0,H,0,0,-0.0,0.0,-0.0,0.0
2026-05-26T12:52:21.628,211.409,4844,STOP,0.157331,0.15524,-0.000523,0.8,0.0,0.0,H,0,0,-0.0,0.0,-0.0,0.0
2026-05-26T12:52:21.666,211.448,4845,STOP,0.149415,0.154075,0.001165,0.8,0.0,0.0,H,0,0,-0.0,0.0,-0.0,0.0
2026-05-26T12:52:21.716,211.497,4846,STOP,0.158162,0.154892,-0.000817,0.8,0.0,0.0,H,0,0,-0.0,0.0,-0.0,0.0
2026-05-26T12:52:21.788,211.569,4847,STOP,0.16791,0.157496,-0.002604,0.8,0.0,0.0,H,0,0,-0.0,0.0,-0.0,0.0
2026-05-26T12:52:21.818,211.6,4848,STOP,0.168093,0.159615,-0.002119,0.8,0.0,0.0,H,0,0,-0.0,0.0,-0.0,0.0
2026-05-26T12:52:21.848,211.63,4849,STOP,0.168192,0.161331,-0.001715,0.8,0.0,0.0,H,0,0,-0.0,0.0,-0.0,0.0
2026-05-26T12:52:21.909,211.69,4850,STOP,0.17759,0.164582,-0.003252,0.8,0.0,0.0,H,0,0,-0.0,0.0,-0.0,0.0
2026-05-26T12:52:21.957,211.738,4851,STOP,0.166063,0.164879,-0.000296,0.8,0.0,0.0,H,0,0,-0.0,0.0,-0.0,0.0
2026-05-26T12:52:21.988,211.769,4852,STOP,0.152713,0.162445,0.002433,0.8,0.0,0.0,H,0,0,-0.0,0.0,-0.0,0.0
2026-05-26T12:52:22.036,211.817,4853,STOP,0.149824,0.159921,0.002524,0.8,0.0,0.0,H,0,0,-0.0,0.0,-0.0,0.0
2026-05-26T12:52:22.074,211.855,4854,STOP,0.143982,0.156733,0.003188,0.8,0.0,0.0,H,0,0,-0.0,0.0,-0.0,0.0
2026-05-26T12:52:22.117,211.898,4855,STOP,0.120296,0.149446,0.007287,0.8,0.0,0.0,M,0,0,-0.0,0.0,-0.0,0.0
2026-05-26T12:52:22.151,211.933,4856,STOP,0.093133,0.138183,0.011262,0.8,0.0,0.0,M,0,0,-0.0,0.0,-0.0,0.0
2026-05-26T12:52:22.224,212.005,4857,STOP,0.081646,0.126876,0.011308,0.8,0.0,0.0,M,0,0,-0.0,0.0,-0.0,0.0
2026-05-26T12:52:22.258,212.039,4858,STOP,0.078254,0.117151,0.009724,0.8,0.0,0.0,M,0,0,-0.0,0.0,-0.0,0.0
2026-05-26T12:52:22.308,212.089,4859,STOP,0.093441,0.112409,0.004742,0.8,0.0,0.0,M,0,0,-0.0,0.0,-0.0,0.0
2026-05-26T12:52:22.344,212.125,4860,STOP,0.13259,0.116446,-0.004036,0.8,0.0,0.0,M,0,0,-0.0,0.0,-0.0,0.0
2026-05-26T12:52:22.378,212.159,4861,STOP,0.140479,0.121252,-0.004807,0.8,0.0,0.0,M,0,0,-0.0,0.0,-0.0,0.0
2026-05-26T12:52:22.404,212.186,4862,STOP,0.138862,0.124774,-0.003522,0.8,0.0,0.0,M,0,0,-0.0,0.0,-0.0,0.0
2026-05-26T12:52:22.448,212.23,4863,STOP,0.139001,0.12762,-0.002845,0.8,0.0,0.0,M,0,0,-0.0,0.0,-0.0,0.0
2026-05-26T12:52:22.474,212.255,4864,STOP,0.136489,0.129394,-0.001774,0.8,0.0,0.0,M,0,0,-0.0,0.0,-0.0,0.0
2026-05-26T12:52:22.516,212.297,4865,STOP,0.113198,0.126154,0.003239,0.8,0.0,0.0,M,0,0,-0.0,0.0,-0.0,0.0
2026-05-26T12:52:22.539,212.32,4866,STOP,0.109372,0.122798,0.003356,0.8,0.0,0.0,M,0,0,-0.0,0.0,-0.0,0.0
2026-05-26T12:52:22.585,212.366,4867,STOP,0.096963,0.117631,0.005167,0.8,0.0,0.0,M,0,0,-0.0,0.0,-0.0,0.0
2026-05-26T12:52:22.625,212.406,4868,STOP,0.069679,0.108041,0.00959,0.8,0.0,0.0,M,0,0,-0.0,0.0,-0.0,0.0
2026-05-26T12:52:22.690,212.471,4869,STOP,0.013165,0.089066,0.018975,0.8,0.0,0.0,M,0,0,-0.0,0.0,-0.0,0.0
2026-05-26T12:52:22.726,212.507,4870,STOP,0.025369,0.076326,0.012739,0.8,0.0,0.0,M,0,0,-0.0,0.0,-0.0,0.0
2026-05-26T12:52:22.779,212.56,4871,STOP,0.03102,0.067265,0.009061,0.8,0.0,0.0,M,0,0,-0.0,0.0,-0.0,0.0
2026-05-26T12:52:22.843,212.625,4872,STOP,0.011412,0.056095,0.011171,0.8,0.0,0.0,M,0,0,-0.0,0.0,-0.0,0.0
2026-05-26T12:52:22.904,212.685,4873,STOP,0.009361,0.046748,0.009347,0.8,0.0,0.0,L,0,0,-0.0,0.0,-0.0,0.0
2026-05-26T12:52:22.956,212.737,4874,STOP,0.013054,0.040009,0.006739,0.8,0.0,0.0,L,0,0,-0.0,0.0,-0.0,0.0
2026-05-26T12:52:22.996,212.777,4875,STOP,0.008411,0.033689,0.00632,0.8,0.0,0.0,L,0,0,-0.0,0.0,-0.0,0.0
2026-05-26T12:52:23.018,212.799,4876,STOP,0.013469,0.029645,0.004044,0.8,0.0,0.0,L,0,0,-0.0,0.0,-0.0,0.0
2026-05-26T12:52:23.066,212.848,4877,STOP,0.01743,0.027202,0.002443,0.8,0.0,0.0,L,0,0,-0.0,0.0,-0.0,0.0
2026-05-26T12:52:23.103,212.884,4878,STOP,0.011809,0.024124,0.003079,0.8,0.0,0.0,L,0,0,-0.0,0.0,-0.0,0.0
2026-05-26T12:52:23.146,212.927,4879,STOP,0.012615,0.021822,0.002302,0.8,0.0,0.0,L,0,0,-0.0,0.0,-0.0,0.0
2026-05-26T12:52:23.196,212.977,4880,STOP,0.012275,0.019913,0.001909,0.8,0.0,0.0,L,0,0,-0.0,0.0,-0.0,0.0
2026-05-26T12:52:23.224,213.005,4881,STOP,0.007012,0.017333,0.00258,0.8,0.0,0.0,L,0,0,-0.0,0.0,-0.0,0.0
2026-05-26T12:52:23.274,213.055,4882,STOP,0.00397,0.01466,0.002672,0.8,0.0,0.0,L,0,0,-0.0,0.0,-0.0,0.0
2026-05-26T12:52:23.312,213.093,4883,STOP,0.002584,0.012245,0.002415,0.8,0.0,0.0,L,0,0,-0.0,0.0,-0.0,0.0
2026-05-26T12:52:23.337,213.118,4884,STOP,0.002843,0.010364,0.00188,0.8,0.0,0.0,L,0,0,-0.0,0.0,-0.0,0.0
2026-05-26T12:52:23.395,213.176,4885,STOP,0.003219,0.008935,0.001429,0.8,0.0,0.0,L,0,0,-0.0,0.0,-0.0,0.0
2026-05-26T12:52:23.452,213.234,4886,STOP,0.002214,0.007591,0.001344,0.8,0.0,0.0,L,0,0,-0.0,0.0,-0.0,0.0
2026-05-26T12:52:23.502,213.283,4887,STOP,0.002245,0.006522,0.001069,0.8,0.0,0.0,L,0,0,-0.0,0.0,-0.0,0.0
2026-05-26T12:52:23.548,213.329,4888,STOP,0.00205,0.005628,0.000894,0.8,0.0,0.0,L,0,0,-0.0,0.0,-0.0,0.0
2026-05-26T12:52:23.578,213.359,4889,STOP,0.001834,0.004869,0.000759,0.8,0.0,0.0,L,0,0,-0.0,0.0,-0.0,0.0
2026-05-26T12:52:23.620,213.401,4890,STOP,0.004565,0.004808,6.1e-05,0.8,0.0,0.0,L,0,0,-0.0,0.0,-0.0,0.0
2026-05-26T12:52:23.660,213.441,4891,STOP,0.027982,0.009443,-0.004635,0.8,0.0,0.0,L,0,0,-0.0,0.0,-0.0,0.0
2026-05-26T12:52:23.692,213.473,4892,STOP,0.056406,0.018835,-0.009393,0.8,0.0,0.0,L,0,0,-0.0,0.0,-0.0,0.0
2026-05-26T12:52:23.739,213.52,4893,STOP,0.09798,0.034664,-0.015829,0.8,0.0,0.0,L,0,0,-0.0,0.0,-0.0,0.0
2026-05-26T12:52:23.801,213.582,4894,STOP,0.108167,0.049365,-0.014701,0.8,0.0,0.0,L,0,0,-0.0,0.0,-0.0,0.0
2026-05-26T12:52:23.862,213.643,4895,STOP,0.123805,0.064253,-0.014888,0.8,0.0,0.0,M,0,0,-0.0,0.0,-0.0,0.0
2026-05-26T12:52:23.898,213.679,4896,STOP,0.127031,0.076809,-0.012556,0.8,0.0,0.0,M,0,0,-0.0,0.0,-0.0,0.0
2026-05-26T12:52:23.928,213.709,4897,STOP,0.126601,0.086767,-0.009958,0.8,0.0,0.0,M,0,0,-0.0,0.0,-0.0,0.0
2026-05-26T12:52:23.968,213.749,4898,STOP,0.12321,0.094056,-0.007289,0.8,0.0,0.0,M,0,0,-0.0,0.0,-0.0,0.0
2026-05-26T12:52:24.000,213.781,4899,STOP,0.119941,0.099233,-0.005177,0.8,0.0,0.0,M,0,0,-0.0,0.0,-0.0,0.0
2026-05-26T12:52:24.035,213.816,4900,STOP,0.108825,0.101151,-0.001918,0.8,0.0,0.0,M,0,0,-0.0,0.0,-0.0,0.0
2026-05-26T12:52:24.086,213.867,4901,STOP,0.100458,0.101013,0.000139,0.8,0.0,0.0,M,0,0,-0.0,0.0,-0.0,0.0
2026-05-26T12:52:24.136,213.917,4902,STOP,0.079059,0.096622,0.004391,0.8,0.0,0.0,M,0,0,-0.0,0.0,-0.0,0.0
2026-05-26T12:52:24.168,213.949,4903,STOP,0.020073,0.081312,0.01531,0.8,0.0,0.0,M,0,0,-0.0,0.0,-0.0,0.0
2026-05-26T12:52:24.208,213.989,4904,STOP,0.016843,0.068418,0.012894,0.8,0.0,0.0,M,0,0,-0.0,0.0,-0.0,0.0
2026-05-26T12:52:24.242,214.023,4905,STOP,0.016651,0.058065,0.010353,0.8,0.0,0.0,M,0,0,-0.0,0.0,-0.0,0.0
2026-05-26T12:52:24.285,214.066,4906,STOP,0.001947,0.046841,0.011224,0.8,0.0,0.0,L,0,0,-0.0,0.0,-0.0,0.0
2026-05-26T12:52:24.320,214.101,4907,STOP,0.013493,0.040172,0.00667,0.8,0.0,0.0,L,0,0,-0.0,0.0,-0.0,0.0
2026-05-26T12:52:24.366,214.147,4908,STOP,0.007049,0.033547,0.006624,0.8,0.0,0.0,L,0,0,-0.0,0.0,-0.0,0.0
2026-05-26T12:52:24.393,214.175,4909,STOP,0.017447,0.030327,0.00322,0.8,0.0,0.0,L,0,0,-0.0,0.0,-0.0,0.0
2026-05-26T12:52:24.436,214.217,4910,STOP,0.01492,0.027246,0.003081,0.8,0.0,0.0,L,0,0,-0.0,0.0,-0.0,0.0
2026-05-26T12:52:24.469,214.25,4911,STOP,0.008591,0.023515,0.003731,0.8,0.0,0.0,L,0,0,-0.0,0.0,-0.0,0.0
2026-05-26T12:52:24.515,214.296,4912,STOP,0.02571,0.023954,-0.000439,0.8,0.0,0.0,L,0,0,-0.0,0.0,-0.0,0.0
2026-05-26T12:52:24.544,214.325,4913,STOP,0.050774,0.029318,-0.005364,0.8,0.0,0.0,L,0,0,-0.0,0.0,-0.0,0.0
2026-05-26T12:52:24.592,214.374,4914,STOP,0.078379,0.03913,-0.009812,0.8,0.0,0.0,L,0,0,-0.0,0.0,-0.0,0.0
2026-05-26T12:52:24.640,214.421,4915,STOP,0.115981,0.0545,-0.01537,0.8,0.0,0.0,M,0,0,-0.0,0.0,-0.0,0.0
2026-05-26T12:52:24.682,214.463,4916,STOP,0.126109,0.068822,-0.014322,0.8,0.0,0.0,M,0,0,-0.0,0.0,-0.0,0.0
2026-05-26T12:52:24.703,214.484,4917,STOP,0.126682,0.080394,-0.011572,0.8,0.0,0.0,M,0,0,-0.0,0.0,-0.0,0.0
2026-05-26T12:52:24.733,214.514,4918,STOP,0.128458,0.090007,-0.009613,0.8,0.0,0.0,M,0,0,-0.0,0.0,-0.0,0.0
2026-05-26T12:52:24.776,214.557,4919,STOP,0.129915,0.097989,-0.007982,0.8,0.0,0.0,M,0,0,-0.0,0.0,-0.0,0.0
2026-05-26T12:52:24.826,214.607,4920,STOP,0.117684,0.101928,-0.003939,0.8,0.0,0.0,M,0,0,-0.0,0.0,-0.0,0.0
2026-05-26T12:52:24.872,214.653,4921,STOP,0.137399,0.109022,-0.007094,0.8,0.0,0.0,M,0,0,-0.0,0.0,-0.0,0.0
2026-05-26T12:52:24.914,214.695,4922,STOP,0.1455,0.116318,-0.007296,0.8,0.0,0.0,M,0,0,-0.0,0.0,-0.0,0.0
2026-05-26T12:52:24.937,214.718,4923,STOP,0.151266,0.123307,-0.00699,0.8,0.0,0.0,M,0,0,-0.0,0.0,-0.0,0.0
2026-05-26T12:52:24.973,214.755,4924,STOP,0.157174,0.130081,-0.006773,0.8,0.0,0.0,M,0,0,-0.0,0.0,-0.0,0.0
2026-05-26T12:52:25.032,214.813,4925,STOP,0.159889,0.136042,-0.005962,0.8,0.0,0.0,M,0,0,-0.0,0.0,-0.0,0.0
2026-05-26T12:52:25.074,214.855,4926,STOP,0.160929,0.14102,-0.004977,0.8,0.0,0.0,M,0,0,-0.0,0.0,-0.0,0.0
2026-05-26T12:52:25.124,214.905,4927,STOP,0.161065,0.145029,-0.004009,0.8,0.0,0.0,M,0,0,-0.0,0.0,-0.0,0.0
2026-05-26T12:52:25.160,214.941,4928,STOP,0.16234,0.148491,-0.003462,0.8,0.0,0.0,M,0,0,-0.0,0.0,-0.0,0.0
2026-05-26T12:52:25.202,214.983,4929,STOP,0.175489,0.153891,-0.0054,0.8,0.0,0.0,H,0,0,-0.0,0.0,-0.0,0.0
2026-05-26T12:52:25.242,215.023,4930,STOP,0.174256,0.157964,-0.004073,0.8,0.0,0.0,H,0,0,-0.0,0.0,-0.0,0.0
2026-05-26T12:52:25.300,215.081,4931,STOP,0.162663,0.158904,-0.00094,0.8,0.0,0.0,H,0,0,-0.0,0.0,-0.0,0.0
2026-05-26T12:52:25.360,215.141,4932,STOP,0.146801,0.156483,0.002421,0.8,0.0,0.0,H,0,0,-0.0,0.0,-0.0,0.0
2026-05-26T12:52:25.398,215.179,4933,STOP,0.126237,0.150434,0.006049,0.8,0.0,0.0,H,0,0,-0.0,0.0,-0.0,0.0
2026-05-26T12:52:25.437,215.218,4934,STOP,0.042398,0.128827,0.021607,0.8,0.0,0.0,M,0,0,-0.0,0.0,-0.0,0.0
2026-05-26T12:52:25.508,215.289,4935,STOP,0.034856,0.110033,0.018794,0.8,0.0,0.0,M,0,0,-0.0,0.0,-0.0,0.0
2026-05-26T12:52:25.562,215.343,4936,STOP,0.020204,0.092067,0.017966,0.8,0.0,0.0,M,0,0,-0.0,0.0,-0.0,0.0
2026-05-26T12:52:25.628,215.409,4937,STOP,0.02597,0.078848,0.013219,0.8,0.0,0.0,M,0,0,-0.0,0.0,-0.0,0.0
2026-05-26T12:52:25.674,215.455,4938,STOP,0.02571,0.06822,0.010628,0.8,0.0,0.0,M,0,0,-0.0,0.0,-0.0,0.0
2026-05-26T12:52:25.701,215.482,4939,STOP,0.027137,0.060003,0.008217,0.8,0.0,0.0,M,0,0,-0.0,0.0,-0.0,0.0
2026-05-26T12:52:25.744,215.525,4940,STOP,0.012714,0.050546,0.009458,0.8,0.0,0.0,M,0,0,-0.0,0.0,-0.0,0.0
2026-05-26T12:52:25.780,215.561,4941,STOP,0.011146,0.042666,0.00788,0.8,0.0,0.0,L,0,0,-0.0,0.0,-0.0,0.0
2026-05-26T12:52:25.794,215.575,4942,STOP,0.025061,0.039145,0.003521,0.8,0.0,0.0,L,0,0,-0.0,0.0,-0.0,0.0
2026-05-26T12:52:25.848,215.629,4943,STOP,0.013511,0.034018,0.005127,0.8,0.0,0.0,L,0,0,-0.0,0.0,-0.0,0.0
2026-05-26T12:52:25.882,215.663,4944,STOP,0.021729,0.03156,0.002458,0.8,0.0,0.0,L,0,0,-0.0,0.0,-0.0,0.0
2026-05-26T12:52:25.934,215.715,4945,STOP,0.021025,0.029453,0.002107,0.8,0.0,0.0,L,0,0,-0.0,0.0,-0.0,0.0
2026-05-26T12:52:25.971,215.752,4946,STOP,0.01485,0.026533,0.002921,0.8,0.0,0.0,L,0,0,-0.0,0.0,-0.0,0.0
2026-05-26T12:52:26.018,215.799,4947,STOP,0.011874,0.023601,0.002932,0.8,0.0,0.0,L,0,0,-0.0,0.0,-0.0,0.0
2026-05-26T12:52:26.066,215.847,4948,STOP,0.009246,0.02073,0.002871,0.8,0.0,0.0,L,0,0,-0.0,0.0,-0.0,0.0
2026-05-26T12:52:26.098,215.879,4949,STOP,0.0069,0.017964,0.002766,0.8,0.0,0.0,L,0,0,-0.0,0.0,-0.0,0.0
2026-05-26T12:52:26.140,215.921,4950,STOP,0.007432,0.015858,0.002106,0.8,0.0,0.0,L,0,0,-0.0,0.0,-0.0,0.0
2026-05-26T12:52:26.176,215.957,4951,STOP,0.009789,0.014644,0.001214,0.8,0.0,0.0,L,0,0,-0.0,0.0,-0.0,0.0
2026-05-26T12:52:26.226,216.008,4952,STOP,0.007741,0.013263,0.001381,0.8,0.0,0.0,L,0,0,-0.0,0.0,-0.0,0.0
2026-05-26T12:52:26.264,216.045,4953,STOP,0.011562,0.012923,0.00034,0.8,0.0,0.0,L,0,0,-0.0,0.0,-0.0,0.0
2026-05-26T12:52:26.311,216.092,4954,STOP,0.006753,0.011689,0.001234,0.8,0.0,0.0,L,0,0,-0.0,0.0,-0.0,0.0
2026-05-26T12:52:26.337,216.118,4955,STOP,0.00498,0.010347,0.001342,0.8,0.0,0.0,L,0,0,-0.0,0.0,-0.0,0.0
2026-05-26T12:52:26.392,216.173,4956,STOP,0.005096,0.009297,0.00105,0.8,0.0,0.0,L,0,0,-0.0,0.0,-0.0,0.0
2026-05-26T12:52:26.422,216.203,4957,STOP,0.004755,0.008389,0.000908,0.8,0.0,0.0,L,0,0,-0.0,0.0,-0.0,0.0
2026-05-26T12:52:26.438,216.22,4958,STOP,0.002968,0.007304,0.001084,0.8,0.0,0.0,L,0,0,-0.0,0.0,-0.0,0.0
2026-05-26T12:52:26.494,216.275,4959,STOP,0.007884,0.00742,-0.000116,0.8,0.0,0.0,L,0,0,-0.0,0.0,-0.0,0.0
2026-05-26T12:52:26.534,216.315,4960,STOP,0.005792,0.007095,0.000326,0.8,0.0,0.0,L,0,0,-0.0,0.0,-0.0,0.0
2026-05-26T12:52:26.561,216.342,4961,STOP,0.003729,0.006421,0.000673,0.8,0.0,0.0,L,0,0,-0.0,0.0,-0.0,0.0
2026-05-26T12:52:26.598,216.379,4962,STOP,0.006005,0.006338,8.3e-05,0.8,0.0,0.0,L,0,0,-0.0,0.0,-0.0,0.0
2026-05-26T12:52:26.644,216.425,4963,STOP,0.002714,0.005613,0.000725,0.8,0.0,0.0,L,0,0,-0.0,0.0,-0.0,0.0
2026-05-26T12:52:26.696,216.477,4964,STOP,0.002178,0.004926,0.000687,0.8,0.0,0.0,L,0,0,-0.0,0.0,-0.0,0.0
2026-05-26T12:52:26.724,216.505,4965,STOP,0.002977,0.004536,0.00039,0.8,0.0,0.0,L,0,0,-0.0,0.0,-0.0,0.0
2026-05-26T12:52:26.755,216.536,4966,STOP,0.002895,0.004208,0.000328,0.8,0.0,0.0,L,0,0,-0.0,0.0,-0.0,0.0
2026-05-26T12:52:26.800,216.581,4967,STOP,0.002552,0.003877,0.000331,0.8,0.0,0.0,L,0,0,-0.0,0.0,-0.0,0.0
2026-05-26T12:52:26.854,216.635,4968,STOP,0.00296,0.003694,0.000183,0.8,0.0,0.0,L,0,0,-0.0,0.0,-0.0,0.0
2026-05-26T12:52:26.894,216.675,4969,STOP,0.002054,0.003366,0.000328,0.8,0.0,0.0,L,0,0,-0.0,0.0,-0.0,0.0
2026-05-26T12:52:26.908,216.689,4970,STOP,0.001491,0.002991,0.000375,0.8,0.0,0.0,L,0,0,-0.0,0.0,-0.0,0.0
2026-05-26T12:52:26.969,216.75,4971,STOP,0.002334,0.002859,0.000131,0.8,0.0,0.0,L,0,0,-0.0,0.0,-0.0,0.0
2026-05-26T12:52:27.023,216.804,4972,STOP,0.001333,0.002554,0.000305,0.8,0.0,0.0,L,0,0,-0.0,0.0,-0.0,0.0
2026-05-26T12:52:27.076,216.857,4973,STOP,0.001725,0.002388,0.000166,0.8,0.0,0.0,L,0,0,-0.0,0.0377,-0.0,0.0
2026-05-26T12:52:27.130,216.911,4974,STOP,0.002935,0.002497,-0.000109,0.8,0.0,0.0,L,0,0,-0.0,0.0816,-0.0,0.0
2026-05-26T12:52:27.172,216.953,4975,STOP,0.003802,0.002758,-0.000261,0.8,0.0,0.0,L,0,0,-0.0,0.1069,-0.0,0.0
2026-05-26T12:52:27.195,216.977,4976,STOP,0.004726,0.003152,-0.000394,0.8,0.0,0.0,L,0,0,-0.0,0.1199,-0.0,0.0
2026-05-26T12:52:27.242,217.023,4977,STOP,0.010556,0.004633,-0.001481,0.8,0.0,0.0,L,0,0,-0.0,0.1304,-0.0,0.0
2026-05-26T12:52:27.284,217.065,4978,STOP,0.013907,0.006487,-0.001855,0.8,0.0,0.0,L,0,0,-0.0,0.1292,-0.0,0.0
2026-05-26T12:52:27.332,217.113,4979,STOP,0.016174,0.008425,-0.001937,0.8,0.0,0.0,L,0,0,-0.0,0.1298,-0.0,0.0
2026-05-26T12:52:27.396,217.177,4980,STOP,0.016411,0.010022,-0.001597,0.8,0.0,0.0,L,0,0,-0.0,0.1273,-0.0,0.0
2026-05-26T12:52:27.451,217.232,4981,STOP,0.02019,0.012056,-0.002034,0.8,0.0,0.0,L,0,0,-0.0,0.0513,-0.0,0.0
2026-05-26T12:52:27.500,217.282,4982,STOP,0.01972,0.013589,-0.001533,0.8,0.0,0.0,L,0,0,-0.0,0.0,-0.0,0.0
2026-05-26T12:52:27.534,217.315,4983,STOP,0.020035,0.014878,-0.001289,0.8,0.0,0.0,L,0,0,-0.0,0.0,-0.0,0.0
2026-05-26T12:52:27.580,217.361,4984,STOP,0.023229,0.016548,-0.00167,0.8,0.0,0.0,L,0,0,-0.0,0.0,-0.0,0.0
2026-05-26T12:52:27.636,217.417,4985,STOP,0.03003,0.019245,-0.002696,0.8,0.0,0.0,L,0,0,-0.0,0.0,-0.0,0.0
2026-05-26T12:52:27.672,217.454,4986,STOP,0.052663,0.025928,-0.006684,0.8,0.0,0.0,L,0,0,-0.0,-0.0224,-0.0,0.0
2026-05-26T12:52:27.710,217.491,4987,STOP,0.051404,0.031023,-0.005095,0.8,0.0,0.0,L,0,0,-0.0,-0.208,-0.0,0.0
2026-05-26T12:52:27.774,217.555,4988,BACK,0.040409,0.032901,-0.001877,0.8,0.0,0.0,L,0,0,-0.0,-0.4313,-0.0,0.4313
2026-05-26T12:52:27.821,217.602,4989,BACK,0.047411,0.035803,-0.002902,0.8,0.0,0.0,L,0,0,-0.0,-0.4337,-0.0,0.4337
2026-05-26T12:52:27.857,217.638,4990,BACK,0.024091,0.03346,0.002342,0.8,0.0,0.0,L,0,0,-0.0,-0.3948,-0.0,0.3948
2026-05-26T12:52:27.910,217.691,4991,BACK,0.061917,0.039152,-0.005691,0.8,0.0,0.0,L,0,0,-0.0,-0.3848,-0.0,0.3848
2026-05-26T12:52:27.944,217.725,4992,BACK,0.05451,0.042223,-0.003072,0.8,0.0,0.0,L,0,0,-0.0,-0.3842,-0.0,0.3842
2026-05-26T12:52:27.971,217.752,4993,BACK,0.045897,0.042958,-0.000735,0.8,0.0,0.0,L,0,0,-0.0,-0.3842,-0.0,0.3842
2026-05-26T12:52:28.014,217.795,4994,BACK,0.079853,0.050337,-0.007379,0.8,0.0,0.0,M,0,0,-0.0,-0.3848,-0.0,0.3848
2026-05-26T12:52:28.038,217.819,4995,BACK,0.126335,0.065537,-0.0152,0.8,0.0,0.0,M,0,0,-0.0,-0.3848,-0.0,0.3848
2026-05-26T12:52:28.090,217.871,4996,BACK,0.150606,0.082551,-0.017014,0.8,0.0,0.0,M,0,0,-0.0,-0.3842,-0.0,0.3842
2026-05-26T12:52:28.130,217.911,4997,BACK,0.131587,0.092358,-0.009807,0.8,0.0,0.0,M,0,0,-0.0,-0.3848,-0.0,0.3848
2026-05-26T12:52:28.168,217.949,4998,BACK,0.093924,0.092671,-0.000313,0.8,0.0,0.0,M,0,0,-0.0,-0.3848,-0.0,0.3848
2026-05-26T12:52:28.208,217.989,4999,BACK,0.097186,0.093574,-0.000903,0.8,0.0,0.0,M,0,0,-0.0,-0.3842,-0.0,0.3842
2026-05-26T12:52:28.233,218.015,5000,BACK,0.120166,0.098892,-0.005318,0.8,0.0,0.0,M,0,0,-0.0,-0.3848,-0.0,0.3848
2026-05-26T12:52:28.314,218.095,5001,BACK,0.107819,0.100678,-0.001785,0.8,0.0,0.0,M,0,0,-0.0,-0.3848,-0.0,0.3848
2026-05-26T12:52:28.382,218.163,5002,BACK,0.126667,0.105876,-0.005198,0.8,0.0,0.0,M,0,0,-0.0,-0.3842,-0.0,0.3842
2026-05-26T12:52:28.430,218.211,5003,BACK,0.145411,0.113783,-0.007907,0.8,0.0,0.0,M,0,0,-0.0,-0.3848,-0.0,0.3848
2026-05-26T12:52:28.460,218.241,5004,BACK,0.14194,0.119414,-0.005631,0.8,0.0,0.0,M,0,0,-0.0,-0.3848,-0.0,0.3848
2026-05-26T12:52:28.501,218.283,5005,BACK,0.106207,0.116773,0.002642,0.8,0.0,0.0,M,0,0,-0.0,-0.3848,-0.0,0.3848
2026-05-26T12:52:28.532,218.313,5006,BACK,0.073955,0.108209,0.008564,0.8,0.0,0.0,M,0,0,-0.0,-0.3848,-0.0,0.3848
2026-05-26T12:52:28.563,218.344,5007,BACK,0.091056,0.104778,0.003431,0.8,0.0,0.0,M,0,0,-0.0,-0.3842,-0.0,0.3842
2026-05-26T12:52:28.602,218.383,5008,BACK,0.124766,0.108776,-0.003998,0.8,0.0,0.0,M,0,0,-0.0,-0.3854,-0.0,0.3854
2026-05-26T12:52:28.655,218.436,5009,BACK,0.113341,0.109689,-0.000913,0.8,0.0,0.0,M,0,0,-0.0,-0.3848,-0.0,0.3848
2026-05-26T12:52:28.694,218.475,5010,BACK,0.074097,0.102571,0.007118,0.8,0.0,0.0,M,0,0,-0.0,-0.3842,-0.0,0.3842
2026-05-26T12:52:28.748,218.529,5011,BACK,0.083986,0.098854,0.003717,0.8,0.0,0.0,M,0,0,-0.0,-0.3642,-0.0,0.3642
2026-05-26T12:52:28.781,218.562,5012,BACK,0.069802,0.093043,0.00581,0.8,0.0,0.0,M,0,0,-0.0,-0.3642,-0.0,0.3642
2026-05-26T12:52:28.816,218.597,5013,BACK,0.048315,0.084098,0.008946,0.8,0.0,0.0,M,0,0,-0.0,-0.3353,-0.0,0.3353
2026-05-26T12:52:28.836,218.617,5014,BACK,0.051823,0.077643,0.006455,0.8,0.0,0.0,M,0,0,-0.0,-0.3353,-0.0,0.3353
2026-05-26T12:52:28.876,218.657,5015,ROT_L,0.074629,0.07704,0.000603,0.8,0.0,0.0,M,0,0,-0.0,-0.3318,-0.39,0.39
2026-05-26T12:52:28.905,218.686,5016,ROT_L,0.069605,0.075553,0.001487,0.8,0.0,0.0,M,0,0,-0.0,-0.3318,-0.39,0.39
2026-05-26T12:52:28.960,218.741,5017,ROT_L,0.077718,0.075986,-0.000433,0.8,0.0,0.0,M,0,0,-0.0,-0.2793,-0.5062,0.5062
2026-05-26T12:52:29.008,218.789,5018,ROT_L,0.05011,0.070811,0.005175,0.8,0.0,0.0,M,0,0,-0.0,-0.2404,-0.5025,0.5025
2026-05-26T12:52:29.046,218.828,5019,ROT_L,0.044331,0.065515,0.005296,0.8,0.0,0.0,M,0,0,-0.0,-0.2334,-0.4913,0.4913
2026-05-26T12:52:29.096,218.877,5020,STOP,0.053662,0.063144,0.00237,0.8,0.0,0.0,M,0,0,-0.0,-0.2033,-0.2701,0.0
2026-05-26T12:52:29.127,218.909,5021,STOP,0.087317,0.067979,-0.004835,0.8,0.0,0.0,M,0,0,-0.0,-0.2033,-0.2701,0.0
2026-05-26T12:52:29.202,218.983,5022,STOP,0.159812,0.086345,-0.018367,0.8,0.0,0.0,M,0,0,-0.0,-0.122,-0.2089,0.0
2026-05-26T12:52:29.236,219.017,5023,STOP,0.191086,0.107294,-0.020948,0.8,0.0,0.0,M,0,0,-0.0,-0.1161,-0.1805,0.0
2026-05-26T12:52:29.287,219.068,5024,STOP,0.209561,0.127747,-0.020454,0.8,0.0,0.0,M,0,0,-0.0,-0.0631,-0.1755,0.0
2026-05-26T12:52:29.315,219.096,5025,STOP,0.203196,0.142837,-0.01509,0.8,0.0,0.0,M,0,0,-0.0,-0.0631,-0.1755,0.0
2026-05-26T12:52:29.358,219.139,5026,STOP,0.197928,0.153855,-0.011018,0.8,0.0,0.0,H,0,0,-0.0,0.0,-0.1749,0.0
2026-05-26T12:52:29.394,219.176,5027,STOP,0.121115,0.147307,0.006548,0.8,0.0,0.0,M,0,0,-0.0,0.0,-0.1749,0.0
2026-05-26T12:52:29.430,219.211,5028,STOP,0.078191,0.133484,0.013823,0.8,0.0,0.0,M,0,0,-0.0,0.0,-0.1755,0.0
2026-05-26T12:52:29.505,219.286,5029,STOP,0.066085,0.120004,0.01348,0.8,0.0,0.0,M,0,0,-0.0,0.0,-0.1768,0.0
2026-05-26T12:52:29.560,219.341,5030,STOP,0.105167,0.117037,0.002967,0.8,0.0,0.0,M,0,0,-0.0,0.0,-0.1768,0.0
2026-05-26T12:52:29.602,219.383,5031,STOP,0.127353,0.1191,-0.002063,0.8,0.0,0.0,M,0,0,-0.0,0.0,-0.22,0.0
2026-05-26T12:52:29.647,219.429,5032,STOP,0.149003,0.125081,-0.005981,0.8,0.0,0.0,M,0,0,-0.0,0.0,-0.2219,0.0
2026-05-26T12:52:29.677,219.458,5033,STOP,0.14429,0.128922,-0.003842,0.8,0.0,0.0,M,0,0,-0.0,0.0,-0.2206,0.0
2026-05-26T12:52:29.722,219.503,5034,STOP,0.079661,0.11907,0.009852,0.8,0.0,0.0,M,0,0,-0.0,0.0,-0.22,0.0
2026-05-26T12:52:29.768,219.549,5035,STOP,0.050022,0.10526,0.01381,0.8,0.0,0.0,M,0,0,-0.0,0.0,-0.0,0.0
2026-05-26T12:52:29.795,219.576,5036,STOP,0.031076,0.090424,0.014837,0.8,0.0,0.0,M,0,0,-0.0,0.0,-0.0,0.0
2026-05-26T12:52:29.858,219.639,5037,STOP,0.057229,0.083785,0.006639,0.8,0.0,0.0,M,0,0,-0.0,0.0,-0.0,0.0
2026-05-26T12:52:29.878,219.659,5038,STOP,0.103703,0.087768,-0.003984,0.8,0.0,0.0,M,0,0,-0.0,0.0,-0.0,0.0
2026-05-26T12:52:29.933,219.714,5039,STOP,0.116831,0.093581,-0.005813,0.8,0.0,0.0,M,0,0,-0.0,-0.0035,-0.0,0.0
2026-05-26T12:52:29.995,219.776,5040,STOP,0.080498,0.090964,0.002617,0.8,0.0,0.0,M,0,0,-0.0,-0.1456,-0.0,0.0
2026-05-26T12:52:30.032,219.813,5041,STOP,0.030498,0.078871,0.012093,0.8,0.0,0.0,M,0,0,-0.0,-0.2127,-0.0,0.0
2026-05-26T12:52:30.064,219.846,5042,STOP,0.036336,0.070364,0.008507,0.8,0.0,0.0,M,0,0,-0.0,-0.2127,-0.0,0.0
2026-05-26T12:52:30.118,219.9,5043,BACK,0.062625,0.068816,0.001548,0.8,0.0,0.0,M,0,0,-0.0,-0.3471,-0.0,0.3471
2026-05-26T12:52:30.166,219.947,5044,BACK,0.05931,0.066915,0.001901,0.8,0.0,0.0,M,0,0,-0.0,-0.4219,-0.0,0.4219
2026-05-26T12:52:30.206,219.987,5045,BACK,0.071558,0.067844,-0.000929,0.8,0.0,0.0,M,0,0,-0.0,-0.4755,-0.0,0.4755
2026-05-26T12:52:30.258,220.039,5046,BACK,0.073746,0.069024,-0.001181,0.8,0.0,0.0,M,0,0,-0.0,-0.591,-0.0,0.591
2026-05-26T12:52:30.277,220.058,5047,BACK,0.043445,0.063908,0.005116,0.8,0.0,0.0,M,0,0,-0.0,-0.591,-0.0,0.591
2026-05-26T12:52:30.318,220.1,5048,BACK,0.033544,0.057835,0.006073,0.8,0.0,0.0,M,0,0,-0.0,-0.6211,-0.0,0.6211
2026-05-26T12:52:30.357,220.138,5049,BACK,0.062804,0.058829,-0.000994,0.8,0.0,0.0,M,0,0,-0.0,-0.6199,-0.0,0.6199
2026-05-26T12:52:30.390,220.171,5050,BACK,0.0639,0.059843,-0.001014,0.8,0.0,0.0,M,0,0,-0.0,-0.6211,-0.0,0.6211
2026-05-26T12:52:30.417,220.198,5051,BACK,0.055792,0.059033,0.00081,0.8,0.0,0.0,M,0,0,-0.0,-0.6205,-0.0,0.6205
2026-05-26T12:52:30.450,220.231,5052,BACK,0.077302,0.062687,-0.003654,0.8,0.0,0.0,M,0,0,-0.0,-0.6199,-0.0,0.6199
2026-05-26T12:52:30.491,220.273,5053,BACK,0.101832,0.070516,-0.007829,0.8,0.0,0.0,M,0,0,-0.0,-0.6193,-0.0,0.6193
2026-05-26T12:52:30.522,220.303,5054,BACK,0.123766,0.081166,-0.01065,0.8,0.0,0.0,M,0,0,-0.0,-0.6199,-0.0,0.6199
2026-05-26T12:52:30.558,220.339,5055,BACK,0.119496,0.088832,-0.007666,0.8,0.0,0.0,M,0,0,-0.0,-0.6193,-0.0,0.6193
2026-05-26T12:52:30.602,220.383,5056,BACK,0.127231,0.096512,-0.00768,0.8,0.0,0.0,M,0,0,-0.0,-0.6199,-0.0,0.6199
2026-05-26T12:52:30.649,220.43,5057,BACK,0.113143,0.099838,-0.003326,0.8,0.0,0.0,M,0,0,-0.0,-0.6199,-0.0,0.6199
2026-05-26T12:52:30.686,220.467,5058,BACK,0.108961,0.101663,-0.001825,0.8,0.0,0.0,M,0,0,-0.0,-0.6199,-0.0,0.6199
2026-05-26T12:52:30.708,220.489,5059,BACK,0.117957,0.104922,-0.003259,0.8,0.0,0.0,M,0,0,-0.0,-0.6199,-0.0,0.6199
2026-05-26T12:52:30.750,220.531,5060,BACK,0.133476,0.110633,-0.005711,0.8,0.0,0.0,M,0,0,-0.0,-0.6199,-0.0,0.6199
2026-05-26T12:52:30.792,220.573,5061,BACK,0.113251,0.111156,-0.000524,0.8,0.0,0.0,M,0,0,-0.0,-0.6199,-0.0,0.6199
2026-05-26T12:52:30.834,220.615,5062,BACK,0.105919,0.110109,0.001047,0.8,0.0,0.0,M,0,0,-0.0,-0.6199,-0.0,0.6199
2026-05-26T12:52:30.867,220.648,5063,BACK,0.097954,0.107678,0.002431,0.8,0.0,0.0,M,0,0,-0.0,-0.6199,-0.0,0.6199
2026-05-26T12:52:30.907,220.689,5064,BACK,0.09964,0.10607,0.001608,0.8,0.0,0.0,M,0,0,-0.0,-0.6199,-0.0,0.6199
2026-05-26T12:52:30.942,220.723,5065,BACK,0.10528,0.105912,0.000158,0.8,0.0,0.0,M,0,0,-0.0,-0.6199,-0.0,0.6199
2026-05-26T12:52:30.997,220.778,5066,BACK,0.102797,0.105289,0.000623,0.8,0.0,0.0,M,0,0,-0.0,-0.6199,-0.0,0.6199
2026-05-26T12:52:31.040,220.821,5067,BACK,0.106713,0.105574,-0.000285,0.8,0.0,0.0,M,0,0,-0.0,-0.6199,-0.0,0.6199
2026-05-26T12:52:31.065,220.846,5068,BACK,0.103122,0.105084,0.00049,0.8,0.0,0.0,M,0,0,-0.0,-0.6199,-0.0,0.6199
2026-05-26T12:52:31.130,220.911,5069,BACK,0.091406,0.102348,0.002735,0.8,0.0,0.0,M,0,0,-0.0,-0.6199,-0.0,0.6199
2026-05-26T12:52:31.165,220.946,5070,BACK,0.084425,0.098763,0.003585,0.8,0.0,0.0,M,0,0,-0.0,-0.6199,-0.0,0.6199
2026-05-26T12:52:31.208,220.989,5071,BACK,0.085787,0.096168,0.002595,0.8,0.0,0.0,M,0,0,-0.0,-0.6199,-0.0,0.6199
2026-05-26T12:52:31.239,221.02,5072,BACK,0.075157,0.091966,0.004202,0.8,0.0,0.0,M,0,0,-0.0,-0.6199,-0.0,0.6199
2026-05-26T12:52:31.298,221.079,5073,BACK,0.068687,0.08731,0.004656,0.8,0.0,0.0,M,0,0,-0.0,-0.6205,-0.0,0.6205
2026-05-26T12:52:31.355,221.136,5074,BACK,0.076588,0.085166,0.002144,0.8,0.0,0.0,M,0,0,-0.0,-0.6193,-0.0,0.6193
2026-05-26T12:52:31.407,221.188,5075,BACK,0.079528,0.084038,0.001128,0.8,0.0,0.0,M,0,0,-0.0,-0.6193,-0.0,0.6193
2026-05-26T12:52:31.454,221.235,5076,BACK,0.071512,0.081533,0.002505,0.8,0.0,0.0,M,0,0,-0.0,-0.6193,-0.0,0.6193
2026-05-26T12:52:31.488,221.269,5077,BACK,0.068086,0.078844,0.002689,0.8,0.0,0.0,M,0,0,-0.0,-0.6187,-0.0,0.6187
2026-05-26T12:52:31.526,221.307,5078,BACK,0.069835,0.077042,0.001802,0.8,0.0,0.0,M,0,0,-0.0,-0.6187,-0.0,0.6187
2026-05-26T12:52:31.586,221.367,5079,BACK,0.069559,0.075545,0.001497,0.8,0.0,0.0,M,0,0,-0.0,-0.6193,-0.0,0.6193
2026-05-26T12:52:31.634,221.415,5080,BACK,0.058072,0.072051,0.003495,0.8,0.0,0.0,M,0,0,-0.0,-0.6187,-0.0,0.6187
2026-05-26T12:52:31.688,221.469,5081,BACK,0.060966,0.069834,0.002217,0.8,0.0,0.0,M,0,0,-0.0,-0.6187,-0.0,0.6187
2026-05-26T12:52:31.728,221.509,5082,BACK,0.05788,0.067443,0.002391,0.8,0.0,0.0,M,0,0,-0.0,-0.6187,-0.0,0.6187
2026-05-26T12:52:31.754,221.535,5083,BACK,0.058388,0.065632,0.001811,0.8,0.0,0.0,M,0,0,-0.0,-0.6187,-0.0507,0.6187
2026-05-26T12:52:31.791,221.573,5084,BACK,0.059564,0.064418,0.001214,0.8,0.0,0.0,M,0,0,-0.0,-0.6187,-0.1465,0.6187
2026-05-26T12:52:31.849,221.631,5085,BACK,0.053009,0.062136,0.002282,0.8,0.0,0.0,M,0,0,-0.0,-0.6117,-0.432,0.6117
2026-05-26T12:52:31.896,221.677,5086,BACK,0.046677,0.059045,0.003092,0.8,0.0,0.0,M,0,0,-0.0,-0.5987,-0.5927,0.5987
2026-05-26T12:52:31.936,221.717,5087,ROT_L,0.043657,0.055967,0.003078,0.8,0.0,0.0,M,0,0,-0.0,-0.5981,-0.7225,0.7225
2026-05-26T12:52:31.994,221.775,5088,ROT_L,0.055388,0.055851,0.000116,0.8,0.0,0.0,M,0,0,-0.0,-0.5981,-0.7979,0.7979
2026-05-26T12:52:32.029,221.811,5089,ROT_L,0.059191,0.056519,-0.000668,0.8,0.0,0.0,M,0,0,-0.0,-0.5987,-0.8028,0.8028
2026-05-26T12:52:32.060,221.841,5090,ROT_L,0.090977,0.063411,-0.006892,0.8,0.0,0.0,M,0,0,-0.0,-0.5981,-0.8084,0.8084
2026-05-26T12:52:32.108,221.889,5091,ROT_L,0.10779,0.072287,-0.008876,0.8,0.0,0.0,M,0,0,-0.0,-0.5981,-0.8096,0.8096
2026-05-26T12:52:32.139,221.921,5092,ROT_L,0.120789,0.081987,-0.0097,0.8,0.0,0.0,M,0,0,-0.0,-0.5981,-0.8096,0.8096
2026-05-26T12:52:32.176,221.957,5093,ROT_L,0.124848,0.090559,-0.008572,0.8,0.0,0.0,M,0,0,-0.0,-0.5975,-0.8158,0.8158
2026-05-26T12:52:32.197,221.978,5094,ROT_L,0.132423,0.098932,-0.008373,0.8,0.0,0.0,M,0,0,-0.0,-0.5975,-0.8158,0.8158
2026-05-26T12:52:32.235,222.017,5095,ROT_L,0.142479,0.107641,-0.008709,0.8,0.0,0.0,M,0,0,-0.0,-0.5981,-0.8195,0.8195
2026-05-26T12:52:32.294,222.075,5096,ROT_L,0.167687,0.11965,-0.012009,0.8,0.0,0.0,M,0,0,-0.0,-0.5981,-0.8201,0.8201
2026-05-26T12:52:32.352,222.134,5097,ROT_L,0.167936,0.129307,-0.009657,0.8,0.0,0.0,M,0,0,-0.0,-0.5975,-0.8245,0.8245
2026-05-26T12:52:32.417,222.198,5098,ROT_L,0.185846,0.140615,-0.011308,0.8,0.0,0.0,M,0,0,-0.0,-0.5763,-0.8276,0.8276
2026-05-26T12:52:32.461,222.243,5099,ROT_L,0.200714,0.152635,-0.01202,0.8,0.0,0.0,H,0,0,-0.0,-0.5451,-0.8288,0.8288
2026-05-26T12:52:32.492,222.273,5100,ROT_L,0.191538,0.160415,-0.007781,0.8,0.0,0.0,H,0,0,-0.0,-0.4826,-0.8294,0.8294
2026-05-26T12:52:32.534,222.315,5101,ROT_L,0.160783,0.160489,-7.4e-05,0.8,0.0,0.0,H,0,0,-0.0,-0.3536,-0.83,0.83
2026-05-26T12:52:32.577,222.358,5102,ROT_L,0.159986,0.160388,0.0001,0.8,0.0,0.0,H,0,0,0.1444,0.0,-0.83,0.83
2026-05-26T12:52:32.634,222.415,5103,ROT_L,0.153181,0.158947,0.001441,0.8,0.0,0.0,H,0,0,0.8209,0.0,-0.8325,0.8325
2026-05-26T12:52:32.701,222.483,5104,RIGHT,0.151172,0.157392,0.001555,0.8,0.0,0.0,H,0,0,1.0,0.0,-0.8307,1.0
2026-05-26T12:52:32.764,222.545,5105,RIGHT,0.157756,0.157465,-7.3e-05,0.8,0.0,0.0,H,0,0,1.0,0.0,-0.8307,1.0
2026-05-26T12:52:32.798,222.579,5106,RIGHT,0.156587,0.157289,0.000176,0.8,0.0,0.0,H,0,0,1.0,0.0,-0.8307,1.0
2026-05-26T12:52:32.844,222.625,5107,RIGHT,0.150807,0.155993,0.001296,0.8,0.0,0.0,H,0,0,1.0,0.0,-0.8325,1.0
2026-05-26T12:52:32.891,222.673,5108,RIGHT,0.143264,0.153447,0.002546,0.8,0.0,0.0,H,0,0,1.0,0.0,-0.835,1.0
2026-05-26T12:52:32.946,222.727,5109,RIGHT,0.122835,0.147325,0.006122,0.8,0.0,0.0,M,0,0,1.0,0.0,-0.8362,1.0
2026-05-26T12:52:32.991,222.772,5110,RIGHT,0.106367,0.139133,0.008191,0.8,0.0,0.0,M,0,0,1.0,0.0,-0.8368,1.0
2026-05-26T12:52:33.070,222.851,5111,RIGHT,0.101268,0.13156,0.007573,0.8,0.0,0.0,M,0,0,1.0,0.0,-0.8362,1.0
2026-05-26T12:52:33.111,222.892,5112,RIGHT,0.135184,0.132285,-0.000725,0.8,0.0,0.0,M,0,0,1.0,0.0,-0.8368,1.0
2026-05-26T12:52:33.157,222.938,5113,RIGHT,0.112325,0.128293,0.003992,0.8,0.0,0.0,M,0,0,1.0,0.0272,-0.8362,1.0
2026-05-26T12:52:33.211,222.992,5114,ROT_L,0.11399,0.125432,0.002861,0.8,0.0,0.0,M,0,0,0.4443,0.4295,-0.8375,0.8375
2026-05-26T12:52:33.250,223.031,5115,ROT_L,0.137803,0.127906,-0.002474,0.8,0.0,0.0,M,0,0,-0.0,0.6094,-0.8368,0.8368
2026-05-26T12:52:33.274,223.055,5116,ROT_L,0.154833,0.133292,-0.005385,0.8,0.0,0.0,M,0,0,-0.0,0.6613,-0.8337,0.8337
2026-05-26T12:52:33.316,223.097,5117,ROT_L,0.133164,0.133266,2.6e-05,0.8,0.0,0.0,M,0,0,-0.0,0.5902,-0.8337,0.8337
2026-05-26T12:52:33.338,223.12,5118,ROT_L,0.12512,0.131637,0.001629,0.8,0.0,0.0,M,0,0,-0.0,0.5902,-0.8337,0.8337
2026-05-26T12:52:33.371,223.153,5119,ROT_L,0.116799,0.128669,0.002967,0.8,0.0,0.0,M,0,0,-0.0859,0.4747,-0.8319,0.8319
2026-05-26T12:52:33.426,223.207,5120,LEFT,0.146118,0.132159,-0.00349,0.8,0.0,0.0,M,0,0,-0.5142,0.1891,-0.4592,0.5142
2026-05-26T12:52:33.453,223.235,5121,LEFT,0.175024,0.140732,-0.008573,0.8,0.0,0.0,M,0,0,-0.5773,0.0822,-0.1941,0.5773
2026-05-26T12:52:33.502,223.284,5122,STOP,0.17835,0.148256,-0.007524,0.8,0.0,0.0,M,0,0,-0.021,0.0,-0.0,0.0
2026-05-26T12:52:33.540,223.321,5123,STOP,0.140485,0.146701,0.001554,0.8,0.0,0.0,M,0,0,-0.0,0.0,-0.0,0.0
2026-05-26T12:52:33.601,223.382,5124,STOP,0.10377,0.138115,0.008586,0.8,0.0,0.0,M,0,0,-0.0,0.0,-0.0,0.0
2026-05-26T12:52:33.642,223.423,5125,STOP,0.082271,0.126946,0.011169,0.8,0.0,0.0,M,0,0,-0.0,0.0,-0.0,0.0
2026-05-26T12:52:33.655,223.437,5126,STOP,0.066506,0.114858,0.012088,0.8,0.0,0.0,M,0,0,-0.0,0.0,-0.0,0.0
2026-05-26T12:52:33.711,223.492,5127,STOP,0.062767,0.10444,0.010418,0.8,0.0,0.0,M,0,0,-0.0,0.0,-0.0,0.0
2026-05-26T12:52:33.778,223.559,5128,STOP,0.077408,0.099033,0.005406,0.8,0.0,0.0,M,0,0,-0.0,0.0,-0.0,0.0
2026-05-26T12:52:33.809,223.59,5129,STOP,0.08812,0.096851,0.002183,0.8,0.0,0.0,M,0,0,-0.0,0.0,-0.0,0.0
2026-05-26T12:52:33.846,223.627,5130,STOP,0.101639,0.097808,-0.000958,0.8,0.0,0.0,M,0,0,-0.0,0.0,-0.0,0.0
2026-05-26T12:52:33.880,223.661,5131,STOP,0.102722,0.098791,-0.000983,0.8,0.0,0.0,M,0,0,-0.0,0.0,-0.0,0.0
2026-05-26T12:52:33.923,223.705,5132,STOP,0.082122,0.095457,0.003334,0.8,0.0,0.0,M,0,0,-0.0,0.0,-0.0,0.0
2026-05-26T12:52:33.963,223.745,5133,STOP,0.063366,0.089039,0.006418,0.8,0.0,0.0,M,0,0,-0.0,0.0,-0.0,0.0
2026-05-26T12:52:33.997,223.779,5134,STOP,0.067444,0.08472,0.004319,0.8,0.0,0.0,M,0,0,-0.0,0.0,-0.0,0.0
2026-05-26T12:52:34.036,223.817,5135,STOP,0.080305,0.083837,0.000883,0.8,0.0,0.0,M,0,0,-0.0,0.0,-0.0,0.0
2026-05-26T12:52:34.109,223.89,5136,STOP,0.075191,0.082108,0.001729,0.8,0.0,0.0,M,0,0,-0.0,0.0,-0.0,0.0
2026-05-26T12:52:34.164,223.945,5137,STOP,0.039168,0.07352,0.008588,0.8,0.0,0.0,M,0,0,-0.0,0.0,-0.0,0.0
2026-05-26T12:52:34.199,223.98,5138,STOP,0.013006,0.061417,0.012103,0.8,0.0,0.0,M,0,0,-0.0,0.0,-0.0,0.0
2026-05-26T12:52:34.264,224.045,5139,STOP,0.027926,0.054719,0.006698,0.8,0.0,0.0,M,0,0,-0.0,0.0,-0.0,0.0
2026-05-26T12:52:34.309,224.09,5140,RIGHT,0.034809,0.050737,0.003982,0.8,0.0,0.0,M,0,0,0.3265,0.0,-0.0,0.3265
2026-05-26T12:52:34.367,224.148,5141,RIGHT,0.017998,0.044189,0.006548,0.8,0.0,0.0,L,0,0,0.8633,0.0,-0.0,0.8633
2026-05-26T12:52:34.391,224.172,5142,RIGHT,0.025425,0.040436,0.003753,0.8,0.0,0.0,L,0,0,1.0,0.0,-0.0,1.0
2026-05-26T12:52:34.440,224.221,5143,RIGHT,0.027585,0.037866,0.00257,0.8,0.0,0.0,L,0,0,1.0,0.0,-0.0,1.0
2026-05-26T12:52:34.477,224.258,5144,RIGHT,0.023995,0.035092,0.002774,0.8,0.0,0.0,L,0,0,1.0,0.0,-0.0,1.0
2026-05-26T12:52:34.505,224.287,5145,RIGHT,0.013496,0.030773,0.004319,0.8,0.0,0.0,L,0,0,1.0,0.0,-0.0,1.0
2026-05-26T12:52:34.549,224.33,5146,RIGHT,0.010331,0.026684,0.004088,0.8,0.0,0.0,L,0,0,1.0,0.0,-0.0,1.0
2026-05-26T12:52:34.616,224.398,5147,RIGHT,0.032293,0.027806,-0.001122,0.8,0.0,0.0,L,0,0,0.9028,0.0,-0.0,0.9028
2026-05-26T12:52:34.662,224.443,5148,RIGHT,0.046764,0.031598,-0.003792,0.8,0.0,0.0,L,0,0,0.9016,0.0,-0.0,0.9016
2026-05-26T12:52:34.682,224.463,5149,RIGHT,0.065454,0.038369,-0.006771,0.8,0.0,0.0,L,0,0,0.9016,0.0,-0.0,0.9016
2026-05-26T12:52:34.731,224.512,5150,RIGHT,0.054958,0.041687,-0.003318,0.8,0.0,0.0,L,0,0,0.9039,0.0,-0.0,0.9039
2026-05-26T12:52:34.777,224.559,5151,RIGHT,0.056242,0.044598,-0.002911,0.8,0.0,0.0,L,0,0,0.9039,0.0,-0.0,0.9039
2026-05-26T12:52:34.829,224.611,5152,RIGHT,0.097171,0.055113,-0.010515,0.8,0.0,0.0,M,0,0,0.9039,0.0,-0.0,0.9039
2026-05-26T12:52:34.870,224.651,5153,RIGHT,0.084951,0.06108,-0.005968,0.8,0.0,0.0,M,0,0,0.9045,0.0,-0.0,0.9045
2026-05-26T12:52:34.901,224.682,5154,RIGHT,0.082818,0.065428,-0.004347,0.8,0.0,0.0,M,0,0,0.9045,0.0,-0.0,0.9045
2026-05-26T12:52:34.937,224.719,5155,RIGHT,0.062778,0.064898,0.00053,0.8,0.0,0.0,M,0,0,0.7908,0.0,-0.0,0.7908
2026-05-26T12:52:34.964,224.745,5156,RIGHT,0.115024,0.074923,-0.010025,0.8,0.0,0.0,M,0,0,0.7908,0.0,-0.0,0.7908
2026-05-26T12:52:35.018,224.799,5157,RIGHT,0.158335,0.091605,-0.016682,0.8,0.0,0.0,M,0,0,0.5999,0.0,-0.0,0.5999
2026-05-26T12:52:35.088,224.869,5158,STOP,0.115564,0.096397,-0.004792,0.8,0.0,0.0,M,0,0,-0.0,0.0,-0.0,0.0
2026-05-26T12:52:35.142,224.923,5159,STOP,0.095161,0.09615,0.000247,0.8,0.0,0.0,M,0,0,-0.0,0.0,-0.0,0.0
2026-05-26T12:52:35.196,224.977,5160,STOP,0.145918,0.106103,-0.009954,0.8,0.0,0.0,M,0,0,-0.0,0.0,-0.0,0.0
2026-05-26T12:52:35.250,225.031,5161,STOP,0.155414,0.115965,-0.009862,0.8,0.0,0.0,M,0,0,-0.0,0.0,-0.0,0.0
2026-05-26T12:52:35.291,225.072,5162,STOP,0.123065,0.117385,-0.00142,0.8,0.0,0.0,M,0,0,-0.0,0.0,-0.0,0.0
2026-05-26T12:52:35.321,225.103,5163,STOP,0.118124,0.117533,-0.000148,0.8,0.0,0.0,M,0,0,-0.0,0.0,-0.0,0.0
2026-05-26T12:52:35.385,225.166,5164,STOP,0.15915,0.125857,-0.008323,0.8,0.0,0.0,M,0,0,-0.0,0.0,-0.0,0.0
2026-05-26T12:52:35.450,225.232,5165,STOP,0.146552,0.129996,-0.004139,0.8,0.0,0.0,M,0,0,-0.0,0.0,-0.0,0.0
2026-05-26T12:52:35.502,225.283,5166,STOP,0.075983,0.119193,0.010803,0.8,0.0,0.0,M,0,0,-0.0,0.0,-0.0,0.0
2026-05-26T12:52:35.569,225.35,5167,STOP,0.14825,0.125004,-0.005811,0.8,0.0,0.0,M,0,0,-0.0,0.0,-0.0,0.0
2026-05-26T12:52:35.601,225.382,5168,STOP,0.141534,0.12831,-0.003306,0.8,0.0,0.0,M,0,0,-0.0,0.0,-0.0,0.0
2026-05-26T12:52:35.674,225.455,5169,STOP,0.088088,0.120266,0.008044,0.8,0.0,0.0,M,0,0,-0.0,0.0,-0.0,0.0
2026-05-26T12:52:35.734,225.515,5170,STOP,0.063428,0.108898,0.011368,0.8,0.0,0.0,M,0,0,-0.0,0.0,-0.0,0.0
2026-05-26T12:52:35.795,225.576,5171,STOP,0.069115,0.100942,0.007957,0.8,0.0,0.0,M,0,0,-0.0,0.0,-0.0,0.0
2026-05-26T12:52:35.872,225.653,5172,STOP,0.020803,0.084914,0.016028,0.8,0.0,0.0,M,0,0,-0.0,0.0,-0.0,0.0
2026-05-26T12:52:35.906,225.687,5173,STOP,0.023953,0.072722,0.012192,0.8,0.0,0.0,M,0,0,-0.0,0.0,-0.0,0.0
2026-05-26T12:52:35.961,225.742,5174,STOP,0.053869,0.068951,0.003771,0.8,0.0,0.0,M,0,0,-0.0,0.0,-0.0,0.0
2026-05-26T12:52:35.982,225.763,5175,STOP,0.02602,0.060365,0.008586,0.8,0.0,0.0,M,0,0,-0.0,0.0,-0.0,0.0
2026-05-26T12:52:36.025,225.807,5176,LEFT,0.033776,0.055047,0.005318,0.8,0.0,0.0,M,0,0,-1.0,0.0,-0.0,1.0
2026-05-26T12:52:36.069,225.85,5177,LEFT,0.023824,0.048803,0.006245,0.8,0.0,0.0,L,0,0,-1.0,0.0,-0.0,1.0
2026-05-26T12:52:36.116,225.897,5178,LEFT,0.019294,0.042901,0.005902,0.8,0.0,0.0,L,0,0,-1.0,0.0,-0.0,1.0
2026-05-26T12:52:36.181,225.963,5179,LEFT,0.029057,0.040132,0.002769,0.8,0.0,0.0,L,0,0,-1.0,0.0,-0.0,1.0
2026-05-26T12:52:36.235,226.017,5180,LEFT,0.039281,0.039962,0.00017,0.8,0.0,0.0,L,0,0,-1.0,0.0,-0.0,1.0
2026-05-26T12:52:36.274,226.055,5181,LEFT,0.072055,0.04638,-0.006419,0.8,0.0,0.0,L,0,0,-1.0,0.0,-0.0,1.0
2026-05-26T12:52:36.324,226.105,5182,LEFT,0.093087,0.055722,-0.009341,0.8,0.0,0.0,M,0,0,-1.0,0.0,-0.0,1.0
2026-05-26T12:52:36.385,226.166,5183,LEFT,0.088951,0.062368,-0.006646,0.8,0.0,0.0,M,0,0,-1.0,0.0,-0.0,1.0
2026-05-26T12:52:36.434,226.215,5184,LEFT,0.066429,0.06318,-0.000812,0.8,0.0,0.0,M,0,0,-1.0,0.0,-0.0,1.0
2026-05-26T12:52:36.472,226.253,5185,LEFT,0.063688,0.063282,-0.000102,0.8,0.0,0.0,M,0,0,-1.0,0.0,-0.0,1.0
2026-05-26T12:52:36.502,226.284,5186,LEFT,0.083342,0.067294,-0.004012,0.8,0.0,0.0,M,0,0,-1.0,0.0,-0.0,1.0
2026-05-26T12:52:36.544,226.325,5187,LEFT,0.109454,0.075726,-0.008432,0.8,0.0,0.0,M,0,0,-1.0,0.0,-0.0,1.0
2026-05-26T12:52:36.580,226.361,5188,LEFT,0.124588,0.085498,-0.009772,0.8,0.0,0.0,M,0,0,-1.0,0.0,-0.0,1.0
2026-05-26T12:52:36.631,226.412,5189,LEFT,0.107543,0.089907,-0.004409,0.8,0.0,0.0,M,0,0,-1.0,0.0,-0.0,1.0
2026-05-26T12:52:36.660,226.441,5190,LEFT,0.070129,0.085952,0.003956,0.8,0.0,0.0,M,0,0,-1.0,0.0,-0.0,1.0
2026-05-26T12:52:36.690,226.471,5191,LEFT,0.091176,0.086997,-0.001045,0.8,0.0,0.0,M,0,0,-1.0,0.0,-0.0,1.0
2026-05-26T12:52:36.727,226.508,5192,LEFT,0.143731,0.098343,-0.011347,0.8,0.0,0.0,M,0,0,-1.0,0.0,-0.0,1.0
2026-05-26T12:52:36.800,226.581,5193,LEFT,0.177856,0.114246,-0.015902,0.8,0.0,0.0,M,0,0,-1.0,0.0,-0.0,1.0
2026-05-26T12:52:36.861,226.643,5194,LEFT,0.128054,0.117007,-0.002762,0.8,0.0,0.0,M,0,0,-1.0,0.0,-0.0,1.0
2026-05-26T12:52:36.921,226.702,5195,LEFT,0.060373,0.105681,0.011327,0.8,0.0,0.0,M,0,0,-1.0,0.0,-0.0,1.0
2026-05-26T12:52:36.955,226.736,5196,LEFT,0.122725,0.109089,-0.003409,0.8,0.0,0.0,M,0,0,-1.0,0.0,-0.0,1.0
2026-05-26T12:52:36.992,226.773,5197,LEFT,0.175563,0.122384,-0.013295,0.8,0.0,0.0,M,0,0,-1.0,0.0,-0.0,1.0
2026-05-26T12:52:37.028,226.809,5198,LEFT,0.183051,0.134518,-0.012133,0.8,0.0,0.0,M,0,0,-1.0,0.0,-0.0,1.0
2026-05-26T12:52:37.083,226.865,5199,LEFT,0.108877,0.129389,0.005128,0.8,0.0,0.0,M,0,0,-1.0,0.0,-0.0,1.0
2026-05-26T12:52:37.121,226.903,5200,LEFT,0.137162,0.130944,-0.001554,0.8,0.0,0.0,M,0,0,-1.0,0.0,-0.0,1.0
2026-05-26T12:52:37.152,226.934,5201,LEFT,0.190473,0.14285,-0.011906,0.8,0.0,0.0,M,0,0,-1.0,0.0,-0.0,1.0
2026-05-26T12:52:37.193,226.974,5202,LEFT,0.198218,0.153923,-0.011074,0.8,0.0,0.0,H,0,0,-1.0,0.0,-0.0,1.0
2026-05-26T12:52:37.244,227.025,5203,LEFT,0.174977,0.158134,-0.004211,0.8,0.0,0.0,H,0,0,-1.0,0.0,-0.0,1.0
2026-05-26T12:52:37.270,227.051,5204,LEFT,0.098217,0.146151,0.011983,0.8,0.0,0.0,M,0,0,-1.0,0.0,-0.0,1.0
2026-05-26T12:52:37.330,227.111,5205,LEFT,0.214073,0.159735,-0.013584,0.8,0.0,0.0,H,0,0,-1.0,0.0,-0.0,1.0
2026-05-26T12:52:37.371,227.152,5206,LEFT,0.198503,0.167489,-0.007754,0.8,0.0,0.0,H,0,0,-1.0,0.0,-0.0,1.0
2026-05-26T12:52:37.393,227.174,5207,LEFT,0.198001,0.173591,-0.006102,0.8,0.0,0.0,H,0,0,-1.0,0.0,-0.0,1.0
2026-05-26T12:52:37.428,227.209,5208,LEFT,0.143719,0.167617,0.005974,0.8,0.0,0.0,H,0,0,-1.0,0.0,-0.0,1.0
2026-05-26T12:52:37.456,227.237,5209,LEFT,0.108299,0.155753,0.011864,0.8,0.0,0.0,H,0,0,-1.0,0.0,-0.0,1.0
2026-05-26T12:52:37.503,227.284,5210,STOP,0.225637,0.16973,-0.013977,0.8,0.0,0.0,H,0,0,-0.0,0.0,-0.0,0.0
2026-05-26T12:52:37.551,227.333,5211,STOP,0.240902,0.183964,-0.014234,0.8,0.0,0.0,H,0,0,-0.0,0.0,-0.0,0.0
2026-05-26T12:52:37.590,227.371,5212,STOP,0.17165,0.181502,0.002463,0.8,0.0,0.0,H,0,0,-0.0,0.0,-0.0,0.0
2026-05-26T12:52:37.620,227.401,5213,STOP,0.128276,0.170856,0.010645,0.8,0.0,0.0,H,0,0,-0.0,0.0,-0.0,0.0
2026-05-26T12:52:37.666,227.447,5214,STOP,0.090399,0.154765,0.016091,0.8,0.0,0.0,H,0,0,-0.0,0.0,0.056,0.0
2026-05-26T12:52:37.707,227.488,5215,ROT_R,0.230221,0.169856,-0.015091,0.8,0.0,0.0,H,0,0,-0.0,0.0,0.5144,0.5144
2026-05-26T12:52:37.741,227.522,5216,ROT_R,0.241302,0.184145,-0.014289,0.8,0.0,0.0,H,0,0,-0.0,0.0,0.7354,0.7354
2026-05-26T12:52:37.773,227.555,5217,ROT_R,0.162385,0.179793,0.004352,0.8,0.0,0.0,H,0,0,-0.0,0.0,0.8827,0.8827
2026-05-26T12:52:37.807,227.588,5218,ROT_R,0.138703,0.171575,0.008218,0.8,0.0,0.0,H,0,0,-0.0,0.0,0.9034,0.9034
2026-05-26T12:52:37.835,227.616,5219,ROT_R,0.049732,0.147206,0.024369,0.8,0.0,0.0,M,0,0,-0.0,0.0,0.9181,0.9181
2026-05-26T12:52:37.887,227.668,5220,ROT_R,0.164491,0.150663,-0.003457,0.8,0.0,0.0,H,0,0,-0.0,0.0,0.924,0.924
2026-05-26T12:52:37.930,227.711,5221,ROT_R,0.169771,0.154485,-0.003822,0.8,0.0,0.0,H,0,0,-0.0,0.0,0.9258,0.9258
2026-05-26T12:52:37.982,227.763,5222,ROT_R,0.109226,0.145433,0.009052,0.8,0.0,0.0,M,0,0,-0.0,0.0,0.9246,0.9246
2026-05-26T12:52:38.015,227.796,5223,ROT_R,0.06365,0.129077,0.016357,0.8,0.0,0.0,M,0,0,-0.0,0.0,0.9246,0.9246
2026-05-26T12:52:38.064,227.845,5224,ROT_R,0.063207,0.115903,0.013174,0.8,0.0,0.0,M,0,0,-0.0,0.0,0.914,0.914
2026-05-26T12:52:38.109,227.89,5225,ROT_R,0.083949,0.109512,0.006391,0.8,0.0,0.0,M,0,0,-0.0,0.0,0.739,0.739
2026-05-26T12:52:38.174,227.955,5226,STOP,0.079687,0.103547,0.005965,0.8,0.0,0.0,M,0,0,-0.0,0.0,-0.0,0.0
2026-05-26T12:52:38.213,227.995,5227,STOP,0.095805,0.101999,0.001548,0.8,0.0,0.0,M,0,0,-0.0,0.0,-0.0,0.0
2026-05-26T12:52:38.282,228.063,5228,STOP,0.069677,0.095534,0.006464,0.8,0.0,0.0,M,0,0,-0.0,0.0,-0.0,0.0
2026-05-26T12:52:38.346,228.127,5229,STOP,0.066233,0.089674,0.00586,0.8,0.0,0.0,M,0,0,-0.0,0.0,-0.0,0.0
2026-05-26T12:52:38.380,228.162,5230,STOP,0.066199,0.084979,0.004695,0.8,0.0,0.0,M,0,0,-0.0,0.0,-0.0,0.0
2026-05-26T12:52:38.418,228.199,5231,STOP,0.070983,0.08218,0.002799,0.8,0.0,0.0,M,0,0,-0.0,0.0,-0.0,0.0
2026-05-26T12:52:38.466,228.247,5232,ROT_L,0.071404,0.080025,0.002155,0.8,0.0,0.0,M,0,0,-0.0,0.0,-0.7225,0.7225
2026-05-26T12:52:38.513,228.295,5233,ROT_L,0.056633,0.075346,0.004678,0.8,0.0,0.0,M,0,0,-0.0,0.0,-0.814,0.814
2026-05-26T12:52:38.566,228.347,5234,ROT_L,0.068799,0.074037,0.00131,0.8,0.0,0.0,M,0,0,-0.0,0.0,-0.8245,0.8245
2026-05-26T12:52:38.604,228.385,5235,ROT_L,0.051792,0.069588,0.004449,0.8,0.0,0.0,M,0,0,-0.0,0.0,-0.8245,0.8245
2026-05-26T12:52:38.650,228.431,5236,ROT_L,0.034347,0.06254,0.007048,0.8,0.0,0.0,M,0,0,-0.0,0.0,-0.8288,0.8288
2026-05-26T12:52:38.679,228.46,5237,ROT_L,0.034071,0.056846,0.005694,0.8,0.0,0.0,M,0,0,-0.0,0.0,-0.8288,0.8288
2026-05-26T12:52:38.718,228.499,5238,ROT_L,0.034444,0.052366,0.00448,0.8,0.0,0.0,M,0,0,-0.0,0.0,-0.83,0.83
2026-05-26T12:52:38.755,228.536,5239,ROT_L,0.041539,0.0502,0.002165,0.8,0.0,0.0,M,0,0,-0.0,0.0,-0.8325,0.8325
2026-05-26T12:52:38.808,228.589,5240,ROT_L,0.057829,0.051726,-0.001526,0.8,0.0,0.0,M,0,0,-0.0,0.0,-0.8325,0.8325
2026-05-26T12:52:38.852,228.633,5241,ROT_L,0.061258,0.053632,-0.001906,0.8,0.0,0.0,M,0,0,-0.0,0.0,-0.8319,0.8319
2026-05-26T12:52:38.893,228.674,5242,ROT_L,0.066011,0.056108,-0.002476,0.8,0.0,0.0,M,0,0,-0.0,0.0,-0.8325,0.8325
2026-05-26T12:52:38.927,228.709,5243,ROT_L,0.067546,0.058396,-0.002288,0.8,0.0,0.0,M,0,0,-0.0,0.0,-0.8325,0.8325
2026-05-26T12:52:38.965,228.746,5244,ROT_L,0.06923,0.060563,-0.002167,0.8,0.0,0.0,M,0,0,-0.0,0.0,-0.8319,0.8319
2026-05-26T12:52:39.003,228.785,5245,ROT_L,0.062505,0.060951,-0.000389,0.8,0.0,0.0,M,0,0,-0.0,0.0,-0.8325,0.8325
2026-05-26T12:52:39.033,228.815,5246,ROT_L,0.054524,0.059666,0.001285,0.8,0.0,0.0,M,0,0,-0.0,0.0,-0.8325,0.8325
2026-05-26T12:52:39.081,228.863,5247,ROT_L,0.049526,0.057638,0.002028,0.8,0.0,0.0,M,0,0,-0.0,0.0,-0.8269,0.8269
2026-05-26T12:52:39.104,228.885,5248,ROT_L,0.049989,0.056108,0.00153,0.8,0.0,0.0,M,0,0,-0.0,0.0,-0.8232,0.8232
2026-05-26T12:52:39.161,228.942,5249,ROT_L,0.062667,0.05742,-0.001312,0.8,0.0,0.0,M,0,0,-0.0,0.0,-0.6916,0.6916
2026-05-26T12:52:39.209,228.99,5250,STOP,0.065169,0.05897,-0.00155,0.8,0.0,0.0,M,0,0,-0.0,0.0,-0.0983,0.0
2026-05-26T12:52:39.268,229.05,5251,STOP,0.064827,0.060141,-0.001171,0.8,0.0,0.0,M,0,0,-0.0,0.0,-0.0,0.0
2026-05-26T12:52:39.318,229.099,5252,STOP,0.06389,0.060891,-0.00075,0.8,0.0,0.0,M,0,0,-0.0,0.0,-0.0,0.0
2026-05-26T12:52:39.374,229.155,5253,STOP,0.078947,0.064502,-0.003611,0.8,0.0,0.0,M,0,0,-0.0,-0.0077,-0.0,0.0
2026-05-26T12:52:39.428,229.21,5254,BACK,0.074026,0.066407,-0.001905,0.8,0.0,0.0,M,0,0,-0.0,-0.8097,-0.0,0.8097
2026-05-26T12:52:39.465,229.246,5255,BACK,0.080715,0.069269,-0.002862,0.8,0.0,0.0,M,0,0,-0.0,-0.8757,-0.0,0.8757
2026-05-26T12:52:39.521,229.303,5256,BACK,0.077597,0.070934,-0.001666,0.8,0.0,0.0,M,0,0,-0.0,-0.8998,-0.0,0.8998
2026-05-26T12:52:39.569,229.351,5257,BACK,0.061931,0.069133,0.001801,0.8,0.0,0.0,M,0,0,-0.0,-0.8998,-0.0,0.8998
2026-05-26T12:52:39.610,229.391,5258,BACK,0.02201,0.059709,0.009425,0.8,0.0,0.0,M,0,0,-0.0,-0.9004,-0.0,0.9004
2026-05-26T12:52:39.653,229.434,5259,BACK,0.057927,0.059353,0.000356,0.8,0.0,0.0,M,0,0,-0.0,-0.9004,-0.0,0.9004
2026-05-26T12:52:39.701,229.483,5260,BACK,0.039486,0.055379,0.003973,0.8,0.0,0.0,M,0,0,-0.0,-0.8986,-0.0,0.8986
2026-05-26T12:52:39.760,229.541,5261,BACK,0.055427,0.055389,-9e-06,0.8,0.0,0.0,M,0,0,-0.0,-0.8998,-0.0,0.8998
2026-05-26T12:52:39.816,229.597,5262,BACK,0.036138,0.051539,0.00385,0.8,0.0,0.0,M,0,0,-0.0,-0.8998,-0.0,0.8998
2026-05-26T12:52:39.897,229.678,5263,BACK,0.032634,0.047758,0.003781,0.8,0.0,0.0,L,0,0,-0.0,-0.8998,-0.0,0.8998
2026-05-26T12:52:39.941,229.723,5264,BACK,0.047882,0.047783,-2.5e-05,0.8,0.0,0.0,L,0,0,-0.0,-0.8998,-0.0,0.8998
2026-05-26T12:52:39.990,229.771,5265,BACK,0.066577,0.051542,-0.003759,0.8,0.0,0.0,M,0,0,-0.0,-0.8998,-0.0,0.8998
2026-05-26T12:52:40.038,229.819,5266,BACK,0.067568,0.054747,-0.003205,0.8,0.0,0.0,M,0,0,-0.0,-0.9004,-0.0,0.9004
2026-05-26T12:52:40.079,229.861,5267,BACK,0.039779,0.051753,0.002994,0.8,0.0,0.0,M,0,0,-0.0,-0.8998,-0.0,0.8998
2026-05-26T12:52:40.117,229.899,5268,BACK,0.042565,0.049916,0.001838,0.8,0.0,0.0,L,0,0,-0.0,-0.9004,-0.0,0.9004
2026-05-26T12:52:40.150,229.931,5269,BACK,0.045041,0.048941,0.000975,0.8,0.0,0.0,L,0,0,-0.0,-0.8998,-0.0,0.8998
2026-05-26T12:52:40.217,229.998,5270,STOP,0.03253,0.045659,0.003282,0.8,0.0,0.0,L,0,0,-0.0,0.0,-0.0,0.0
2026-05-26T12:52:40.261,230.042,5271,STOP,0.026787,0.041884,0.003774,0.8,0.0,0.0,L,0,0,-0.0,0.0,-0.0,0.0
2026-05-26T12:52:40.302,230.083,5272,STOP,0.019603,0.037428,0.004456,0.8,0.0,0.0,L,0,0,-0.0,0.0,-0.0,0.0
2026-05-26T12:52:40.336,230.117,5273,STOP,0.015735,0.033089,0.004339,0.8,0.0,0.0,L,0,0,-0.0,0.0,-0.0,0.0
2026-05-26T12:52:40.377,230.159,5274,STOP,0.017401,0.029952,0.003138,0.8,0.0,0.0,L,0,0,-0.0,0.0,-0.0,0.0
2026-05-26T12:52:40.439,230.22,5275,STOP,0.026538,0.029269,0.000683,0.8,0.0,0.0,L,0,0,-0.0,0.0,-0.0,0.0
2026-05-26T12:52:40.461,230.242,5276,STOP,0.036032,0.030622,-0.001353,0.8,0.0,0.0,L,0,0,-0.0,0.0,-0.0,0.0
2026-05-26T12:52:40.508,230.289,5277,STOP,0.052479,0.034993,-0.004372,0.8,0.0,0.0,L,0,0,-0.0,0.0,-0.0,0.0
2026-05-26T12:52:40.545,230.326,5278,STOP,0.063023,0.040599,-0.005606,0.8,0.0,0.0,L,0,0,-0.0,0.0,-0.0,0.0
2026-05-26T12:52:40.606,230.387,5279,STOP,0.057354,0.04395,-0.003351,0.8,0.0,0.0,L,0,0,-0.0,0.0,-0.0,0.0
2026-05-26T12:52:40.644,230.425,5280,STOP,0.038466,0.042853,0.001097,0.8,0.0,0.0,L,0,0,-0.0,0.0,-0.0,0.0
2026-05-26T12:52:40.680,230.461,5281,STOP,0.031296,0.040542,0.002311,0.8,0.0,0.0,L,0,0,-0.0,0.0,-0.0,0.0
2026-05-26T12:52:40.753,230.534,5282,STOP,0.080281,0.04849,-0.007948,0.8,0.0,0.0,L,0,0,-0.0,0.0,-0.0,0.0
2026-05-26T12:52:40.793,230.574,5283,STOP,0.099951,0.058782,-0.010292,0.8,0.0,0.0,M,0,0,-0.0,0.0,-0.0,0.0
2026-05-26T12:52:40.834,230.615,5284,STOP,0.089417,0.064909,-0.006127,0.8,0.0,0.0,M,0,0,-0.0,0.0,-0.0,0.0
2026-05-26T12:52:40.868,230.649,5285,STOP,0.066423,0.065212,-0.000303,0.8,0.0,0.0,M,0,0,-0.0,0.0,-0.0,0.0
2026-05-26T12:52:40.921,230.703,5286,STOP,0.03496,0.059161,0.00605,0.8,0.0,0.0,M,0,0,-0.0,0.0,-0.0,0.0
2026-05-26T12:52:40.966,230.747,5287,STOP,0.036003,0.05453,0.004632,0.8,0.0,0.0,M,0,0,-0.0,0.0,-0.0,0.0
2026-05-26T12:52:41.021,230.802,5288,STOP,0.044645,0.052553,0.001977,0.8,0.0,0.0,M,0,0,-0.0,0.0,-0.0,0.0
2026-05-26T12:52:41.064,230.845,5289,STOP,0.031027,0.048247,0.004305,0.8,0.0,0.0,L,0,0,-0.0,0.0,-0.0,0.0
2026-05-26T12:52:41.128,230.909,5290,STOP,0.011526,0.040903,0.007344,0.8,0.0,0.0,L,0,0,-0.0,0.0,-0.0,0.0
2026-05-26T12:52:41.204,230.985,5291,STOP,0.014424,0.035607,0.005296,0.8,0.0,0.0,L,0,0,-0.0,0.0,-0.0,0.0
2026-05-26T12:52:41.260,231.041,5292,STOP,0.017798,0.032045,0.003562,0.8,0.0,0.0,L,0,0,-0.0,0.0,-0.0,0.0
2026-05-26T12:52:41.286,231.068,5293,STOP,0.010158,0.027668,0.004378,0.8,0.0,0.0,L,0,0,-0.0,0.0,-0.0,0.0
2026-05-26T12:52:41.332,231.113,5294,STOP,0.00859,0.023852,0.003816,0.8,0.0,0.0,L,0,0,-0.0,0.0,-0.0,0.0
2026-05-26T12:52:41.393,231.175,5295,STOP,0.008241,0.02073,0.003122,0.8,0.0,0.0,L,0,0,-0.0,0.0,-0.0,0.0
2026-05-26T12:52:41.443,231.224,5296,STOP,0.004725,0.017529,0.003201,0.8,0.0,0.0,L,0,0,-0.0,0.0,-0.0,0.0
2026-05-26T12:52:41.466,231.247,5297,STOP,0.005077,0.015039,0.00249,0.8,0.0,0.0,L,0,0,-0.0,0.0,-0.0,0.0
2026-05-26T12:52:41.527,231.308,5298,STOP,0.008721,0.013775,0.001263,0.8,0.0,0.0,L,0,0,-0.0,0.0,-0.0,0.0
2026-05-26T12:52:41.566,231.347,5299,STOP,0.006362,0.012293,0.001483,0.8,0.0,0.0,L,0,0,-0.0,0.0,-0.0,0.0
2026-05-26T12:52:41.661,231.442,5300,ROT_L,0.004233,0.010681,0.001612,0.8,0.0,0.0,L,0,0,-0.0,0.0,-0.5198,0.5198
2026-05-26T12:52:41.694,231.476,5301,ROT_L,0.004149,0.009374,0.001306,0.8,0.0,0.0,L,0,0,-0.0,0.0,-0.5198,0.5198
2026-05-26T12:52:41.766,231.547,5302,ROT_L,0.007961,0.009092,0.000283,0.8,0.0,0.0,L,0,0,-0.0,0.0,-0.7219,0.7219
2026-05-26T12:52:41.810,231.591,5303,ROT_L,0.007847,0.008843,0.000249,0.8,0.0,0.0,L,0,0,-0.0,0.0,-0.7367,0.7367
2026-05-26T12:52:41.858,231.639,5304,STOP,0.022304,0.011535,-0.002692,0.8,0.0,0.0,L,0,0,-0.0,0.0,-0.1527,0.0
2026-05-26T12:52:41.909,231.69,5305,STOP,0.03157,0.015542,-0.004007,0.8,0.0,0.0,L,0,0,-0.0,0.0,-0.0,0.0
2026-05-26T12:52:41.962,231.743,5306,STOP,0.05103,0.02264,-0.007098,0.8,0.0,0.0,L,0,0,-0.0,0.0,-0.0,0.0
2026-05-26T12:52:42.029,231.81,5307,STOP,0.065308,0.031173,-0.008534,0.8,0.0,0.0,L,0,0,-0.0,0.0,-0.0,0.0
2026-05-26T12:52:42.085,231.867,5308,STOP,0.067615,0.038462,-0.007288,0.8,0.0,0.0,L,0,0,-0.0,0.0,-0.0,0.0
2026-05-26T12:52:42.126,231.907,5309,STOP,0.05524,0.041817,-0.003356,0.8,0.0,0.0,L,0,0,-0.0,0.0,-0.0,0.0
2026-05-26T12:52:42.161,231.942,5310,STOP,0.043158,0.042085,-0.000268,0.8,0.0,0.0,L,0,0,-0.0,0.0,-0.0,0.0
2026-05-26T12:52:42.221,232.002,5311,STOP,0.018521,0.037373,0.004713,0.8,0.0,0.0,L,0,0,-0.0,0.0,-0.0909,0.0
2026-05-26T12:52:42.273,232.054,5312,ROT_L,0.038506,0.037599,-0.000227,0.8,0.0,0.0,L,0,0,-0.0,0.0,-0.4345,0.4345
2026-05-26T12:52:42.315,232.097,5313,ROT_L,0.021112,0.034302,0.003298,0.8,0.0,0.0,L,0,0,-0.0,0.0,-0.4203,0.4203
2026-05-26T12:52:42.365,232.146,5314,STOP,0.023263,0.032094,0.002208,0.8,0.0,0.0,L,0,0,-0.0,0.0,-0.0389,0.0
2026-05-26T12:52:42.390,232.171,5315,STOP,0.039513,0.033578,-0.001484,0.8,0.0,0.0,L,0,0,-0.0,0.0,-0.0389,0.0
2026-05-26T12:52:42.446,232.228,5316,STOP,0.039618,0.034786,-0.001208,0.8,0.0,0.0,L,0,0,-0.0,0.0,-0.0,0.0
2026-05-26T12:52:42.483,232.264,5317,STOP,0.031883,0.034205,0.000581,0.8,0.0,0.0,L,0,0,-0.0,0.0,-0.0,0.0
2026-05-26T12:52:42.539,232.32,5318,STOP,0.033816,0.034127,7.8e-05,0.8,0.0,0.0,L,0,0,-0.0,0.0,-0.0,0.0
2026-05-26T12:52:42.568,232.349,5319,STOP,0.033084,0.033919,0.000209,0.8,0.0,0.0,L,0,0,-0.0,0.0,-0.0,0.0
2026-05-26T12:52:42.615,232.396,5320,STOP,0.036965,0.034528,-0.000609,0.8,0.0,0.0,L,0,0,-0.0,0.0,-0.0,0.0
2026-05-26T12:52:42.660,232.441,5321,STOP,0.039443,0.035511,-0.000983,0.8,0.0,0.0,L,0,0,-0.0,0.0,-0.0,0.0
2026-05-26T12:52:42.713,232.495,5322,STOP,0.044264,0.037262,-0.001751,0.8,0.0,0.0,L,0,0,-0.0,0.0,-0.0,0.0
2026-05-26T12:52:42.765,232.546,5323,STOP,0.021355,0.03408,0.003181,0.8,0.0,0.0,L,0,0,-0.1082,0.0,-0.0,0.0
2026-05-26T12:52:42.804,232.585,5324,LEFT,0.008607,0.028986,0.005095,0.8,0.0,0.0,L,0,0,-1.0,0.0,-0.0,1.0
2026-05-26T12:52:42.863,232.645,5325,LEFT,0.030265,0.029241,-0.000256,0.8,0.0,0.0,L,0,0,-1.0,0.0,-0.0,1.0
2026-05-26T12:52:42.897,232.679,5326,LEFT,0.025217,0.028437,0.000805,0.8,0.0,0.0,L,0,0,-1.0,0.0,-0.0,1.0
2026-05-26T12:52:42.918,232.7,5327,LEFT,0.013009,0.025351,0.003085,0.8,0.0,0.0,L,0,0,-1.0,0.0,-0.0,1.0
2026-05-26T12:52:42.955,232.736,5328,LEFT,0.022153,0.024712,0.00064,0.8,0.0,0.0,L,0,0,-1.0,0.0,-0.0,1.0
2026-05-26T12:52:42.985,232.767,5329,LEFT,0.031348,0.026039,-0.001327,0.8,0.0,0.0,L,0,0,-1.0,0.0,-0.0,1.0
2026-05-26T12:52:43.015,232.797,5330,LEFT,0.039845,0.0288,-0.002761,0.8,0.0,0.0,L,0,0,-1.0,0.0,-0.0,1.0
2026-05-26T12:52:43.061,232.842,5331,LEFT,0.044852,0.03201,-0.00321,0.8,0.0,0.0,L,0,0,-1.0,0.0,-0.0,1.0
2026-05-26T12:52:43.106,232.887,5332,LEFT,0.053338,0.036276,-0.004266,0.8,0.0,0.0,L,0,0,-1.0,0.0,-0.0,1.0
2026-05-26T12:52:43.130,232.911,5333,LEFT,0.043915,0.037804,-0.001528,0.8,0.0,0.0,L,0,0,-1.0,0.0,-0.0,1.0
2026-05-26T12:52:43.184,232.965,5334,LEFT,0.065792,0.043401,-0.005598,0.8,0.0,0.0,L,0,0,-1.0,0.0,-0.0,1.0
2026-05-26T12:52:43.233,233.014,5335,LEFT,0.099187,0.054559,-0.011157,0.8,0.0,0.0,M,0,0,-1.0,0.0,-0.0,1.0
2026-05-26T12:52:43.282,233.063,5336,LEFT,0.144635,0.072574,-0.018015,0.8,0.0,0.0,M,0,0,-1.0,0.0,-0.0,1.0
2026-05-26T12:52:43.315,233.096,5337,LEFT,0.167119,0.091483,-0.018909,0.8,0.0,0.0,M,0,0,-1.0,0.0,-0.0,1.0
2026-05-26T12:52:43.373,233.154,5338,LEFT,0.128205,0.098827,-0.007345,0.8,0.0,0.0,M,0,0,-1.0,0.0,-0.0,1.0
2026-05-26T12:52:43.401,233.182,5339,LEFT,0.073254,0.093713,0.005115,0.8,0.0,0.0,M,0,0,-1.0,0.0,-0.0,1.0
2026-05-26T12:52:43.437,233.219,5340,LEFT,0.150554,0.105081,-0.011368,0.8,0.0,0.0,M,0,0,-1.0,0.0,-0.0,1.0
2026-05-26T12:52:43.523,233.304,5341,LEFT,0.195579,0.123181,-0.0181,0.8,0.0,0.0,M,0,0,-1.0,0.0,-0.0,1.0
2026-05-26T12:52:43.572,233.354,5342,LEFT,0.142504,0.127045,-0.003865,0.8,0.0,0.0,M,0,0,-1.0,0.0,-0.0,1.0
2026-05-26T12:52:43.631,233.412,5343,LEFT,0.138963,0.129429,-0.002384,0.8,0.0,0.0,M,0,0,-1.0,0.0,-0.0,1.0
2026-05-26T12:52:43.679,233.46,5344,LEFT,0.154612,0.134465,-0.005037,0.8,0.0,0.0,M,0,0,-1.0,0.0,-0.0,1.0
2026-05-26T12:52:43.770,233.551,5345,LEFT,0.091857,0.125944,0.008522,0.8,0.0,0.0,M,0,0,-1.0,0.0,-0.0,1.0
2026-05-26T12:52:43.801,233.582,5346,LEFT,0.049935,0.110742,0.015202,0.8,0.0,0.0,M,0,0,-1.0,0.0,-0.0,1.0
2026-05-26T12:52:43.846,233.627,5347,LEFT,0.219233,0.13244,-0.021698,0.8,0.0,0.0,M,0,0,-1.0,0.0,-0.0,1.0
2026-05-26T12:52:43.887,233.668,5348,LEFT,0.251051,0.156162,-0.023722,0.8,0.0,0.0,H,0,0,-1.0,0.0,-0.0,1.0
2026-05-26T12:52:43.916,233.697,5349,LEFT,0.193366,0.163603,-0.007441,0.8,0.0,0.0,H,0,0,-1.0,0.0,-0.0,1.0
2026-05-26T12:52:43.939,233.72,5350,LEFT,0.049349,0.140752,0.022851,0.8,0.0,0.0,M,0,0,-1.0,0.0,-0.0,1.0
2026-05-26T12:52:43.966,233.747,5351,LEFT,0.222032,0.157008,-0.016256,0.8,0.0,0.0,H,0,0,-1.0,0.0,-0.0,1.0
2026-05-26T12:52:44.049,233.83,5352,LEFT,0.255019,0.17661,-0.019602,0.8,0.0,0.0,H,0,0,-1.0,0.0,-0.0,1.0
2026-05-26T12:52:44.109,233.89,5353,LEFT,0.175495,0.176387,0.000223,0.8,0.0,0.0,H,0,0,-1.0,0.0,-0.0,1.0
2026-05-26T12:52:44.144,233.925,5354,LEFT,0.088359,0.158782,0.017606,0.8,0.0,0.0,H,0,0,-1.0,0.0,-0.0,1.0
2026-05-26T12:52:44.185,233.966,5355,LEFT,0.140261,0.155078,0.003704,0.8,0.0,0.0,H,0,0,-1.0,0.0,-0.0,1.0
2026-05-26T12:52:44.222,234.004,5356,LEFT,0.234791,0.17102,-0.015943,0.8,0.0,0.0,H,0,0,-1.0,0.0,-0.0,1.0
2026-05-26T12:52:44.288,234.069,5357,LEFT,0.182506,0.173317,-0.002297,0.8,0.0,0.0,H,0,0,-1.0,0.0,-0.0,1.0
2026-05-26T12:52:44.344,234.125,5358,LEFT,0.053785,0.149411,0.023906,0.8,0.0,0.0,M,0,0,-1.0,0.0,-0.0,1.0
2026-05-26T12:52:44.390,234.171,5359,LEFT,0.146871,0.148903,0.000508,0.8,0.0,0.0,M,0,0,-1.0,0.0,-0.0,1.0
2026-05-26T12:52:44.446,234.227,5360,LEFT,0.216757,0.162474,-0.013571,0.8,0.0,0.0,H,0,0,-1.0,0.0,-0.0,1.0
2026-05-26T12:52:44.479,234.26,5361,STOP,0.17456,0.164891,-0.002417,0.8,0.0,0.0,H,0,0,-0.0,0.0,-0.0,0.0
2026-05-26T12:52:44.539,234.32,5362,STOP,0.100206,0.151954,0.012937,0.8,0.0,0.0,H,0,0,-0.0,0.0,-0.0,0.0
2026-05-26T12:52:44.575,234.357,5363,STOP,0.193589,0.160281,-0.008327,0.8,0.0,0.0,H,0,0,-0.0,0.0,-0.0,0.0
2026-05-26T12:52:44.615,234.396,5364,STOP,0.222315,0.172688,-0.012407,0.8,0.0,0.0,H,0,0,-0.0,0.0,-0.0,0.0
2026-05-26T12:52:44.645,234.426,5365,STOP,0.156836,0.169517,0.00317,0.8,0.0,0.0,H,0,0,-0.0,0.0,-0.0,0.0
2026-05-26T12:52:44.681,234.462,5366,STOP,0.125539,0.160722,0.008796,0.8,0.0,0.0,H,0,0,-0.0,0.0,-0.0,0.0
2026-05-26T12:52:44.735,234.516,5367,STOP,0.233609,0.175299,-0.014577,0.8,0.0,0.0,H,0,0,-0.0,0.0,-0.0,0.0
2026-05-26T12:52:44.787,234.568,5368,STOP,0.237709,0.187781,-0.012482,0.8,0.0,0.0,H,0,0,0.099,0.0,-0.0,0.0
2026-05-26T12:52:44.840,234.621,5369,RIGHT,0.206085,0.191442,-0.003661,0.8,0.0,0.0,H,0,0,1.0,0.0,-0.0,1.0
2026-05-26T12:52:44.879,234.66,5370,RIGHT,0.107792,0.174712,0.01673,0.8,0.0,0.0,H,0,0,1.0,0.0,-0.0,1.0
2026-05-26T12:52:44.938,234.719,5371,RIGHT,0.167901,0.17335,0.001362,0.8,0.0,0.0,H,0,0,1.0,0.0,-0.0,1.0
2026-05-26T12:52:44.973,234.755,5372,RIGHT,0.205732,0.179826,-0.006476,0.8,0.0,0.0,H,0,0,1.0,0.0,-0.0,1.0
2026-05-26T12:52:45.006,234.787,5373,RIGHT,0.166646,0.17719,0.002636,0.8,0.0,0.0,H,0,0,1.0,0.0,-0.0,1.0
2026-05-26T12:52:45.042,234.823,5374,RIGHT,0.12884,0.16752,0.00967,0.8,0.0,0.0,H,0,0,1.0,0.0,-0.0,1.0
2026-05-26T12:52:45.087,234.868,5375,RIGHT,0.057156,0.145447,0.022073,0.8,0.0,0.0,M,0,0,1.0,0.0,-0.0,1.0
2026-05-26T12:52:45.139,234.92,5376,RIGHT,0.047244,0.125807,0.019641,0.8,0.0,0.0,M,0,0,1.0,0.0,-0.0,1.0
2026-05-26T12:52:45.171,234.952,5377,RIGHT,0.01948,0.104541,0.021265,0.8,0.0,0.0,M,0,0,1.0,0.0,-0.0,1.0
2026-05-26T12:52:45.203,234.984,5378,RIGHT,0.046165,0.092866,0.011675,0.8,0.0,0.0,M,0,0,1.0,0.0,-0.0,1.0
2026-05-26T12:52:45.226,235.007,5379,RIGHT,0.085177,0.091328,0.001538,0.8,0.0,0.0,M,0,0,1.0,0.0,-0.0,1.0
2026-05-26T12:52:45.277,235.059,5380,RIGHT,0.116547,0.096372,-0.005044,0.8,0.0,0.0,M,0,0,1.0,0.0,-0.0,1.0
2026-05-26T12:52:45.298,235.079,5381,RIGHT,0.104571,0.098012,-0.00164,0.8,0.0,0.0,M,0,0,1.0,0.0,-0.0,1.0
2026-05-26T12:52:45.340,235.121,5382,RIGHT,0.042705,0.08695,0.011061,0.8,0.0,0.0,M,0,0,1.0,0.0,-0.0,1.0
2026-05-26T12:52:45.355,235.137,5383,RIGHT,0.142149,0.09799,-0.01104,0.8,0.0,0.0,M,0,0,1.0,0.0,-0.0,1.0
2026-05-26T12:52:45.397,235.178,5384,RIGHT,0.206055,0.119603,-0.021613,0.8,0.0,0.0,M,0,0,1.0,0.0,-0.0,1.0
2026-05-26T12:52:45.439,235.22,5385,RIGHT,0.248417,0.145366,-0.025763,0.8,0.0,0.0,M,0,0,1.0,0.0,-0.0,1.0
2026-05-26T12:52:45.473,235.254,5386,RIGHT,0.219659,0.160224,-0.014859,0.8,0.0,0.0,H,0,0,1.0,0.0,-0.0,1.0
2026-05-26T12:52:45.522,235.304,5387,RIGHT,0.190631,0.166306,-0.006081,0.8,0.0,0.0,H,0,0,1.0,0.0,-0.0,1.0
2026-05-26T12:52:45.569,235.35,5388,RIGHT,0.109545,0.154954,0.011352,0.8,0.0,0.0,H,0,0,1.0,0.0,-0.0,1.0
2026-05-26T12:52:45.593,235.374,5389,RIGHT,0.212774,0.166518,-0.011564,0.8,0.0,0.0,H,0,0,1.0,0.0,-0.0,1.0
2026-05-26T12:52:45.637,235.418,5390,RIGHT,0.250056,0.183225,-0.016708,0.8,0.0,0.0,H,0,0,1.0,0.0,-0.0,1.0
2026-05-26T12:52:45.690,235.471,5391,RIGHT,0.212077,0.188996,-0.00577,0.8,0.0,0.0,H,0,0,1.0,0.0,-0.0,1.0
2026-05-26T12:52:45.722,235.503,5392,RIGHT,0.161748,0.183546,0.00545,0.8,0.0,0.0,H,0,0,1.0,0.0,-0.0,1.0
2026-05-26T12:52:45.746,235.527,5393,RIGHT,0.151971,0.177231,0.006315,0.8,0.0,0.0,H,0,0,1.0,0.0,-0.0,1.0
2026-05-26T12:52:45.789,235.57,5394,RIGHT,0.244367,0.190658,-0.013427,0.8,0.0,0.0,H,0,0,1.0,0.0,-0.0,1.0
2026-05-26T12:52:45.817,235.598,5395,RIGHT,0.26132,0.204791,-0.014132,0.8,0.0,0.0,H,0,0,1.0,0.0,-0.0,1.0
2026-05-26T12:52:45.847,235.629,5396,RIGHT,0.168953,0.197623,0.007168,0.8,0.0,0.0,H,0,0,1.0,0.0,-0.0,1.0
2026-05-26T12:52:45.882,235.663,5397,RIGHT,0.042994,0.166697,0.030926,0.8,0.0,0.0,H,0,0,1.0,0.0,-0.0,1.0
2026-05-26T12:52:45.911,235.693,5398,RIGHT,0.156573,0.164673,0.002025,0.8,0.0,0.0,H,0,0,1.0,0.0,-0.0,1.0
2026-05-26T12:52:45.943,235.724,5399,RIGHT,0.261443,0.184027,-0.019354,0.8,0.0,0.0,H,0,0,1.0,0.0,-0.0,1.0
2026-05-26T12:52:46.011,235.793,5400,RIGHT,0.270971,0.201416,-0.017389,0.8,0.0,0.0,H,0,0,1.0,0.0,-0.0,1.0
2026-05-26T12:52:46.067,235.848,5401,RIGHT,0.124072,0.185947,0.015469,0.8,0.0,0.0,H,0,0,1.0,0.0,-0.0,1.0
2026-05-26T12:52:46.116,235.897,5402,RIGHT,0.077239,0.164205,0.021742,0.8,0.0,0.0,H,0,0,1.0,0.0,-0.0,1.0
2026-05-26T12:52:46.153,235.935,5403,RIGHT,0.182654,0.167895,-0.00369,0.8,0.0,0.0,H,0,0,1.0,0.0,-0.0,1.0
2026-05-26T12:52:46.223,236.004,5404,RIGHT,0.214283,0.177173,-0.009278,0.8,0.0,0.0,H,0,0,1.0,0.0,-0.0,1.0
2026-05-26T12:52:46.270,236.051,5405,RIGHT,0.138507,0.16944,0.007733,0.8,0.0,0.0,H,0,0,0.7808,0.0,-0.0,0.7808
2026-05-26T12:52:46.331,236.112,5406,STOP,0.147326,0.165017,0.004423,0.8,0.0,0.0,H,0,0,0.1338,0.0,-0.0,0.0
2026-05-26T12:52:46.389,236.17,5407,STOP,0.184238,0.168861,-0.003844,0.8,0.0,0.0,H,0,0,-0.0,0.0,-0.0,0.0
2026-05-26T12:52:46.417,236.198,5408,STOP,0.189679,0.173025,-0.004164,0.8,0.0,0.0,H,0,0,-0.0,0.0,-0.0,0.0
2026-05-26T12:52:46.465,236.247,5409,STOP,0.070835,0.152587,0.020438,0.8,0.0,0.0,H,0,0,-0.0,0.0,-0.0,0.0
2026-05-26T12:52:46.495,236.276,5410,STOP,0.191035,0.160276,-0.00769,0.8,0.0,0.0,H,0,0,-0.0,0.0,-0.0,0.0
2026-05-26T12:52:46.534,236.316,5411,STOP,0.271258,0.182473,-0.022196,0.8,0.0,0.0,H,0,0,-0.0,0.0,-0.0,0.0
2026-05-26T12:52:46.552,236.333,5412,STOP,0.194909,0.18496,-0.002487,0.8,0.0,0.0,H,0,0,-0.0,0.0,-0.0,0.0
2026-05-26T12:52:46.596,236.377,5413,STOP,0.125952,0.173158,0.011802,0.8,0.0,0.0,H,0,0,-0.0,0.0,-0.0,0.0
2026-05-26T12:52:46.631,236.412,5414,STOP,0.108557,0.160238,0.01292,0.8,0.0,0.0,H,0,0,-0.0,0.0,-0.0,0.0
2026-05-26T12:52:46.661,236.442,5415,STOP,0.215767,0.171344,-0.011106,0.8,0.0,0.0,H,0,0,-0.0,0.0,-0.0,0.0
2026-05-26T12:52:46.693,236.475,5416,STOP,0.250005,0.187076,-0.015732,0.8,0.0,0.0,H,0,0,-0.0,0.0,-0.0,0.0
2026-05-26T12:52:46.719,236.5,5417,STOP,0.179402,0.185541,0.001535,0.8,0.0,0.0,H,0,0,-0.0,0.0,-0.0,0.0
2026-05-26T12:52:46.759,236.54,5418,STOP,0.147429,0.177919,0.007622,0.8,0.0,0.0,H,0,0,-0.0,0.0,-0.0,0.0
2026-05-26T12:52:46.779,236.56,5419,STOP,0.082684,0.158872,0.019047,0.8,0.0,0.0,H,0,0,-0.0,0.0,-0.0,0.0
2026-05-26T12:52:46.811,236.593,5420,STOP,0.034452,0.133988,0.024884,0.8,0.0,0.0,M,0,0,-0.0,0.0,-0.0,0.0
2026-05-26T12:52:46.843,236.624,5421,STOP,0.090534,0.125297,0.008691,0.8,0.0,0.0,M,0,0,-0.0,0.0,-0.0,0.0
2026-05-26T12:52:46.881,236.662,5422,STOP,0.100545,0.120347,0.00495,0.8,0.0,0.0,M,0,0,-0.0,0.0,-0.0,0.0
2026-05-26T12:52:46.916,236.698,5423,STOP,0.079781,0.112233,0.008113,0.8,0.0,0.0,M,0,0,-0.0,0.0,-0.0,0.0
2026-05-26T12:52:46.959,236.741,5424,STOP,0.034662,0.096719,0.015514,0.8,0.0,0.0,M,0,0,-0.0,0.0,-0.0,0.0
2026-05-26T12:52:46.994,236.775,5425,STOP,0.0298,0.083335,0.013384,0.8,0.0,0.0,M,0,0,-0.0,0.0,-0.0,0.0
2026-05-26T12:52:47.019,236.801,5426,STOP,0.058381,0.078344,0.004991,0.8,0.0,0.0,M,0,0,-0.0,0.0,-0.0,0.0
2026-05-26T12:52:47.061,236.842,5427,STOP,0.061864,0.075048,0.003296,0.8,0.0,0.0,M,0,0,-0.0,0.0,-0.0,0.0
2026-05-26T12:52:47.081,236.862,5428,STOP,0.046431,0.069325,0.005724,0.8,0.0,0.0,M,0,0,-0.0,0.0,-0.0,0.0
2026-05-26T12:52:47.137,236.919,5429,STOP,0.023374,0.060135,0.00919,0.8,0.0,0.0,M,0,0,-0.0,0.0,-0.0,0.0
2026-05-26T12:52:47.187,236.968,5430,STOP,0.025304,0.053168,0.006966,0.8,0.0,0.0,M,0,0,-0.0,0.0,-0.0,0.0
2026-05-26T12:52:47.222,237.003,5431,STOP,0.033532,0.049241,0.003927,0.8,0.0,0.0,L,0,0,-0.0,0.0,-0.0,0.0
2026-05-26T12:52:47.288,237.069,5432,STOP,0.029828,0.045359,0.003883,0.8,0.0,0.0,L,0,0,-0.0,0.0,-0.0,0.0
2026-05-26T12:52:47.329,237.11,5433,STOP,0.01416,0.039119,0.00624,0.8,0.0,0.0,L,0,0,-0.0,0.0,-0.0,0.0
2026-05-26T12:52:47.373,237.155,5434,STOP,0.009081,0.033111,0.006007,0.8,0.0,0.0,L,0,0,-0.0,0.0,-0.0,0.0
2026-05-26T12:52:47.422,237.203,5435,BACK,0.017623,0.030014,0.003098,0.8,0.0,0.0,L,0,0,-0.0,-0.4137,-0.0,0.4137
2026-05-26T12:52:47.450,237.231,5436,BACK,0.022442,0.028499,0.001514,0.8,0.0,0.0,L,0,0,-0.0,-0.4137,-0.0,0.4137
2026-05-26T12:52:47.533,237.314,5437,BACK,0.014968,0.025793,0.002706,0.8,0.0,0.0,L,0,0,-0.0,-0.8415,-0.0,0.8415
2026-05-26T12:52:47.575,237.356,5438,BACK,0.016276,0.02389,0.001903,0.8,0.0,0.0,L,0,0,-0.0,-0.8544,-0.0,0.8544
2026-05-26T12:52:47.615,237.396,5439,BACK,0.034287,0.025969,-0.002079,0.8,0.0,0.0,L,0,0,-0.0,-0.8544,-0.0,0.8544
2026-05-26T12:52:47.655,237.436,5440,BACK,0.039025,0.02858,-0.002611,0.8,0.0,0.0,L,0,0,-0.0,-0.8544,-0.0,0.8544
2026-05-26T12:52:47.687,237.468,5441,BACK,0.042265,0.031317,-0.002737,0.8,0.0,0.0,L,0,0,-0.0,-0.8544,-0.0,0.8544
2026-05-26T12:52:47.723,237.505,5442,BACK,0.029712,0.030996,0.000321,0.8,0.0,0.0,L,0,0,-0.0,-0.855,-0.0,0.855
2026-05-26T12:52:47.775,237.556,5443,BACK,0.014222,0.027641,0.003355,0.8,0.0,0.0,L,0,0,-0.0,-0.855,-0.0,0.855
2026-05-26T12:52:47.819,237.6,5444,BACK,0.041044,0.030322,-0.00268,0.8,0.0,0.0,L,0,0,-0.0,-0.8539,-0.0,0.8539
2026-05-26T12:52:47.855,237.636,5445,BACK,0.051518,0.034561,-0.004239,0.8,0.0,0.0,L,0,0,-0.0,-0.8539,-0.0,0.8539
2026-05-26T12:52:47.886,237.667,5446,BACK,0.057096,0.039068,-0.004507,0.8,0.0,0.0,L,0,0,-0.0,-0.8503,-0.0,0.8503
2026-05-26T12:52:47.925,237.706,5447,BACK,0.051324,0.041519,-0.002451,0.8,0.0,0.0,L,0,0,-0.0,-0.69,-0.0,0.69
2026-05-26T12:52:47.957,237.738,5448,STOP,0.034194,0.040054,0.001465,0.8,0.0,0.0,L,0,0,-0.0,-0.2811,-0.0,0.0
2026-05-26T12:52:47.996,237.777,5449,STOP,0.027568,0.037557,0.002497,0.8,0.0,0.0,L,0,0,-0.0,0.0,-0.0,0.0
2026-05-26T12:52:48.043,237.824,5450,STOP,0.032456,0.036537,0.00102,0.8,0.0,0.0,L,0,0,-0.0,0.0,-0.0,0.0
2026-05-26T12:52:48.099,237.88,5451,STOP,0.024244,0.034078,0.002459,0.8,0.0,0.0,L,0,0,-0.0,0.0,-0.0,0.0
2026-05-26T12:52:48.128,237.909,5452,STOP,0.021347,0.031532,0.002546,0.8,0.0,0.0,L,0,0,-0.0,0.0,-0.0,0.0
2026-05-26T12:52:48.184,237.965,5453,STOP,0.043243,0.033874,-0.002342,0.8,0.0,0.0,L,0,0,-0.0,0.0,-0.0,0.0
2026-05-26T12:52:48.215,237.996,5454,STOP,0.054878,0.038075,-0.004201,0.8,0.0,0.0,L,0,0,-0.0,0.0,-0.0,0.0
2026-05-26T12:52:48.247,238.028,5455,STOP,0.054865,0.041433,-0.003358,0.8,0.0,0.0,L,0,0,-0.0,0.0,-0.0,0.0
2026-05-26T12:52:48.287,238.069,5456,STOP,0.043257,0.041798,-0.000365,0.8,0.0,0.0,L,0,0,-0.0,0.1564,-0.0,0.0
2026-05-26T12:52:48.331,238.112,5457,FORWARD,0.021657,0.03777,0.004028,0.8,0.0,0.0,L,0,0,-0.0,0.8109,-0.0,0.8109
2026-05-26T12:52:48.392,238.173,5458,FORWARD,0.047129,0.039641,-0.001872,0.8,0.0,0.0,L,0,0,-0.0,0.8962,-0.0,0.8962
2026-05-26T12:52:48.423,238.204,5459,FORWARD,0.062015,0.044116,-0.004475,0.8,0.0,0.0,L,0,0,-0.0,0.9302,-0.0,0.9302
2026-05-26T12:52:48.472,238.253,5460,FORWARD,0.067323,0.048757,-0.004641,0.8,0.0,0.0,L,0,0,-0.0,0.9246,-0.0,0.9246
2026-05-26T12:52:48.505,238.286,5461,FORWARD,0.062141,0.051434,-0.002677,0.8,0.0,0.0,M,0,0,-0.0,0.9295,-0.0,0.9295
2026-05-26T12:52:48.525,238.307,5462,FORWARD,0.046368,0.050421,0.001013,0.8,0.0,0.0,M,0,0,-0.0,0.9295,-0.0,0.9295
2026-05-26T12:52:48.574,238.355,5463,FORWARD,0.040508,0.048438,0.001983,0.8,0.0,0.0,L,0,0,-0.0,0.932,-0.0,0.932
2026-05-26T12:52:48.607,238.388,5464,FORWARD,0.0636,0.051471,-0.003032,0.8,0.0,0.0,M,0,0,-0.0,0.9295,-0.0,0.9295
2026-05-26T12:52:48.643,238.424,5465,FORWARD,0.074511,0.056079,-0.004608,0.8,0.0,0.0,M,0,0,-0.0,0.615,-0.0,0.615
2026-05-26T12:52:48.689,238.471,5466,STOP,0.061543,0.057172,-0.001093,0.8,0.0,0.0,M,0,0,-0.0,0.1533,-0.0,0.0
2026-05-26T12:52:48.739,238.52,5467,STOP,0.033257,0.052389,0.004783,0.8,0.0,0.0,M,0,0,-0.0,0.0,-0.0,0.0
2026-05-26T12:52:48.779,238.561,5468,STOP,0.0776,0.057431,-0.005042,0.8,0.0,0.0,M,0,0,-0.0,-0.1697,-0.0,0.0
2026-05-26T12:52:48.810,238.591,5469,BACK,0.105603,0.067065,-0.009634,0.8,0.0,0.0,M,0,0,-0.0,-0.6576,-0.0,0.6576
2026-05-26T12:52:48.847,238.628,5470,BACK,0.118091,0.077271,-0.010205,0.8,0.0,0.0,M,0,0,-0.0,-0.8757,-0.0,0.8757
2026-05-26T12:52:48.898,238.68,5471,BACK,0.100924,0.082001,-0.004731,0.8,0.0,0.0,M,0,0,-0.0,-0.9069,-0.0,0.9069
2026-05-26T12:52:48.937,238.718,5472,BACK,0.072476,0.080096,0.001905,0.8,0.0,0.0,M,0,0,-0.0,-0.9269,-0.0,0.9269
2026-05-26T12:52:48.974,238.755,5473,BACK,0.03948,0.071973,0.008123,0.8,0.0,0.0,M,0,0,-0.0,-0.9275,-0.0,0.9275
2026-05-26T12:52:49.007,238.789,5474,BACK,0.050608,0.0677,0.004273,0.8,0.0,0.0,M,0,0,-0.0,-0.9275,-0.0,0.9275
2026-05-26T12:52:49.046,238.827,5475,BACK,0.048334,0.063827,0.003873,0.8,0.0,0.0,M,0,0,-0.0,-0.9275,-0.0,0.9275
2026-05-26T12:52:49.086,238.867,5476,BACK,0.046423,0.060346,0.003481,0.8,0.0,0.0,M,0,0,-0.0,-0.9281,-0.0,0.9281
2026-05-26T12:52:49.141,238.922,5477,BACK,0.046064,0.05749,0.002856,0.8,0.0,0.0,M,0,0,-0.0,-0.9275,-0.0,0.9275
2026-05-26T12:52:49.207,238.988,5478,BACK,0.052031,0.056398,0.001092,0.8,0.0,0.0,M,0,0,-0.0,-0.9275,-0.0,0.9275
2026-05-26T12:52:49.247,239.028,5479,BACK,0.071977,0.059514,-0.003116,0.8,0.0,0.0,M,0,0,-0.0,-0.9275,-0.0,0.9275
2026-05-26T12:52:49.273,239.054,5480,BACK,0.091325,0.065876,-0.006362,0.8,0.0,0.0,M,0,0,-0.0,-0.9275,-0.0,0.9275
2026-05-26T12:52:49.305,239.086,5481,BACK,0.092366,0.071174,-0.005298,0.8,0.0,0.0,M,0,0,-0.0,-0.9275,-0.0,0.9275
2026-05-26T12:52:49.337,239.118,5482,BACK,0.085308,0.074001,-0.002827,0.8,0.0,0.0,M,0,0,-0.0,-0.9275,-0.0,0.9275
2026-05-26T12:52:49.356,239.138,5483,BACK,0.052641,0.069729,0.004272,0.8,0.0,0.0,M,0,0,-0.0,-0.9281,-0.0,0.9281
2026-05-26T12:52:49.380,239.162,5484,BACK,0.040656,0.063914,0.005815,0.8,0.0,0.0,M,0,0,-0.0,-0.9281,-0.0,0.9281
2026-05-26T12:52:49.440,239.222,5485,BACK,0.031729,0.057477,0.006437,0.8,0.0,0.0,M,0,0,-0.0,-0.9281,-0.0,0.9281
2026-05-26T12:52:49.475,239.256,5486,BACK,0.036466,0.053275,0.004202,0.8,0.0,0.0,M,0,0,-0.0,-0.924,-0.0,0.924
2026-05-26T12:52:49.513,239.294,5487,BACK,0.04375,0.05137,0.001905,0.8,0.0,0.0,M,0,0,-0.0,-0.8156,-0.0,0.8156
2026-05-26T12:52:49.547,239.329,5488,BACK,0.043338,0.049763,0.001606,0.8,0.0,0.0,L,0,0,-0.0,-0.8156,-0.0,0.8156
2026-05-26T12:52:49.589,239.371,5489,STOP,0.040142,0.047839,0.001924,0.8,0.0,0.0,L,0,0,-0.0,0.0,-0.0,0.0
2026-05-26T12:52:49.641,239.422,5490,STOP,0.036304,0.045532,0.002307,0.8,0.0,0.0,L,0,0,-0.0,0.0,-0.0,0.0
2026-05-26T12:52:49.682,239.463,5491,STOP,0.023148,0.041055,0.004477,0.8,0.0,0.0,L,0,0,-0.0,0.0,-0.0,0.0
2026-05-26T12:52:49.727,239.508,5492,STOP,0.023887,0.037622,0.003434,0.8,0.0,0.0,L,0,0,-0.0,0.0,-0.0,0.0
2026-05-26T12:52:49.765,239.546,5493,STOP,0.022707,0.034639,0.002983,0.8,0.0,0.0,L,0,0,-0.0,0.0,-0.0,0.0
2026-05-26T12:52:49.789,239.57,5494,STOP,0.028726,0.033456,0.001182,0.8,0.0,0.0,L,0,0,-0.0,0.0,-0.0,0.0
2026-05-26T12:52:49.823,239.604,5495,FORWARD,0.035251,0.033815,-0.000359,0.8,0.0,0.0,L,0,0,-0.0,0.7905,-0.0,0.7905
2026-05-26T12:52:49.862,239.643,5496,FORWARD,0.04614,0.03628,-0.002465,0.8,0.0,0.0,L,0,0,-0.0,0.7905,-0.0,0.7905
2026-05-26T12:52:49.913,239.694,5497,FORWARD,0.047306,0.038485,-0.002205,0.8,0.0,0.0,L,0,0,-0.0,1.0,-0.0,1.0
2026-05-26T12:52:49.965,239.746,5498,FORWARD,0.033322,0.037453,0.001033,0.8,0.0,0.0,L,0,0,-0.0,1.0,-0.0,1.0
2026-05-26T12:52:50.001,239.782,5499,FORWARD,0.012388,0.03244,0.005013,0.8,0.0,0.0,L,0,0,-0.0,1.0,-0.0,1.0
2026-05-26T12:52:50.040,239.822,5500,FORWARD,0.044273,0.034806,-0.002367,0.8,0.0,0.0,L,0,0,-0.0,1.0,-0.0,1.0
2026-05-26T12:52:50.073,239.854,5501,FORWARD,0.056338,0.039113,-0.004306,0.8,0.0,0.0,L,0,0,-0.0,1.0,-0.0,1.0
2026-05-26T12:52:50.109,239.89,5502,FORWARD,0.056868,0.042664,-0.003551,0.8,0.0,0.0,L,0,0,-0.0,1.0,-0.0,1.0
2026-05-26T12:52:50.139,239.92,5503,FORWARD,0.046669,0.043465,-0.000801,0.8,0.0,0.0,L,0,0,-0.0,1.0,-0.0,1.0
2026-05-26T12:52:50.186,239.968,5504,FORWARD,0.035742,0.04192,0.001545,0.8,0.0,0.0,L,0,0,-0.0,1.0,-0.0,1.0
2026-05-26T12:52:50.215,239.996,5505,FORWARD,0.032367,0.04001,0.001911,0.8,0.0,0.0,L,0,0,-0.0,1.0,-0.0,1.0
2026-05-26T12:52:50.253,240.034,5506,FORWARD,0.025964,0.037201,0.002809,0.8,0.0,0.0,L,0,0,-0.0,1.0,-0.0,1.0
2026-05-26T12:52:50.321,240.102,5507,FORWARD,0.040048,0.03777,-0.000569,0.8,0.0,0.0,L,0,0,-0.0,0.8578,-0.0,0.8578
2026-05-26T12:52:50.373,240.154,5508,STOP,0.070025,0.044221,-0.006451,0.8,0.0,0.0,L,0,0,-0.0,0.0,-0.0,0.0
2026-05-26T12:52:50.417,240.198,5509,STOP,0.069111,0.049199,-0.004978,0.8,0.0,0.0,L,0,0,-0.0,0.0,-0.0,0.0
2026-05-26T12:52:50.453,240.234,5510,STOP,0.055991,0.050557,-0.001358,0.8,0.0,0.0,M,0,0,-0.0,0.0,-0.0,0.0
2026-05-26T12:52:50.485,240.266,5511,STOP,0.043479,0.049142,0.001416,0.8,0.0,0.0,L,0,0,-0.0,0.0,-0.0,0.0
2026-05-26T12:52:50.544,240.325,5512,STOP,0.037398,0.046793,0.002349,0.8,0.0,0.0,L,0,0,-0.0,-0.0289,-0.0,0.0
2026-05-26T12:52:50.591,240.373,5513,BACK,0.036592,0.044753,0.00204,0.8,0.0,0.0,L,0,0,-0.0,-0.3948,-0.0,0.3948
2026-05-26T12:52:50.655,240.436,5514,BACK,0.039509,0.043704,0.001049,0.8,0.0,0.0,L,0,0,-0.0,-0.8692,-0.0,0.8692
2026-05-26T12:52:50.696,240.477,5515,BACK,0.034475,0.041858,0.001846,0.8,0.0,0.0,L,0,0,-0.0,-0.8874,-0.0,0.8874
2026-05-26T12:52:50.718,240.499,5516,BACK,0.028396,0.039166,0.002693,0.8,0.0,0.0,L,0,0,-0.0,-0.8963,-0.0,0.8963
2026-05-26T12:52:50.773,240.554,5517,BACK,0.02614,0.036561,0.002605,0.8,0.0,0.0,L,0,0,-0.0,-0.9016,-0.0,0.9016
2026-05-26T12:52:50.815,240.596,5518,BACK,0.023956,0.03404,0.002521,0.8,0.0,0.0,L,0,0,-0.0,-0.9063,-0.0,0.9063
2026-05-26T12:52:50.873,240.654,5519,BACK,0.036867,0.034605,-0.000565,0.8,0.0,0.0,L,0,0,-0.0,-0.9063,-0.0,0.9063
2026-05-26T12:52:50.905,240.686,5520,BACK,0.05008,0.0377,-0.003095,0.8,0.0,0.0,L,0,0,-0.0,-0.9063,-0.0,0.9063
2026-05-26T12:52:50.951,240.732,5521,BACK,0.066506,0.043461,-0.005761,0.8,0.0,0.0,L,0,0,-0.0,-0.9063,-0.0,0.9063
2026-05-26T12:52:50.975,240.756,5522,BACK,0.08163,0.051095,-0.007634,0.8,0.0,0.0,M,0,0,-0.0,-0.9063,-0.0,0.9063
2026-05-26T12:52:51.019,240.8,5523,BACK,0.100511,0.060978,-0.009883,0.8,0.0,0.0,M,0,0,-0.0,-0.9057,-0.0,0.9057
2026-05-26T12:52:51.051,240.832,5524,BACK,0.101416,0.069066,-0.008087,0.8,0.0,0.0,M,0,0,-0.0,-0.8998,-0.0,0.8998
2026-05-26T12:52:51.078,240.859,5525,BACK,0.082853,0.071823,-0.002758,0.8,0.0,0.0,M,0,0,-0.0,-0.8998,-0.0,0.8998
2026-05-26T12:52:51.125,240.906,5526,STOP,0.055759,0.06861,0.003213,0.8,0.0,0.0,M,0,0,-0.0,0.0,-0.0,0.0
2026-05-26T12:52:51.159,240.94,5527,STOP,0.031246,0.061137,0.007473,0.8,0.0,0.0,M,0,0,-0.0,0.0,-0.0,0.0
2026-05-26T12:52:51.209,240.99,5528,STOP,0.06042,0.060994,0.000143,0.8,0.0,0.0,M,0,0,-0.0,0.0,-0.0,0.0
2026-05-26T12:52:51.236,241.017,5529,STOP,0.070656,0.062926,-0.001932,0.8,0.0,0.0,M,0,0,-0.0,0.0,-0.0,0.0
2026-05-26T12:52:51.264,241.045,5530,STOP,0.074091,0.065159,-0.002233,0.8,0.0,0.0,M,0,0,-0.0,0.0,-0.0,0.0
2026-05-26T12:52:51.315,241.096,5531,STOP,0.043573,0.060842,0.004317,0.8,0.0,0.0,M,0,0,-0.0,0.0,-0.0,0.0
2026-05-26T12:52:51.350,241.131,5532,STOP,0.03821,0.056316,0.004526,0.8,0.0,0.0,M,0,0,-0.0,0.0,-0.0,0.0
2026-05-26T12:52:51.408,241.189,5533,STOP,0.060165,0.057085,-0.00077,0.8,0.0,0.0,M,0,0,-0.1391,0.0,-0.0,0.0
2026-05-26T12:52:51.463,241.244,5534,LEFT,0.072769,0.060222,-0.003137,0.8,0.0,0.0,M,0,0,-0.5723,0.0,-0.0,0.5723
2026-05-26T12:52:51.510,241.291,5535,LEFT,0.040456,0.056269,0.003953,0.8,0.0,0.0,M,0,0,-1.0,0.0,-0.0,1.0
2026-05-26T12:52:51.539,241.321,5536,LEFT,0.041406,0.053296,0.002973,0.8,0.0,0.0,M,0,0,-1.0,0.0,-0.0,1.0
2026-05-26T12:52:51.576,241.357,5537,LEFT,0.080132,0.058663,-0.005367,0.8,0.0,0.0,M,0,0,-1.0,0.0,-0.0,1.0
2026-05-26T12:52:51.625,241.407,5538,LEFT,0.111163,0.069163,-0.0105,0.8,0.0,0.0,M,0,0,-1.0,0.0,-0.0,1.0
2026-05-26T12:52:51.663,241.444,5539,LEFT,0.119935,0.079318,-0.010154,0.8,0.0,0.0,M,0,0,-1.0,0.0,-0.0,1.0
2026-05-26T12:52:51.718,241.499,5540,LEFT,0.05968,0.07539,0.003928,0.8,0.0,0.0,M,0,0,-1.0,0.0,-0.0,1.0
2026-05-26T12:52:51.761,241.542,5541,LEFT,0.029151,0.066142,0.009248,0.8,0.0,0.0,M,0,0,-1.0,0.0,-0.0,1.0
2026-05-26T12:52:51.815,241.596,5542,LEFT,0.094016,0.071717,-0.005575,0.8,0.0,0.0,M,0,0,-1.0,0.0,-0.0,1.0
2026-05-26T12:52:51.841,241.622,5543,LEFT,0.107728,0.078919,-0.007202,0.8,0.0,0.0,M,0,0,-1.0,0.0,-0.0,1.0
2026-05-26T12:52:51.873,241.654,5544,LEFT,0.097008,0.082537,-0.003618,0.8,0.0,0.0,M,0,0,-1.0,0.0,-0.0,1.0
2026-05-26T12:52:51.905,241.687,5545,LEFT,0.044963,0.075022,0.007515,0.8,0.0,0.0,M,0,0,-1.0,0.0,-0.0,1.0
2026-05-26T12:52:51.951,241.732,5546,LEFT,0.073824,0.074783,0.00024,0.8,0.0,0.0,M,0,0,-1.0,0.0,-0.0,1.0
2026-05-26T12:52:51.973,241.754,5547,LEFT,0.145503,0.088927,-0.014144,0.8,0.0,0.0,M,0,0,-1.0,0.0,-0.0,1.0
2026-05-26T12:52:52.025,241.806,5548,LEFT,0.15329,0.101799,-0.012873,0.8,0.0,0.0,M,0,0,-1.0,0.0,-0.0,1.0
2026-05-26T12:52:52.061,241.842,5549,LEFT,0.143852,0.11021,-0.008411,0.8,0.0,0.0,M,0,0,-1.0,0.0,-0.0,1.0
2026-05-26T12:52:52.105,241.886,5550,LEFT,0.105453,0.109259,0.000951,0.8,0.0,0.0,M,0,0,-1.0,0.0,-0.0,1.0
2026-05-26T12:52:52.145,241.926,5551,LEFT,0.148126,0.117032,-0.007774,0.8,0.0,0.0,M,0,0,-1.0,0.0,-0.0,1.0
2026-05-26T12:52:52.191,241.972,5552,LEFT,0.217505,0.137127,-0.020095,0.8,0.0,0.0,M,0,0,-1.0,0.0,-0.0,1.0
2026-05-26T12:52:52.208,241.989,5553,LEFT,0.251866,0.160075,-0.022948,0.8,0.0,0.0,H,0,0,-1.0,0.0,-0.0,1.0
2026-05-26T12:52:52.257,242.038,5554,LEFT,0.200617,0.168183,-0.008108,0.8,0.0,0.0,H,0,0,-1.0,0.0,-0.0,1.0
2026-05-26T12:52:52.278,242.059,5555,LEFT,0.192117,0.17297,-0.004787,0.8,0.0,0.0,H,0,0,-1.0,0.0,-0.0,1.0
2026-05-26T12:52:52.313,242.094,5556,LEFT,0.095824,0.157541,0.015429,0.8,0.0,0.0,H,0,0,-1.0,0.0,-0.0,1.0
2026-05-26T12:52:52.353,242.134,5557,LEFT,0.151748,0.156382,0.001159,0.8,0.0,0.0,H,0,0,-1.0,0.0,-0.0,1.0
2026-05-26T12:52:52.367,242.148,5558,LEFT,0.228133,0.170732,-0.01435,0.8,0.0,0.0,H,0,0,-1.0,0.0,-0.0,1.0
2026-05-26T12:52:52.409,242.19,5559,LEFT,0.197203,0.176026,-0.005294,0.8,0.0,0.0,H,0,0,-1.0,0.0,-0.0,1.0
2026-05-26T12:52:52.437,242.218,5560,LEFT,0.194822,0.179786,-0.003759,0.8,0.0,0.0,H,0,0,-1.0,0.0,-0.0,1.0
2026-05-26T12:52:52.488,242.269,5561,LEFT,0.15191,0.17421,0.005575,0.8,0.0,0.0,H,0,0,-1.0,0.0,-0.0,1.0
2026-05-26T12:52:52.530,242.311,5562,LEFT,0.052152,0.149799,0.024412,0.8,0.0,0.0,M,0,0,-1.0,0.0,-0.0,1.0
2026-05-26T12:52:52.571,242.352,5563,LEFT,0.240256,0.16789,-0.018091,0.8,0.0,0.0,H,0,0,-1.0,0.0,-0.0,1.0
2026-05-26T12:52:52.609,242.39,5564,LEFT,0.262542,0.186821,-0.01893,0.8,0.0,0.0,H,0,0,-1.0,0.0,-0.0,1.0
2026-05-26T12:52:52.646,242.427,5565,STOP,0.183618,0.18618,0.000641,0.8,0.0,0.0,H,0,0,-0.0,0.0,-0.0,0.0
2026-05-26T12:52:52.683,242.464,5566,STOP,0.150457,0.179035,0.007145,0.8,0.0,0.0,H,0,0,-0.0,0.0,-0.0,0.0
2026-05-26T12:52:52.727,242.508,5567,STOP,0.052274,0.153683,0.025352,0.8,0.0,0.0,H,0,0,-0.0,0.0,-0.0,0.0
2026-05-26T12:52:52.762,242.543,5568,STOP,0.233987,0.169744,-0.016061,0.8,0.0,0.0,H,0,0,-0.0,0.0,-0.0,0.0
2026-05-26T12:52:52.813,242.595,5569,STOP,0.266815,0.189158,-0.019414,0.8,0.0,0.0,H,0,0,-0.0,0.0,-0.0,0.0
2026-05-26T12:52:52.859,242.641,5570,STOP,0.179142,0.187155,0.002003,0.8,0.0,0.0,H,0,0,-0.0,0.0,-0.0,0.0
2026-05-26T12:52:52.919,242.701,5571,RIGHT,0.066413,0.163006,0.024148,0.8,0.0,0.0,H,0,0,0.5109,0.0,-0.0,0.5109
2026-05-26T12:52:52.955,242.736,5572,RIGHT,0.09494,0.149393,0.013613,0.8,0.0,0.0,M,0,0,1.0,0.0,-0.0,1.0
2026-05-26T12:52:52.998,242.779,5573,RIGHT,0.179751,0.155465,-0.006072,0.8,0.0,0.0,H,0,0,1.0,0.0,-0.0,1.0
2026-05-26T12:52:53.076,242.857,5574,RIGHT,0.155369,0.155446,1.9e-05,0.8,0.0,0.0,H,0,0,1.0,0.0,-0.0,1.0
2026-05-26T12:52:53.139,242.92,5575,RIGHT,0.055099,0.135376,0.020069,0.8,0.0,0.0,M,0,0,1.0,0.0,-0.0,1.0
2026-05-26T12:52:53.177,242.959,5576,RIGHT,0.100364,0.128374,0.007002,0.8,0.0,0.0,M,0,0,1.0,0.0,-0.0,1.0
2026-05-26T12:52:53.214,242.995,5577,RIGHT,0.140288,0.130757,-0.002383,0.8,0.0,0.0,M,0,0,1.0,0.0,-0.0,1.0
2026-05-26T12:52:53.265,243.046,5578,RIGHT,0.143606,0.133326,-0.00257,0.8,0.0,0.0,M,0,0,1.0,0.0,-0.0,1.0
2026-05-26T12:52:53.304,243.085,5579,RIGHT,0.078324,0.122326,0.011,0.8,0.0,0.0,M,0,0,1.0,0.0,-0.0,1.0
2026-05-26T12:52:53.357,243.138,5580,RIGHT,0.054483,0.108757,0.013569,0.8,0.0,0.0,M,0,0,1.0,0.0,-0.0,1.0
2026-05-26T12:52:53.394,243.175,5581,RIGHT,0.069831,0.100972,0.007785,0.8,0.0,0.0,M,0,0,1.0,0.0,-0.0,1.0
2026-05-26T12:52:53.442,243.223,5582,RIGHT,0.091129,0.099004,0.001969,0.8,0.0,0.0,M,0,0,1.0,0.0,-0.0,1.0
2026-05-26T12:52:53.480,243.262,5583,RIGHT,0.056219,0.090447,0.008557,0.8,0.0,0.0,M,0,0,1.0,0.0,-0.0,1.0
2026-05-26T12:52:53.516,243.297,5584,RIGHT,0.049325,0.082222,0.008224,0.8,0.0,0.0,M,0,0,1.0,0.0,-0.0,1.0
2026-05-26T12:52:53.557,243.338,5585,RIGHT,0.103888,0.086556,-0.004333,0.8,0.0,0.0,M,0,0,1.0,0.0,-0.0,1.0
2026-05-26T12:52:53.584,243.365,5586,RIGHT,0.164683,0.102181,-0.015625,0.8,0.0,0.0,M,0,0,1.0,0.0,-0.0,1.0
2026-05-26T12:52:53.623,243.404,5587,RIGHT,0.195464,0.120838,-0.018657,0.8,0.0,0.0,M,0,0,1.0,0.0,-0.0,1.0
2026-05-26T12:52:53.683,243.464,5588,RIGHT,0.074662,0.111603,0.009235,0.8,0.0,0.0,M,0,0,1.0,0.0,-0.0,1.0
2026-05-26T12:52:53.710,243.491,5589,RIGHT,0.056475,0.100577,0.011026,0.8,0.0,0.0,M,0,0,1.0,0.0,-0.0,1.0
2026-05-26T12:52:53.772,243.553,5590,RIGHT,0.163543,0.11317,-0.012593,0.8,0.0,0.0,M,0,0,1.0,0.0,-0.0,1.0
2026-05-26T12:52:53.829,243.61,5591,RIGHT,0.190322,0.128601,-0.01543,0.8,0.0,0.0,M,0,0,1.0,0.0,-0.0,1.0
2026-05-26T12:52:53.862,243.643,5592,RIGHT,0.135149,0.12991,-0.00131,0.8,0.0,0.0,M,0,0,1.0,0.0,-0.0,1.0
2026-05-26T12:52:53.913,243.694,5593,RIGHT,0.115368,0.127002,0.002908,0.8,0.0,0.0,M,0,0,1.0,0.0,-0.0,1.0
2026-05-26T12:52:53.939,243.72,5594,RIGHT,0.189701,0.139542,-0.01254,0.8,0.0,0.0,M,0,0,1.0,0.0,-0.0,1.0
2026-05-26T12:52:54.003,243.785,5595,RIGHT,0.221442,0.155922,-0.01638,0.8,0.0,0.0,H,0,0,1.0,0.0,-0.0,1.0
2026-05-26T12:52:54.051,243.832,5596,RIGHT,0.118057,0.148349,0.007573,0.8,0.0,0.0,M,0,0,1.0,0.0,-0.0,1.0
2026-05-26T12:52:54.095,243.876,5597,RIGHT,0.081159,0.134911,0.013438,0.8,0.0,0.0,M,0,0,1.0,0.0,-0.0,1.0
2026-05-26T12:52:54.182,243.963,5598,RIGHT,0.21522,0.150973,-0.016062,0.8,0.0,0.0,H,0,0,0.7213,0.0,-0.0,0.7213
2026-05-26T12:52:54.215,243.996,5599,STOP,0.157248,0.152228,-0.001255,0.8,0.0,0.0,H,0,0,-0.0,0.0,-0.0,0.0
2026-05-26T12:52:54.251,244.033,5600,STOP,0.070941,0.13597,0.016257,0.8,0.0,0.0,M,0,0,-0.0,0.0,-0.0,0.0
2026-05-26T12:52:54.277,244.058,5601,STOP,0.194623,0.147701,-0.011731,0.8,0.0,0.0,M,0,0,-0.0,0.0,-0.0,0.0
2026-05-26T12:52:54.303,244.084,5602,STOP,0.248048,0.16777,-0.020069,0.8,0.0,0.0,H,0,0,-0.0,0.0,-0.0,0.0
2026-05-26T12:52:54.361,244.142,5603,STOP,0.181896,0.170596,-0.002825,0.8,0.0,0.0,H,0,0,-0.0,0.0,-0.0,0.0
2026-05-26T12:52:54.409,244.19,5604,STOP,0.028835,0.142243,0.028352,0.8,0.0,0.0,M,0,0,-0.0,0.0,0.1379,0.0
2026-05-26T12:52:54.440,244.221,5605,STOP,0.192715,0.152338,-0.010094,0.8,0.0,0.0,H,0,0,-0.0,0.0,0.1379,0.0
2026-05-26T12:52:54.481,244.262,5606,ROT_R,0.262702,0.17441,-0.022073,0.8,0.0,0.0,H,0,0,-0.0,0.0,0.4638,0.4638
2026-05-26T12:52:54.531,244.312,5607,ROT_R,0.257908,0.19111,-0.0167,0.8,0.0,0.0,H,0,0,-0.0,0.0,0.5639,0.5639
2026-05-26T12:52:54.567,244.348,5608,ROT_R,0.123158,0.17752,0.01359,0.8,0.0,0.0,H,0,0,-0.0,0.0,0.7278,0.7278
2026-05-26T12:52:54.590,244.371,5609,ROT_R,0.066285,0.155273,0.022247,0.8,0.0,0.0,H,0,0,-0.0,0.0,0.7278,0.7278
2026-05-26T12:52:54.622,244.403,5610,ROT_R,0.104071,0.145032,0.01024,0.8,0.0,0.0,M,0,0,-0.0,0.0,0.8527,0.8527
2026-05-26T12:52:54.681,244.462,5611,ROT_R,0.143287,0.144683,0.000349,0.8,0.0,0.0,M,0,0,-0.0,0.0,0.8892,0.8892
2026-05-26T12:52:54.737,244.518,5612,ROT_R,0.107806,0.137308,0.007375,0.8,0.0,0.0,M,0,0,-0.0,0.0,0.8963,0.8963
2026-05-26T12:52:54.781,244.562,5613,ROT_R,0.05188,0.120222,0.017085,0.8,0.0,0.0,M,0,0,-0.0,0.0,0.8992,0.8992
2026-05-26T12:52:54.825,244.606,5614,ROT_R,0.07011,0.1102,0.010023,0.8,0.0,0.0,M,0,0,-0.0,0.0,0.8992,0.8992
2026-05-26T12:52:54.869,244.651,5615,ROT_R,0.085278,0.105215,0.004984,0.8,0.0,0.0,M,0,0,-0.0,0.0,0.9004,0.9004
2026-05-26T12:52:54.909,244.69,5616,ROT_R,0.09267,0.102706,0.002509,0.8,0.0,0.0,M,0,0,-0.0,0.0,0.901,0.901
2026-05-26T12:52:54.946,244.727,5617,ROT_R,0.096881,0.101541,0.001165,0.8,0.0,0.0,M,0,0,-0.0,0.0,0.9022,0.9022
2026-05-26T12:52:54.989,244.77,5618,ROT_R,0.092906,0.099814,0.001727,0.8,0.0,0.0,M,0,0,-0.0,0.0,0.9022,0.9022
2026-05-26T12:52:55.045,244.826,5619,ROT_R,0.089913,0.097834,0.00198,0.8,0.0,0.0,M,0,0,-0.0,0.0,0.901,0.901
2026-05-26T12:52:55.089,244.87,5620,ROT_R,0.080358,0.094339,0.003495,0.8,0.0,0.0,M,0,0,-0.0,0.0,0.9016,0.9016
2026-05-26T12:52:55.104,244.885,5621,ROT_R,0.061106,0.087692,0.006647,0.8,0.0,0.0,M,0,0,-0.0,0.0,0.9004,0.9004
2026-05-26T12:52:55.147,244.928,5622,ROT_R,0.056296,0.081413,0.006279,0.8,0.0,0.0,M,0,0,-0.0,0.0,0.901,0.901
2026-05-26T12:52:55.195,244.977,5623,ROT_R,0.055107,0.076152,0.005261,0.8,0.0,0.0,M,0,0,-0.0,0.0,0.9016,0.9016
2026-05-26T12:52:55.239,245.02,5624,ROT_R,0.076873,0.076296,-0.000144,0.8,0.0,0.0,M,0,0,-0.0,0.0,0.9016,0.9016
2026-05-26T12:52:55.269,245.051,5625,ROT_R,0.073669,0.075771,0.000525,0.8,0.0,0.0,M,0,0,-0.0,0.0,0.9016,0.9016
2026-05-26T12:52:55.321,245.102,5626,ROT_R,0.063243,0.073265,0.002506,0.8,0.0,0.0,M,0,0,-0.0,0.0,0.9016,0.9016
2026-05-26T12:52:55.349,245.13,5627,ROT_R,0.064043,0.071421,0.001844,0.8,0.0,0.0,M,0,0,-0.0,0.0,0.9022,0.9022
2026-05-26T12:52:55.399,245.18,5628,ROT_R,0.064537,0.070044,0.001377,0.8,0.0,0.0,M,0,0,-0.0,0.0,0.901,0.901
2026-05-26T12:52:55.441,245.222,5629,ROT_R,0.059605,0.067956,0.002088,0.8,0.0,0.0,M,0,0,-0.0,0.0,0.9016,0.9016
2026-05-26T12:52:55.483,245.264,5630,ROT_R,0.075208,0.069407,-0.00145,0.8,0.0,0.0,M,0,0,-0.0,0.0,0.9016,0.9016
2026-05-26T12:52:55.531,245.313,5631,ROT_R,0.079031,0.071332,-0.001925,0.8,0.0,0.0,M,0,0,-0.0,0.0,0.901,0.901
2026-05-26T12:52:55.586,245.367,5632,ROT_R,0.087993,0.074664,-0.003332,0.8,0.0,0.0,M,0,0,-0.0,0.0,0.901,0.901
2026-05-26T12:52:55.637,245.419,5633,ROT_R,0.097922,0.079315,-0.004652,0.8,0.0,0.0,M,0,0,-0.0,0.0,0.901,0.901
2026-05-26T12:52:55.683,245.464,5634,ROT_R,0.114719,0.086396,-0.007081,0.8,0.0,0.0,M,0,0,-0.0,0.0,0.901,0.901
2026-05-26T12:52:55.727,245.508,5635,ROT_R,0.111226,0.091362,-0.004966,0.8,0.0,0.0,M,0,0,-0.0,0.0,0.9016,0.9016
2026-05-26T12:52:55.779,245.56,5636,ROT_R,0.118317,0.096753,-0.005391,0.8,0.0,0.0,M,0,0,-0.0,0.0,0.9016,0.9016
2026-05-26T12:52:55.848,245.629,5637,ROT_R,0.122087,0.10182,-0.005067,0.8,0.0,0.0,M,0,0,-0.0,0.0,0.9016,0.9016
2026-05-26T12:52:55.887,245.668,5638,ROT_R,0.130316,0.107519,-0.005699,0.8,0.0,0.0,M,0,0,-0.0,0.0,0.9016,0.9016
2026-05-26T12:52:55.949,245.73,5639,ROT_R,0.124792,0.110974,-0.003455,0.8,0.0,0.0,M,0,0,-0.0,0.0,0.901,0.901
2026-05-26T12:52:56.009,245.79,5640,ROT_R,0.124886,0.113756,-0.002783,0.8,0.0,0.0,M,0,0,-0.0,0.0,0.9016,0.9016
2026-05-26T12:52:56.063,245.844,5641,ROT_R,0.137111,0.118427,-0.004671,0.8,0.0,0.0,M,0,0,-0.0,0.0,0.9016,0.9016
2026-05-26T12:52:56.097,245.879,5642,ROT_R,0.152461,0.125234,-0.006807,0.8,0.0,0.0,M,0,0,-0.0,0.0,0.9016,0.9016
2026-05-26T12:52:56.123,245.904,5643,ROT_R,0.149654,0.130118,-0.004884,0.8,0.0,0.0,M,0,0,-0.0,0.0,0.9016,0.9016
2026-05-26T12:52:56.171,245.952,5644,ROT_R,0.148817,0.133858,-0.00374,0.8,0.0,0.0,M,0,0,-0.0,0.0,0.9022,0.9022
2026-05-26T12:52:56.205,245.986,5645,ROT_R,0.151703,0.137427,-0.003569,0.8,0.0,0.0,M,0,0,-0.0,0.0,0.901,0.901
2026-05-26T12:52:56.243,246.024,5646,ROT_R,0.138198,0.137581,-0.000154,0.8,0.0,0.0,M,0,0,-0.0,0.0,0.9016,0.9016
2026-05-26T12:52:56.291,246.073,5647,ROT_R,0.144347,0.138934,-0.001353,0.8,0.0,0.0,M,0,0,-0.0,0.0,0.9022,0.9022
2026-05-26T12:52:56.342,246.123,5648,ROT_R,0.168733,0.144894,-0.00596,0.8,0.0,0.0,M,0,0,-0.0,0.0,0.9016,0.9016
2026-05-26T12:52:56.385,246.166,5649,ROT_R,0.169644,0.149844,-0.00495,0.8,0.0,0.0,M,0,0,-0.0,0.0,0.9016,0.9016
2026-05-26T12:52:56.429,246.21,5650,ROT_R,0.17595,0.155065,-0.005221,0.8,0.0,0.0,H,0,0,-0.0,0.0,0.9016,0.9016
2026-05-26T12:52:56.474,246.255,5651,ROT_R,0.181869,0.160426,-0.005361,0.8,0.0,0.0,H,0,0,-0.0,0.0,0.9016,0.9016
2026-05-26T12:52:56.510,246.291,5652,ROT_R,0.189557,0.166252,-0.005826,0.8,0.0,0.0,H,0,0,-0.0,0.0,0.9034,0.9034
2026-05-26T12:52:56.560,246.341,5653,ROT_R,0.156204,0.164242,0.00201,0.8,0.0,0.0,H,0,0,-0.0,0.0,0.9057,0.9057
2026-05-26T12:52:56.613,246.394,5654,ROT_R,0.164992,0.164392,-0.00015,0.8,0.0,0.0,H,0,0,-0.0,0.0,0.9057,0.9057
2026-05-26T12:52:56.645,246.426,5655,ROT_R,0.143049,0.160124,0.004269,0.8,0.0,0.0,H,0,0,-0.0,0.0,0.9069,0.9069
2026-05-26T12:52:56.681,246.462,5656,ROT_R,0.14254,0.156607,0.003517,0.8,0.0,0.0,H,0,0,-0.0,0.0,0.9069,0.9069
2026-05-26T12:52:56.719,246.5,5657,ROT_R,0.134024,0.15209,0.004517,0.8,0.0,0.0,H,0,0,-0.0,0.0,0.9087,0.9087
2026-05-26T12:52:56.773,246.555,5658,ROT_R,0.135713,0.148815,0.003276,0.8,0.0,0.0,M,0,0,-0.0,0.0,0.9098,0.9098
2026-05-26T12:52:56.815,246.596,5659,ROT_R,0.134595,0.145971,0.002844,0.8,0.0,0.0,M,0,0,-0.0,0.0,0.9116,0.9116
2026-05-26T12:52:56.867,246.648,5660,ROT_R,0.13227,0.143231,0.00274,0.8,0.0,0.0,M,0,0,-0.0,0.0,0.911,0.911
2026-05-26T12:52:56.914,246.695,5661,ROT_R,0.139153,0.142415,0.000815,0.8,0.0,0.0,M,0,0,-0.0,0.0,0.911,0.911
2026-05-26T12:52:56.965,246.746,5662,ROT_R,0.138312,0.141594,0.000821,0.8,0.0,0.0,M,0,0,-0.0,0.0,0.9104,0.9104
2026-05-26T12:52:56.999,246.78,5663,ROT_R,0.135288,0.140333,0.001261,0.8,0.0,0.0,M,0,0,-0.0,0.0,0.9104,0.9104
2026-05-26T12:52:57.055,246.836,5664,ROT_R,0.128689,0.138004,0.002329,0.8,0.0,0.0,M,0,0,-0.0,0.0,0.9116,0.9116
2026-05-26T12:52:57.103,246.884,5665,ROT_R,0.118741,0.134152,0.003853,0.8,0.0,0.0,M,0,0,-0.0,0.0,0.9098,0.9098
2026-05-26T12:52:57.139,246.92,5666,ROT_R,0.104642,0.12825,0.005902,0.8,0.0,0.0,M,0,0,-0.0,0.0,0.9104,0.9104
2026-05-26T12:52:57.197,246.978,5667,ROT_R,0.106124,0.123824,0.004425,0.8,0.0,0.0,M,0,0,-0.0,0.0,0.911,0.911
2026-05-26T12:52:57.251,247.032,5668,ROT_R,0.118783,0.122816,0.001008,0.8,0.0,0.0,M,0,0,-0.0,0.0,0.9116,0.9116
2026-05-26T12:52:57.277,247.058,5669,ROT_R,0.123628,0.122979,-0.000162,0.8,0.0,0.0,M,0,0,-0.0,0.0,0.9116,0.9116
2026-05-26T12:52:57.315,247.096,5670,ROT_R,0.120449,0.122473,0.000506,0.8,0.0,0.0,M,0,0,-0.0,0.0,0.9134,0.9134
2026-05-26T12:52:57.335,247.116,5671,ROT_R,0.12259,0.122496,-2.3e-05,0.8,0.0,0.0,M,0,0,-0.0,0.0,0.9134,0.9134
2026-05-26T12:52:57.397,247.179,5672,ROT_R,0.124786,0.122954,-0.000458,0.8,0.0,0.0,M,0,0,-0.0,0.0,0.9163,0.9163
2026-05-26T12:52:57.441,247.222,5673,ROT_R,0.118455,0.122054,0.0009,0.8,0.0,0.0,M,0,0,-0.0,0.0,0.9169,0.9169
2026-05-26T12:52:57.487,247.268,5674,ROT_R,0.117133,0.12107,0.000984,0.8,0.0,0.0,M,0,0,-0.0,0.0,0.9169,0.9169
2026-05-26T12:52:57.515,247.296,5675,ROT_R,0.112162,0.119288,0.001782,0.8,0.0,0.0,M,0,0,-0.0,0.0,0.9181,0.9181
2026-05-26T12:52:57.563,247.344,5676,ROT_R,0.101903,0.115811,0.003477,0.8,0.0,0.0,M,0,0,-0.0,0.0,0.9163,0.9163
2026-05-26T12:52:57.627,247.408,5677,ROT_R,0.110778,0.114805,0.001007,0.8,0.0,0.0,M,0,0,-0.0,0.0,0.8108,0.8108
2026-05-26T12:52:57.706,247.487,5678,STOP,0.116844,0.115212,-0.000408,0.8,0.0,0.0,M,0,0,-0.0,0.0,-0.0,0.0
2026-05-26T12:52:57.745,247.527,5679,STOP,0.127677,0.117705,-0.002493,0.8,0.0,0.0,M,0,0,-0.0,0.0,-0.0,0.0
2026-05-26T12:52:57.775,247.556,5680,STOP,0.130716,0.120308,-0.002602,0.8,0.0,0.0,M,0,0,-0.0,0.0,-0.0,0.0
2026-05-26T12:52:57.833,247.614,5681,STOP,0.132246,0.122695,-0.002388,0.8,0.0,0.0,M,0,0,-0.0,0.0,-0.0,0.0
2026-05-26T12:52:57.854,247.635,5682,STOP,0.11837,0.12183,0.000865,0.8,0.0,0.0,M,0,0,-0.0,0.0,-0.0,0.0
2026-05-26T12:52:57.892,247.673,5683,STOP,0.098644,0.117193,0.004637,0.8,0.0,0.0,M,0,0,-0.0,0.0,-0.0,0.0
2026-05-26T12:52:57.948,247.73,5684,RIGHT,0.07946,0.109646,0.007547,0.8,0.0,0.0,M,0,0,1.0,0.1255,-0.0,1.0
2026-05-26T12:52:58.005,247.786,5685,RIGHT,0.063316,0.10038,0.009266,0.8,0.0,0.0,M,0,0,1.0,0.3337,-0.0,1.0
2026-05-26T12:52:58.045,247.826,5686,RIGHT,0.065363,0.093377,0.007003,0.8,0.0,0.0,M,0,0,1.0,0.4085,-0.0,1.0
2026-05-26T12:52:58.083,247.864,5687,RIGHT,0.058919,0.086485,0.006892,0.8,0.0,0.0,M,0,0,1.0,0.4197,-0.0,1.0
2026-05-26T12:52:58.140,247.922,5688,RIGHT,0.047703,0.078729,0.007756,0.8,0.0,0.0,M,0,0,1.0,0.4197,-0.0,1.0
2026-05-26T12:52:58.179,247.96,5689,RIGHT,0.034758,0.069935,0.008794,0.8,0.0,0.0,M,0,0,1.0,0.4209,-0.0,1.0
2026-05-26T12:52:58.203,247.984,5690,RIGHT,0.039504,0.063849,0.006086,0.8,0.0,0.0,M,0,0,1.0,0.4209,-0.0,1.0
2026-05-26T12:52:58.255,248.036,5691,RIGHT,0.0462,0.060319,0.00353,0.8,0.0,0.0,M,0,0,1.0,0.4209,-0.0,1.0
2026-05-26T12:52:58.295,248.076,5692,RIGHT,0.049055,0.058066,0.002253,0.8,0.0,0.0,M,0,0,1.0,0.419,-0.0,1.0
2026-05-26T12:52:58.356,248.138,5693,RIGHT,0.126407,0.071734,-0.013668,0.8,0.0,0.0,M,0,0,1.0,0.4129,-0.0,1.0
2026-05-26T12:52:58.415,248.197,5694,RIGHT,0.14305,0.085998,-0.014263,0.8,0.0,0.0,M,0,0,1.0,0.3387,-0.0,1.0
2026-05-26T12:52:58.475,248.257,5695,RIGHT,0.141905,0.097179,-0.011182,0.8,0.0,0.0,M,0,0,1.0,0.2769,-0.0,1.0
2026-05-26T12:52:58.536,248.317,5696,RIGHT,0.177859,0.113315,-0.016136,0.8,0.0,0.0,M,0,0,1.0,0.1749,-0.0,1.0
2026-05-26T12:52:58.585,248.366,5697,RIGHT,0.201117,0.130876,-0.01756,0.8,0.0,0.0,M,0,0,1.0,0.0,-0.0,1.0
2026-05-26T12:52:58.624,248.405,5698,RIGHT,0.198412,0.144383,-0.013507,0.8,0.0,0.0,M,0,0,1.0,0.0,-0.0,1.0
2026-05-26T12:52:58.665,248.446,5699,RIGHT,0.095478,0.134602,0.009781,0.8,0.0,0.0,M,0,0,1.0,0.0,-0.0,1.0
2026-05-26T12:52:58.706,248.487,5700,RIGHT,0.174364,0.142554,-0.007952,0.8,0.0,0.0,M,0,0,0.7725,0.0,-0.0,0.7725
2026-05-26T12:52:58.741,248.522,5701,RIGHT,0.20761,0.155565,-0.013011,0.8,0.0,0.0,H,0,0,0.3406,0.0,-0.0,0.3406
2026-05-26T12:52:58.783,248.564,5702,STOP,0.20545,0.165542,-0.009977,0.8,0.0,0.0,H,0,0,-0.0,0.0,-0.0,0.0
2026-05-26T12:52:58.839,248.62,5703,STOP,0.116272,0.155688,0.009854,0.8,0.0,0.0,H,0,0,-0.0,0.0,-0.0,0.0
2026-05-26T12:52:58.875,248.657,5704,STOP,0.218619,0.168274,-0.012586,0.8,0.0,0.0,H,0,0,-0.0,0.0,-0.0,0.0
2026-05-26T12:52:58.919,248.7,5705,STOP,0.247272,0.184074,-0.0158,0.8,0.0,0.0,H,0,0,-0.0,0.0,-0.0,0.0
2026-05-26T12:52:58.995,248.776,5706,STOP,0.157113,0.178682,0.005392,0.8,0.0,0.0,H,0,0,-0.0,0.0,-0.0,0.0
2026-05-26T12:52:59.060,248.841,5707,STOP,0.068597,0.156665,0.022017,0.8,0.0,0.0,H,0,0,-0.0,0.0,-0.0,0.0
2026-05-26T12:52:59.084,248.865,5708,STOP,0.218867,0.169105,-0.012441,0.8,0.0,0.0,H,0,0,-0.0,0.0,-0.0,0.0
2026-05-26T12:52:59.113,248.894,5709,STOP,0.231744,0.181633,-0.012528,0.8,0.0,0.0,H,0,0,-0.0,0.0,-0.0,0.0
2026-05-26T12:52:59.147,248.929,5710,STOP,0.238165,0.192939,-0.011306,0.8,0.0,0.0,H,0,0,-0.0,0.0,-0.0,0.0
2026-05-26T12:52:59.175,248.956,5711,STOP,0.12982,0.180316,0.012624,0.8,0.0,0.0,H,0,0,-0.0,0.0,-0.0,0.0
2026-05-26T12:52:59.227,249.008,5712,BACK,0.081817,0.160616,0.0197,0.8,0.0,0.0,H,0,0,-0.0,-0.4302,-0.0,0.4302
2026-05-26T12:52:59.259,249.041,5713,BACK,0.122554,0.153003,0.007612,0.8,0.0,0.0,H,0,0,-0.0,-0.8144,-0.0,0.8144
2026-05-26T12:52:59.289,249.07,5714,BACK,0.114258,0.145254,0.007749,0.8,0.0,0.0,M,0,0,-0.0,-0.8692,-0.0,0.8692
2026-05-26T12:52:59.314,249.095,5715,BACK,0.080323,0.132268,0.012986,0.8,0.0,0.0,M,0,0,-0.0,-0.8821,-0.0,0.8821
2026-05-26T12:52:59.349,249.13,5716,BACK,0.064563,0.118727,0.013541,0.8,0.0,0.0,M,0,0,-0.0,-0.8874,-0.0,0.8874
2026-05-26T12:52:59.394,249.175,5717,BACK,0.088068,0.112595,0.006132,0.8,0.0,0.0,M,0,0,-0.0,-0.8886,-0.0,0.8886
2026-05-26T12:52:59.425,249.207,5718,BACK,0.096022,0.109281,0.003315,0.8,0.0,0.0,M,0,0,-0.0,-0.888,-0.0,0.888
2026-05-26T12:52:59.462,249.243,5719,BACK,0.086332,0.104691,0.00459,0.8,0.0,0.0,M,0,0,-0.0,-0.888,-0.0,0.888
2026-05-26T12:52:59.497,249.278,5720,BACK,0.07933,0.099619,0.005072,0.8,0.0,0.0,M,0,0,-0.0,-0.8886,-0.0,0.8886
2026-05-26T12:52:59.516,249.297,5721,BACK,0.067973,0.09329,0.006329,0.8,0.0,0.0,M,0,0,-0.0,-0.8886,-0.0,0.8886
2026-05-26T12:52:59.553,249.334,5722,BACK,0.061125,0.086857,0.006433,0.8,0.0,0.0,M,0,0,-0.0,-0.8821,-0.0,0.8821
2026-05-26T12:52:59.607,249.389,5723,BACK,0.070665,0.083618,0.003238,0.8,0.0,0.0,M,0,0,-0.0,-0.8839,-0.0,0.8839
2026-05-26T12:52:59.637,249.418,5724,BACK,0.084717,0.083838,-0.00022,0.8,0.0,0.0,M,0,0,-0.0,-0.8833,-0.0,0.8833
2026-05-26T12:52:59.679,249.46,5725,BACK,0.097044,0.086479,-0.002641,0.8,0.0,0.0,M,0,0,-0.0,-0.8863,-0.0,0.8863
2026-05-26T12:52:59.707,249.488,5726,BACK,0.101944,0.089572,-0.003093,0.8,0.0,0.0,M,0,0,-0.0,-0.8863,-0.0,0.8863
2026-05-26T12:52:59.759,249.541,5727,BACK,0.098961,0.09145,-0.001878,0.8,0.0,0.0,M,0,0,-0.0,-0.8874,-0.0,0.8874
2026-05-26T12:52:59.781,249.562,5728,BACK,0.069173,0.086994,0.004455,0.8,0.0,0.0,M,0,0,-0.0,-0.8874,-0.0,0.8874
2026-05-26T12:52:59.819,249.6,5729,BACK,0.041921,0.07798,0.009015,0.8,0.0,0.0,M,0,0,-0.0,-0.8863,-0.0,0.8863
2026-05-26T12:52:59.871,249.652,5730,BACK,0.070597,0.076503,0.001477,0.8,0.0,0.0,M,0,0,-0.0,-0.746,-0.0,0.746
2026-05-26T12:52:59.912,249.693,5731,STOP,0.072018,0.075606,0.000897,0.8,0.0,0.0,M,0,0,-0.0,0.0,-0.0,0.0
2026-05-26T12:52:59.968,249.749,5732,STOP,0.067978,0.07408,0.001526,0.8,0.0,0.0,M,0,0,-0.0,0.0,-0.0,0.0
2026-05-26T12:53:00.030,249.811,5733,STOP,0.056288,0.070522,0.003558,0.8,0.0,0.0,M,0,0,-0.0,0.0,-0.0,0.0
2026-05-26T12:53:00.059,249.841,5734,STOP,0.04519,0.065456,0.005066,0.8,0.0,0.0,M,0,0,-0.0,0.0,-0.0,0.0
2026-05-26T12:53:00.111,249.892,5735,STOP,0.070715,0.066507,-0.001052,0.8,0.0,0.0,M,0,0,-0.0,0.0,-0.0,0.0
2026-05-26T12:53:00.163,249.944,5736,LEFT,0.076303,0.068467,-0.001959,0.8,0.0,0.0,M,0,0,-0.686,0.0,-0.0,0.686
2026-05-26T12:53:00.194,249.975,5737,LEFT,0.077323,0.070238,-0.001771,0.8,0.0,0.0,M,0,0,-0.686,0.0,-0.0,0.686
2026-05-26T12:53:00.235,250.016,5738,LEFT,0.061142,0.068419,0.001819,0.8,0.0,0.0,M,0,0,-1.0,0.0,-0.0,1.0
2026-05-26T12:53:00.293,250.075,5739,LEFT,0.036009,0.061937,0.006482,0.8,0.0,0.0,M,0,0,-1.0,0.0,-0.0,1.0
2026-05-26T12:53:00.331,250.112,5740,LEFT,0.049329,0.059415,0.002522,0.8,0.0,0.0,M,0,0,-1.0,0.0,-0.0,1.0
2026-05-26T12:53:00.362,250.144,5741,LEFT,0.07754,0.06304,-0.003625,0.8,0.0,0.0,M,0,0,-1.0,0.0,-0.0,1.0
2026-05-26T12:53:00.383,250.164,5742,LEFT,0.092911,0.069014,-0.005974,0.8,0.0,0.0,M,0,0,-1.0,0.0,-0.0,1.0
2026-05-26T12:53:00.425,250.206,5743,LEFT,0.0902,0.073251,-0.004237,0.8,0.0,0.0,M,0,0,-1.0,0.0,-0.0,1.0
2026-05-26T12:53:00.467,250.248,5744,LEFT,0.07291,0.073183,6.8e-05,0.8,0.0,0.0,M,0,0,-1.0,0.0,-0.0,1.0
2026-05-26T12:53:00.499,250.28,5745,LEFT,0.02825,0.064197,0.008987,0.8,0.0,0.0,M,0,0,-1.0,0.0,-0.0,1.0
2026-05-26T12:53:00.528,250.309,5746,LEFT,0.04964,0.061285,0.002911,0.8,0.0,0.0,M,0,0,-1.0,0.0,-0.0,1.0
2026-05-26T12:53:00.565,250.346,5747,LEFT,0.074809,0.06399,-0.002705,0.8,0.0,0.0,M,0,0,-1.0,0.0,-0.0,1.0
2026-05-26T12:53:00.615,250.396,5748,LEFT,0.090134,0.069219,-0.005229,0.8,0.0,0.0,M,0,0,-1.0,0.0,-0.0,1.0
2026-05-26T12:53:00.658,250.439,5749,LEFT,0.100248,0.075424,-0.006206,0.8,0.0,0.0,M,0,0,-1.0,0.0,-0.0,1.0
2026-05-26T12:53:00.695,250.477,5750,LEFT,0.076454,0.07563,-0.000206,0.8,0.0,0.0,M,0,0,-1.0,0.0,-0.0,1.0
2026-05-26T12:53:00.746,250.527,5751,LEFT,0.065696,0.073644,0.001987,0.8,0.0,0.0,M,0,0,-1.0,0.0,-0.0,1.0
2026-05-26T12:53:00.798,250.579,5752,LEFT,0.119715,0.082858,-0.009214,0.8,0.0,0.0,M,0,0,-1.0,0.0,-0.0,1.0
2026-05-26T12:53:00.845,250.626,5753,LEFT,0.112109,0.088708,-0.00585,0.8,0.0,0.0,M,0,0,-1.0,0.0,-0.0,1.0
2026-05-26T12:53:00.901,250.682,5754,LEFT,0.1009,0.091147,-0.002438,0.8,0.0,0.0,M,0,0,-1.0,0.0,-0.0,1.0
2026-05-26T12:53:00.963,250.744,5755,LEFT,0.128512,0.09862,-0.007473,0.8,0.0,0.0,M,0,0,-1.0,0.0,-0.0,1.0
2026-05-26T12:53:01.015,250.796,5756,LEFT,0.180617,0.115019,-0.016399,0.8,0.0,0.0,M,0,0,-1.0,0.0,-0.0,1.0
2026-05-26T12:53:01.067,250.848,5757,STOP,0.183028,0.128621,-0.013602,0.8,0.0,0.0,M,0,0,-0.0,0.0,-0.0,0.0
2026-05-26T12:53:01.108,250.89,5758,STOP,0.135649,0.130027,-0.001406,0.8,0.0,0.0,M,0,0,-0.0,0.0,-0.0,0.0
2026-05-26T12:53:01.169,250.95,5759,STOP,0.071763,0.118374,0.011653,0.8,0.0,0.0,M,0,0,-0.0,0.0,-0.0,0.0
2026-05-26T12:53:01.209,250.99,5760,STOP,0.154265,0.125552,-0.007178,0.8,0.0,0.0,M,0,0,-0.0,0.0,-0.0,0.0
2026-05-26T12:53:01.265,251.046,5761,STOP,0.175491,0.13554,-0.009988,0.8,0.0,0.0,M,0,0,-0.0,0.0,-0.0,0.0
2026-05-26T12:53:01.297,251.078,5762,STOP,0.113179,0.131068,0.004472,0.8,0.0,0.0,M,0,0,-0.0,0.0,-0.0,0.0
2026-05-26T12:53:01.327,251.108,5763,STOP,0.083592,0.121573,0.009495,0.8,0.0,0.0,M,0,0,-0.0,0.0,-0.0,0.0
2026-05-26T12:53:01.367,251.149,5764,STOP,0.133797,0.124017,-0.002445,0.8,0.0,0.0,M,0,0,-0.0,0.0,-0.0,0.0
2026-05-26T12:53:01.407,251.188,5765,STOP,0.134821,0.126178,-0.002161,0.8,0.0,0.0,M,0,0,-0.0,0.0,-0.0,0.0
2026-05-26T12:53:01.453,251.234,5766,STOP,0.123227,0.125588,0.00059,0.8,0.0,0.0,M,0,0,-0.0,0.0,-0.0,0.0
2026-05-26T12:53:01.491,251.272,5767,STOP,0.085851,0.11764,0.007947,0.8,0.0,0.0,M,0,0,-0.0,0.0,-0.0,0.0
2026-05-26T12:53:01.529,251.31,5768,STOP,0.0836,0.110832,0.006808,0.8,0.0,0.0,M,0,0,-0.0,0.0,-0.0,0.0
2026-05-26T12:53:01.568,251.349,5769,STOP,0.101882,0.109042,0.00179,0.8,0.0,0.0,M,0,0,-0.0,0.0,-0.0,0.0
2026-05-26T12:53:01.611,251.393,5770,STOP,0.111696,0.109573,-0.000531,0.8,0.0,0.0,M,0,0,-0.0,0.0,-0.0,0.0
2026-05-26T12:53:01.657,251.438,5771,STOP,0.087044,0.105067,0.004506,0.8,0.0,0.0,M,0,0,-0.0,0.0,-0.0,0.0
2026-05-26T12:53:01.731,251.512,5772,STOP,0.05803,0.09566,0.009408,0.8,0.0,0.0,M,0,0,-0.0,0.0,-0.0494,0.0
2026-05-26T12:53:01.802,251.583,5773,ROT_L,0.020367,0.080601,0.015058,0.8,0.0,0.0,M,0,0,-0.0,0.0,-0.5674,0.5674
2026-05-26T12:53:01.889,251.671,5774,ROT_L,0.025125,0.069506,0.011095,0.8,0.0,0.0,M,0,0,-0.0,0.0,-0.7787,0.7787
2026-05-26T12:53:01.941,251.722,5775,ROT_L,0.048663,0.065337,0.004169,0.8,0.0,0.0,M,0,0,-0.0,0.0,-0.788,0.788
2026-05-26T12:53:01.981,251.762,5776,ROT_L,0.035072,0.059284,0.006053,0.8,0.0,0.0,M,0,0,-0.0,0.0,-0.7923,0.7923
2026-05-26T12:53:02.036,251.817,5777,ROT_L,0.047562,0.05694,0.002345,0.8,0.0,0.0,M,0,0,-0.0,0.0,-0.793,0.793
2026-05-26T12:53:02.092,251.873,5778,ROT_L,0.069591,0.05947,-0.00253,0.8,0.0,0.0,M,0,0,-0.0,0.0,-0.7936,0.7936
2026-05-26T12:53:02.138,251.919,5779,ROT_L,0.088664,0.065309,-0.005839,0.8,0.0,0.0,M,0,0,-0.0,0.0,-0.7936,0.7936
2026-05-26T12:53:02.181,251.962,5780,ROT_L,0.101911,0.072629,-0.00732,0.8,0.0,0.0,M,0,0,-0.0,0.0,-0.7936,0.7936
2026-05-26T12:53:02.227,252.009,5781,ROT_L,0.107567,0.079617,-0.006988,0.8,0.0,0.0,M,0,0,-0.0,0.0,-0.7936,0.7936
2026-05-26T12:53:02.308,252.089,5782,ROT_L,0.119724,0.087638,-0.008021,0.8,0.0,0.0,M,0,0,-0.0,0.0,-0.7942,0.7942
2026-05-26T12:53:02.349,252.13,5783,ROT_L,0.127253,0.095561,-0.007923,0.8,0.0,0.0,M,0,0,-0.0,0.0,-0.7942,0.7942
2026-05-26T12:53:02.396,252.177,5784,ROT_L,0.113491,0.099147,-0.003586,0.8,0.0,0.0,M,0,0,-0.0,0.0,-0.7936,0.7936
2026-05-26T12:53:02.469,252.25,5785,ROT_L,0.110118,0.101341,-0.002194,0.8,0.0,0.0,M,0,0,-0.0,0.0,-0.7936,0.7936
2026-05-26T12:53:02.497,252.279,5786,ROT_L,0.120376,0.105148,-0.003807,0.8,0.0,0.0,M,0,0,-0.0,0.0,-0.7936,0.7936
2026-05-26T12:53:02.528,252.31,5787,ROT_L,0.097517,0.103622,0.001526,0.8,0.0,0.0,M,0,0,-0.0,0.0,-0.7936,0.7936
2026-05-26T12:53:02.570,252.351,5788,ROT_L,0.099189,0.102736,0.000887,0.8,0.0,0.0,M,0,0,-0.0,0.0,-0.7936,0.7936
2026-05-26T12:53:02.611,252.392,5789,ROT_L,0.103101,0.102809,-7.3e-05,0.8,0.0,0.0,M,0,0,-0.0,0.0,-0.7942,0.7942
2026-05-26T12:53:02.665,252.446,5790,ROT_L,0.103142,0.102875,-6.7e-05,0.8,0.0,0.0,M,0,0,-0.0,0.0,-0.7942,0.7942
2026-05-26T12:53:02.723,252.504,5791,ROT_L,0.085551,0.09941,0.003465,0.8,0.0,0.0,M,0,0,-0.0,0.0,-0.7936,0.7936
2026-05-26T12:53:02.759,252.54,5792,ROT_L,0.085123,0.096553,0.002857,0.8,0.0,0.0,M,0,0,-0.0,0.0,-0.7942,0.7942
2026-05-26T12:53:02.817,252.598,5793,ROT_L,0.083725,0.093987,0.002566,0.8,0.0,0.0,M,0,0,-0.0,0.0,-0.7936,0.7936
2026-05-26T12:53:02.832,252.613,5794,ROT_L,0.085357,0.092261,0.001726,0.8,0.0,0.0,M,0,0,-0.0,0.0,-0.7936,0.7936
2026-05-26T12:53:02.873,252.655,5795,ROT_L,0.08792,0.091393,0.000868,0.8,0.0,0.0,M,0,0,-0.0,0.0,-0.7942,0.7942
2026-05-26T12:53:02.896,252.677,5796,ROT_L,0.090864,0.091287,0.000106,0.8,0.0,0.0,M,0,0,-0.0,0.0,-0.7936,0.7936
2026-05-26T12:53:02.945,252.726,5797,ROT_L,0.091669,0.091364,-7.6e-05,0.8,0.0,0.0,M,0,0,-0.0,0.0,-0.7936,0.7936
2026-05-26T12:53:02.993,252.774,5798,ROT_L,0.088741,0.090839,0.000525,0.8,0.0,0.0,M,0,0,-0.0,0.0,-0.7936,0.7936
2026-05-26T12:53:03.014,252.795,5799,ROT_L,0.085133,0.089698,0.001141,0.8,0.0,0.0,M,0,0,-0.0,0.0,-0.7936,0.7936
2026-05-26T12:53:03.067,252.848,5800,ROT_L,0.078781,0.087515,0.002183,0.8,0.0,0.0,M,0,0,-0.0,0.0,-0.793,0.793
2026-05-26T12:53:03.101,252.882,5801,ROT_L,0.077345,0.085481,0.002034,0.8,0.0,0.0,M,0,0,-0.0,0.0,-0.7923,0.7923
2026-05-26T12:53:03.139,252.92,5802,ROT_L,0.077987,0.083982,0.001499,0.8,0.0,0.0,M,0,0,-0.0,0.0,-0.7923,0.7923
2026-05-26T12:53:03.181,252.962,5803,ROT_L,0.085555,0.084296,-0.000315,0.8,0.0,0.0,M,0,0,-0.0,0.0,-0.7985,0.7985
2026-05-26T12:53:03.235,253.016,5804,ROT_L,0.101861,0.087809,-0.003513,0.8,0.0,0.0,M,0,0,-0.0,0.0,-0.7998,0.7998
2026-05-26T12:53:03.263,253.045,5805,ROT_L,0.109791,0.092206,-0.004396,0.8,0.0,0.0,M,0,0,-0.0,0.0,-0.8004,0.8004
2026-05-26T12:53:03.295,253.076,5806,ROT_L,0.108248,0.095414,-0.003208,0.8,0.0,0.0,M,0,0,-0.0,0.0,-0.8028,0.8028
2026-05-26T12:53:03.355,253.136,5807,ROT_L,0.113612,0.099054,-0.00364,0.8,0.0,0.0,M,0,0,-0.0,0.0,-0.801,0.801
2026-05-26T12:53:03.404,253.186,5808,ROT_L,0.134441,0.106131,-0.007078,0.8,0.0,0.0,M,0,0,-0.0,0.0,-0.8016,0.8016
2026-05-26T12:53:03.445,253.226,5809,ROT_L,0.140446,0.112994,-0.006863,0.8,0.0,0.0,M,0,0,-0.0,0.0,-0.8016,0.8016
2026-05-26T12:53:03.503,253.284,5810,ROT_L,0.157987,0.121993,-0.008999,0.8,0.0,0.0,M,0,0,-0.0,0.0,-0.8016,0.8016
2026-05-26T12:53:03.535,253.316,5811,ROT_L,0.160489,0.129692,-0.007699,0.8,0.0,0.0,M,0,0,-0.0,0.0,-0.801,0.801
2026-05-26T12:53:03.591,253.372,5812,ROT_L,0.156321,0.135018,-0.005326,0.8,0.0,0.0,M,0,0,-0.0,0.0,-0.8016,0.8016
2026-05-26T12:53:03.630,253.412,5813,ROT_L,0.158807,0.139776,-0.004758,0.8,0.0,0.0,M,0,0,-0.0,0.0,-0.801,0.801
2026-05-26T12:53:03.667,253.448,5814,ROT_L,0.154343,0.142689,-0.002913,0.8,0.0,0.0,M,0,0,-0.0,0.0,-0.7991,0.7991
2026-05-26T12:53:03.707,253.488,5815,ROT_L,0.151626,0.144477,-0.001787,0.8,0.0,0.0,M,0,0,-0.0,0.0,-0.7991,0.7991
2026-05-26T12:53:03.749,253.53,5816,ROT_L,0.153458,0.146273,-0.001796,0.8,0.0,0.0,M,0,0,-0.0,0.0,-0.6446,0.6446
2026-05-26T12:53:03.793,253.574,5817,STOP,0.14718,0.146454,-0.000181,0.8,0.0,0.0,M,0,0,-0.0,0.0,-0.0148,0.0
2026-05-26T12:53:03.829,253.611,5818,STOP,0.152956,0.147755,-0.0013,0.8,0.0,0.0,M,0,0,-0.0,0.0,-0.0,0.0
2026-05-26T12:53:03.869,253.65,5819,STOP,0.154602,0.149124,-0.001369,0.8,0.0,0.0,M,0,0,-0.0,0.0,-0.0,0.0
2026-05-26T12:53:03.910,253.691,5820,STOP,0.142443,0.147788,0.001336,0.8,0.0,0.0,M,0,0,-0.0,0.0,-0.0,0.0
2026-05-26T12:53:03.960,253.741,5821,STOP,0.134574,0.145145,0.002643,0.8,0.0,0.0,M,0,0,-0.0,0.0896,-0.0,0.0
2026-05-26T12:53:04.000,253.781,5822,FORWARD,0.132299,0.142576,0.002569,0.8,0.0,0.0,M,0,0,-0.0,0.3035,-0.0,0.3035
2026-05-26T12:53:04.043,253.824,5823,FORWARD,0.138609,0.141783,0.000793,0.8,0.0,0.0,M,0,0,-0.0,0.6248,-0.0,0.6248
2026-05-26T12:53:04.102,253.884,5824,FORWARD,0.125883,0.138603,0.00318,0.8,0.0,0.0,M,0,0,-0.0,0.686,-0.0,0.686
2026-05-26T12:53:04.144,253.926,5825,FORWARD,0.087077,0.128298,0.010305,0.8,0.0,0.0,M,0,0,-0.0,0.7114,-0.0,0.7114
2026-05-26T12:53:04.191,253.972,5826,FORWARD,0.10752,0.124142,0.004156,0.8,0.0,0.0,M,0,0,-0.0,0.7126,-0.0,0.7126
2026-05-26T12:53:04.261,254.043,5827,FORWARD,0.120397,0.123393,0.000749,0.8,0.0,0.0,M,0,0,-0.0,0.7157,-0.0,0.7157
2026-05-26T12:53:04.289,254.07,5828,FORWARD,0.105167,0.119748,0.003645,0.8,0.0,0.0,M,0,0,-0.0,0.7157,-0.0,0.7157
2026-05-26T12:53:04.333,254.114,5829,FORWARD,0.062852,0.108369,0.011379,0.8,0.0,0.0,M,0,0,-0.0,0.7151,-0.0,0.7151
2026-05-26T12:53:04.365,254.146,5830,FORWARD,0.092689,0.105233,0.003136,0.8,0.0,0.0,M,0,0,-0.0,0.7145,-0.0,0.7145
2026-05-26T12:53:04.416,254.197,5831,FORWARD,0.106992,0.105585,-0.000352,0.8,0.0,0.0,M,0,0,-0.0,0.7145,-0.0,0.7145
2026-05-26T12:53:04.459,254.24,5832,FORWARD,0.099502,0.104368,0.001217,0.8,0.0,0.0,M,0,0,-0.0,0.7151,-0.0,0.7151
2026-05-26T12:53:04.505,254.286,5833,FORWARD,0.100834,0.103661,0.000707,0.8,0.0,0.0,M,0,0,-0.0,0.7151,-0.0,0.7151
2026-05-26T12:53:04.536,254.317,5834,FORWARD,0.099114,0.102752,0.000909,0.8,0.0,0.0,M,0,0,-0.0,0.7145,-0.0,0.7145
2026-05-26T12:53:04.579,254.36,5835,FORWARD,0.101247,0.102451,0.000301,0.8,0.0,0.0,M,0,0,-0.0,0.7157,-0.0,0.7157
2026-05-26T12:53:04.617,254.398,5836,FORWARD,0.102766,0.102514,-6.3e-05,0.8,0.0,0.0,M,0,0,-0.0,0.7138,-0.0,0.7138
2026-05-26T12:53:04.642,254.423,5837,FORWARD,0.096934,0.101398,0.001116,0.8,0.0,0.0,M,0,0,-0.0,0.7114,-0.0,0.7114
2026-05-26T12:53:04.696,254.477,5838,FORWARD,0.07904,0.096926,0.004472,0.8,0.0,0.0,M,0,0,-0.0,0.6965,-0.0,0.6965
2026-05-26T12:53:04.762,254.544,5839,FORWARD,0.084138,0.094369,0.002558,0.8,0.0,0.0,M,0,0,-0.0,0.6891,-0.0,0.6891
2026-05-26T12:53:04.815,254.597,5840,FORWARD,0.098384,0.095172,-0.000803,0.8,0.0,0.0,M,0,0,-0.0,0.6761,-0.0,0.6761
2026-05-26T12:53:04.855,254.636,5841,FORWARD,0.094787,0.095095,7.7e-05,0.8,0.0,0.0,M,0,0,-0.0,0.6712,-0.0,0.6712
2026-05-26T12:53:04.917,254.699,5842,FORWARD,0.109791,0.098034,-0.002939,0.8,0.0,0.0,M,0,0,-0.0,0.6477,-0.0,0.6477
2026-05-26T12:53:04.980,254.761,5843,FORWARD,0.124077,0.103243,-0.005209,0.8,0.0,0.0,M,0,0,-0.0,0.5989,-0.0,0.5989
2026-05-26T12:53:05.027,254.808,5844,FORWARD,0.130276,0.108649,-0.005407,0.8,0.0,0.0,M,0,0,-0.0,0.4604,-0.0,0.4604
2026-05-26T12:53:05.076,254.858,5845,FORWARD,0.129048,0.112729,-0.00408,0.8,0.0,0.0,M,0,0,-0.0,0.4333,-0.0,0.4333
2026-05-26T12:53:05.111,254.892,5846,FORWARD,0.123518,0.114887,-0.002158,0.8,0.0,0.0,M,0,0,-0.0,0.4104,-0.0,0.4104
2026-05-26T12:53:05.177,254.958,5847,STOP,0.120228,0.115955,-0.001068,0.8,0.0,0.0,M,0,0,-0.0,0.2466,-0.0,0.0
2026-05-26T12:53:05.233,255.014,5848,STOP,0.12494,0.117752,-0.001797,0.8,0.0,0.0,M,0,0,-0.0,0.1007,-0.0,0.0
2026-05-26T12:53:05.281,255.062,5849,STOP,0.106744,0.11555,0.002202,0.8,0.0,0.0,M,0,0,-0.0,0.0358,-0.0,0.0
2026-05-26T12:53:05.329,255.11,5850,STOP,0.112763,0.114993,0.000557,0.8,0.0,0.0,M,0,0,-0.0,0.0358,-0.0,0.0
2026-05-26T12:53:05.361,255.142,5851,STOP,0.109512,0.113897,0.001096,0.8,0.0,0.0,M,0,0,-0.0,0.0358,-0.0,0.0
2026-05-26T12:53:05.397,255.179,5852,STOP,0.077677,0.106653,0.007244,0.8,0.0,0.0,M,0,0,-0.0,0.0352,-0.0,0.0
2026-05-26T12:53:05.449,255.23,5853,STOP,0.063603,0.098043,0.00861,0.8,0.0,0.0,M,0,0,-0.0,0.0358,-0.0,0.0
2026-05-26T12:53:05.488,255.269,5854,STOP,0.069373,0.092309,0.005734,0.8,0.0,0.0,M,0,0,-0.0,0.0352,-0.0,0.0
2026-05-26T12:53:05.531,255.312,5855,STOP,0.068514,0.08755,0.004759,0.8,0.0,0.0,M,0,0,-0.0,0.0358,-0.0,0.0
2026-05-26T12:53:05.599,255.38,5856,STOP,0.064265,0.082893,0.004657,0.8,0.0,0.0,M,0,0,-0.0,0.0352,-0.0,0.0
2026-05-26T12:53:05.630,255.411,5857,STOP,0.049437,0.076202,0.006691,0.8,0.0,0.0,M,0,0,-0.0,0.0358,-0.0,0.0
2026-05-26T12:53:05.671,255.452,5858,STOP,0.037176,0.068397,0.007805,0.8,0.0,0.0,M,0,0,-0.0,0.0365,-0.0,0.0
2026-05-26T12:53:05.693,255.474,5859,STOP,0.024904,0.059698,0.008698,0.8,0.0,0.0,M,0,0,-0.0,0.0365,-0.0,0.0
2026-05-26T12:53:05.737,255.518,5860,STOP,0.022866,0.052332,0.007366,0.8,0.0,0.0,M,0,0,-0.0,0.0321,-0.0,0.0
2026-05-26T12:53:05.758,255.539,5861,STOP,0.02157,0.046179,0.006152,0.8,0.0,0.0,L,0,0,-0.0,0.0321,-0.0,0.0
2026-05-26T12:53:05.827,255.608,5862,STOP,0.012772,0.039498,0.006681,0.8,0.0,0.0,L,0,0,-0.0,0.0278,-0.0,0.0
2026-05-26T12:53:05.894,255.675,5863,STOP,0.00769,0.033136,0.006362,0.8,0.0,0.0,L,0,0,-0.0,0.0278,-0.0,0.0
2026-05-26T12:53:05.935,255.716,5864,STOP,0.011558,0.028821,0.004316,0.8,0.0,0.0,L,0,0,-0.0,0.0278,-0.0,0.0
2026-05-26T12:53:05.987,255.768,5865,STOP,0.012152,0.025487,0.003334,0.8,0.0,0.0,L,0,0,-0.0,0.0278,-0.0,0.0
2026-05-26T12:53:06.045,255.826,5866,STOP,0.018267,0.024043,0.001444,0.8,0.0,0.0,L,0,0,-0.0,0.0278,-0.0,0.0
2026-05-26T12:53:06.095,255.876,5867,STOP,0.005081,0.02025,0.003792,0.8,0.0,0.0,L,0,0,-0.0,0.0,-0.0,0.0
2026-05-26T12:53:06.135,255.916,5868,STOP,0.00542,0.017284,0.002966,0.8,0.0,0.0,L,0,0,-0.0,0.0,-0.0,0.0
2026-05-26T12:53:06.159,255.94,5869,STOP,0.007519,0.015331,0.001953,0.8,0.0,0.0,L,0,0,-0.0,0.0,-0.0,0.0
2026-05-26T12:53:06.200,255.982,5870,STOP,0.007048,0.013675,0.001657,0.8,0.0,0.0,L,0,0,-0.0,0.0,-0.0,0.0
2026-05-26T12:53:06.227,256.008,5871,STOP,0.010253,0.01299,0.000684,0.8,0.0,0.0,L,0,0,-0.0,0.0,-0.0,0.0
2026-05-26T12:53:06.269,256.05,5872,STOP,0.006831,0.011758,0.001232,0.8,0.0,0.0,L,0,0,-0.0,0.0,-0.0,0.0
2026-05-26T12:53:06.293,256.074,5873,STOP,0.012066,0.01182,-6.2e-05,0.8,0.0,0.0,L,0,0,-0.0,0.0,-0.0,0.0
2026-05-26T12:53:06.328,256.11,5874,STOP,0.007501,0.010956,0.000864,0.8,0.0,0.0,L,0,0,-0.0,0.0,-0.0,0.0
2026-05-26T12:53:06.365,256.146,5875,STOP,0.00445,0.009655,0.001301,0.8,0.0,0.0,L,0,0,-0.0,0.0,-0.0198,0.0
2026-05-26T12:53:06.391,256.172,5876,STOP,0.012519,0.010228,-0.000573,0.8,0.0,0.0,L,0,0,-0.0,0.0,-0.2905,0.0
2026-05-26T12:53:06.439,256.22,5877,ROT_L,0.011245,0.010431,-0.000203,0.8,0.0,0.0,L,0,0,-0.0,0.0,-0.6422,0.6422
2026-05-26T12:53:06.479,256.26,5878,ROT_L,0.003816,0.009108,0.001323,0.8,0.0,0.0,L,0,0,-0.0,0.0,-0.6082,0.6082
2026-05-26T12:53:06.515,256.296,5879,STOP,0.009238,0.009134,-2.6e-05,0.8,0.0,0.0,L,0,0,-0.0,0.0,-0.2033,0.0
2026-05-26T12:53:06.563,256.345,5880,STOP,0.030378,0.013383,-0.004249,0.8,0.0,0.0,L,0,0,-0.0,0.0,-0.0,0.0
2026-05-26T12:53:06.605,256.387,5881,STOP,0.054642,0.021635,-0.008252,0.8,0.0,0.0,L,0,0,-0.0,0.0,-0.0,0.0
2026-05-26T12:53:06.653,256.434,5882,STOP,0.080442,0.033396,-0.011761,0.8,0.0,0.0,L,0,0,-0.0,0.0,-0.0,0.0
2026-05-26T12:53:06.706,256.487,5883,STOP,0.168511,0.060419,-0.027023,0.8,0.0,0.0,M,0,0,-0.0,0.0,-0.0,0.0
2026-05-26T12:53:06.753,256.534,5884,STOP,0.213635,0.091062,-0.030643,0.8,0.0,0.0,M,0,0,-0.0,0.0,-0.0,0.0
2026-05-26T12:53:06.788,256.569,5885,STOP,0.230132,0.118876,-0.027814,0.8,0.0,0.0,M,0,0,-0.0,0.0,-0.0,0.0
2026-05-26T12:53:06.845,256.626,5886,STOP,0.184864,0.132074,-0.013198,0.8,0.0,0.0,M,0,0,-0.0,0.0,-0.0,0.0
2026-05-26T12:53:06.888,256.669,5887,STOP,0.133627,0.132384,-0.000311,0.8,0.0,0.0,M,0,0,-0.0,0.0,-0.0,0.0
2026-05-26T12:53:06.934,256.716,5888,STOP,0.131217,0.132151,0.000234,0.8,0.0,0.0,M,0,0,-0.0,0.0,-0.0,0.0
2026-05-26T12:53:06.978,256.759,5889,STOP,0.179232,0.141567,-0.009416,0.8,0.0,0.0,M,0,0,-0.0,0.0,-0.0,0.0
2026-05-26T12:53:07.017,256.798,5890,STOP,0.190884,0.15143,-0.009863,0.8,0.0,0.0,H,0,0,-0.0,0.1502,-0.0,0.0
2026-05-26T12:53:07.074,256.856,5891,STOP,0.060669,0.133278,0.018152,0.8,0.0,0.0,M,0,0,-0.0,0.2274,-0.0,0.0
2026-05-26T12:53:07.101,256.882,5892,STOP,0.088309,0.124284,0.008994,0.8,0.0,0.0,M,0,0,-0.0,0.2565,-0.0,0.0
2026-05-26T12:53:07.135,256.916,5893,STOP,0.150761,0.12958,-0.005295,0.8,0.0,0.0,M,0,0,-0.0,0.2627,-0.0,0.0
2026-05-26T12:53:07.173,256.954,5894,STOP,0.128565,0.129377,0.000203,0.8,0.0,0.0,M,0,0,-0.0,0.2627,-0.0,0.0
2026-05-26T12:53:07.213,256.994,5895,STOP,0.090566,0.121615,0.007762,0.8,0.0,0.0,M,0,0,-0.0,0.2633,-0.0,0.0
2026-05-26T12:53:07.249,257.03,5896,STOP,0.113847,0.120061,0.001554,0.8,0.0,0.0,M,0,0,-0.0,0.2633,-0.0,0.0
2026-05-26T12:53:07.315,257.096,5897,STOP,0.140681,0.124185,-0.004124,0.8,0.0,0.0,M,0,0,-0.0,0.2627,-0.0,0.0
2026-05-26T12:53:07.339,257.12,5898,STOP,0.138127,0.126973,-0.002788,0.8,0.0,0.0,M,0,0,-0.0,0.2627,-0.0,0.0
2026-05-26T12:53:07.391,257.172,5899,STOP,0.056704,0.11292,0.014054,0.8,0.0,0.0,M,0,0,-0.0,0.2621,-0.0,0.0
2026-05-26T12:53:07.423,257.204,5900,STOP,0.072172,0.10477,0.008149,0.8,0.0,0.0,M,0,0,-0.0,0.2621,-0.0,0.0
2026-05-26T12:53:07.480,257.261,5901,STOP,0.092472,0.102311,0.00246,0.8,0.0,0.0,M,0,0,-0.0,0.2627,-0.0,0.0
2026-05-26T12:53:07.532,257.314,5902,STOP,0.080674,0.097983,0.004327,0.8,0.0,0.0,M,0,0,-0.0,0.2621,-0.0,0.0
2026-05-26T12:53:07.558,257.34,5903,STOP,0.062803,0.090947,0.007036,0.8,0.0,0.0,M,0,0,-0.0,0.2627,-0.0,0.0
2026-05-26T12:53:07.601,257.382,5904,STOP,0.094,0.091558,-0.000611,0.8,0.0,0.0,M,0,0,-0.0,0.2633,-0.0,0.0
2026-05-26T12:53:07.628,257.409,5905,STOP,0.097882,0.092823,-0.001265,0.8,0.0,0.0,M,0,0,-0.0,0.2621,-0.0,0.0
2026-05-26T12:53:07.671,257.452,5906,STOP,0.075724,0.089403,0.00342,0.8,0.0,0.0,M,0,0,-0.0,0.2621,-0.0,0.0
2026-05-26T12:53:07.707,257.488,5907,STOP,0.06291,0.084104,0.005299,0.8,0.0,0.0,M,0,0,-0.0,0.2627,-0.0,0.0
2026-05-26T12:53:07.756,257.537,5908,STOP,0.056778,0.078639,0.005465,0.8,0.0,0.0,M,0,0,-0.0,0.2621,-0.0,0.0
2026-05-26T12:53:07.799,257.58,5909,STOP,0.057039,0.074319,0.00432,0.8,0.0,0.0,M,0,0,-0.0,0.2614,-0.0,0.0
2026-05-26T12:53:07.849,257.63,5910,STOP,0.057281,0.070912,0.003408,0.8,0.0,0.0,M,0,0,-0.0,0.2621,-0.0,0.0
2026-05-26T12:53:07.873,257.654,5911,STOP,0.050937,0.066917,0.003995,0.8,0.0,0.0,M,0,0,-0.0,0.2621,-0.0,0.0
2026-05-26T12:53:07.918,257.7,5912,STOP,0.045025,0.062538,0.004378,0.8,0.0,0.0,M,0,0,-0.0,0.2614,-0.0,0.0
2026-05-26T12:53:07.963,257.744,5913,STOP,0.051321,0.060295,0.002243,0.8,0.0,0.0,M,0,0,-0.0,0.2614,-0.0,0.0
2026-05-26T12:53:07.993,257.774,5914,STOP,0.045129,0.057262,0.003033,0.8,0.0,0.0,M,0,0,-0.0,0.2614,-0.0,0.0
2026-05-26T12:53:08.045,257.826,5915,STOP,0.040999,0.054009,0.003253,0.8,0.0,0.0,M,0,0,-0.0,0.2621,-0.0,0.0
2026-05-26T12:53:08.081,257.862,5916,STOP,0.044446,0.052096,0.001913,0.8,0.0,0.0,M,0,0,-0.0,0.2614,-0.0,0.0
2026-05-26T12:53:08.129,257.91,5917,STOP,0.050428,0.051763,0.000334,0.8,0.0,0.0,M,0,0,-0.0,0.2756,-0.0,0.0
2026-05-26T12:53:08.175,257.956,5918,STOP,0.046401,0.05069,0.001072,0.8,0.0,0.0,M,0,0,-0.0,0.2812,-0.0,0.0
2026-05-26T12:53:08.215,257.997,5919,STOP,0.049719,0.050496,0.000194,0.8,0.0,0.0,M,0,0,-0.0,0.2812,-0.0,0.0
2026-05-26T12:53:08.273,258.054,5920,STOP,0.053254,0.051048,-0.000552,0.8,0.0,0.0,M,0,0,-0.0,0.2818,-0.0,0.0
2026-05-26T12:53:08.319,258.1,5921,STOP,0.053042,0.051447,-0.000399,0.8,0.0,0.0,M,0,0,-0.0,0.2812,-0.0,0.0
2026-05-26T12:53:08.361,258.142,5922,STOP,0.053574,0.051872,-0.000426,0.8,0.0,0.0,M,0,0,-0.0,0.2818,-0.0,0.0
2026-05-26T12:53:08.437,258.219,5923,STOP,0.058185,0.053135,-0.001263,0.8,0.0,0.0,M,0,0,-0.0,0.2818,-0.0,0.0
2026-05-26T12:53:08.493,258.274,5924,STOP,0.064328,0.055373,-0.002239,0.8,0.0,0.0,M,0,0,-0.0,0.2812,-0.0,0.0
2026-05-26T12:53:08.532,258.313,5925,STOP,0.058887,0.056076,-0.000703,0.8,0.0,0.0,M,0,0,-0.0,0.2812,-0.0,0.0
2026-05-26T12:53:08.578,258.359,5926,STOP,0.058626,0.056586,-0.00051,0.8,0.0,0.0,M,0,0,-0.0,0.2818,-0.0,0.0
2026-05-26T12:53:08.607,258.388,5927,STOP,0.049756,0.05522,0.001366,0.8,0.0,0.0,M,0,0,-0.0,0.2818,-0.0,0.0
2026-05-26T12:53:08.651,258.433,5928,STOP,0.041936,0.052563,0.002657,0.8,0.0,0.0,M,0,0,-0.0,0.2818,-0.0,0.0
2026-05-26T12:53:08.682,258.463,5929,STOP,0.036066,0.049264,0.003299,0.8,0.0,0.0,L,0,0,-0.0,0.2818,-0.0,0.0
2026-05-26T12:53:08.721,258.502,5930,STOP,0.034731,0.046357,0.002907,0.8,0.0,0.0,L,0,0,-0.0,0.2818,-0.0,0.0
2026-05-26T12:53:08.767,258.548,5931,STOP,0.034598,0.044006,0.002352,0.8,0.0,0.0,L,0,0,-0.0,0.2818,-0.0,0.0
2026-05-26T12:53:08.805,258.586,5932,STOP,0.039914,0.043187,0.000818,0.8,0.0,0.0,L,0,0,-0.0,0.2812,-0.0,0.0
2026-05-26T12:53:08.837,258.618,5933,STOP,0.03934,0.042418,0.00077,0.8,0.0,0.0,L,0,0,-0.0,0.2812,-0.0,0.0
2026-05-26T12:53:08.885,258.666,5934,STOP,0.038083,0.041551,0.000867,0.8,0.0,0.0,L,0,0,-0.0,0.2818,-0.0,0.0
2026-05-26T12:53:08.939,258.72,5935,STOP,0.042877,0.041816,-0.000265,0.8,0.0,0.0,L,0,0,-0.0,0.2812,-0.0,0.0
2026-05-26T12:53:08.992,258.773,5936,STOP,0.042415,0.041936,-0.00012,0.8,0.0,0.0,L,0,0,-0.0,0.2818,-0.0,0.0
2026-05-26T12:53:09.031,258.812,5937,STOP,0.040717,0.041692,0.000244,0.8,0.0,0.0,L,0,0,-0.0,0.2812,-0.0,0.0
2026-05-26T12:53:09.073,258.854,5938,STOP,0.039657,0.041285,0.000407,0.8,0.0,0.0,L,0,0,-0.0,0.2812,-0.0,0.0
2026-05-26T12:53:09.111,258.892,5939,STOP,0.039138,0.040856,0.000429,0.8,0.0,0.0,L,0,0,-0.0,0.2806,-0.0,0.0
2026-05-26T12:53:09.151,258.932,5940,STOP,0.034799,0.039644,0.001211,0.8,0.0,0.0,L,0,0,-0.0,0.254,-0.0,0.0
2026-05-26T12:53:09.182,258.963,5941,STOP,0.033492,0.038414,0.001231,0.8,0.0,0.0,L,0,0,-0.0,0.2318,-0.0,0.0
2026-05-26T12:53:09.207,258.988,5942,STOP,0.027379,0.036207,0.002207,0.8,0.0,0.0,L,0,0,-0.0,0.2318,-0.0,0.0
2026-05-26T12:53:09.250,259.032,5943,STOP,0.029382,0.034842,0.001365,0.8,0.0,0.0,L,0,0,-0.0,0.2318,-0.0,0.0
2026-05-26T12:53:09.269,259.05,5944,STOP,0.029749,0.033823,0.001019,0.8,0.0,0.0,L,0,0,-0.0,0.2311,-0.0,0.0
2026-05-26T12:53:09.307,259.088,5945,STOP,0.027851,0.032629,0.001195,0.8,0.0,0.0,L,0,0,-0.0,0.2311,-0.0,0.0
2026-05-26T12:53:09.351,259.132,5946,STOP,0.02949,0.032001,0.000628,0.8,0.0,0.0,L,0,0,-0.0,0.2311,-0.0,0.0
2026-05-26T12:53:09.382,259.164,5947,STOP,0.030147,0.03163,0.000371,0.8,0.0,0.0,L,0,0,-0.0,0.2311,-0.0,0.0
2026-05-26T12:53:09.429,259.21,5948,STOP,0.029542,0.031213,0.000418,0.8,0.0,0.0,L,0,0,-0.0,0.2318,-0.0,0.0
2026-05-26T12:53:09.477,259.258,5949,STOP,0.034596,0.031889,-0.000677,0.8,0.0,0.0,L,0,0,-0.0,0.2194,-0.0,0.0
2026-05-26T12:53:09.542,259.323,5950,STOP,0.036361,0.032784,-0.000894,0.8,0.0,0.0,L,0,0,-0.0,0.2194,-0.0,0.0
2026-05-26T12:53:09.599,259.38,5951,STOP,0.036195,0.033466,-0.000682,0.8,0.0,0.0,L,0,0,-0.0,0.22,-0.0,0.0
2026-05-26T12:53:09.649,259.43,5952,STOP,0.039324,0.034638,-0.001172,0.8,0.0,0.0,L,0,0,-0.0,0.22,-0.0,0.0
2026-05-26T12:53:09.673,259.454,5953,STOP,0.030928,0.033896,0.000742,0.8,0.0,0.0,L,0,0,-0.0,0.22,-0.0,0.0
2026-05-26T12:53:09.725,259.506,5954,STOP,0.036133,0.034343,-0.000447,0.8,0.0,0.0,L,0,0,-0.0,0.2194,-0.0,0.0
2026-05-26T12:53:09.781,259.562,5955,STOP,0.036402,0.034755,-0.000412,0.8,0.0,0.0,L,0,0,-0.0,0.2194,-0.0,0.0
2026-05-26T12:53:09.835,259.616,5956,STOP,0.039271,0.035658,-0.000903,0.8,0.0,0.0,L,0,0,-0.0,0.2194,-0.0,0.0
2026-05-26T12:53:09.902,259.684,5957,FORWARD,0.044268,0.03738,-0.001722,0.8,0.0,0.0,L,0,0,-0.0,0.3461,-0.0,0.3461
2026-05-26T12:53:09.943,259.724,5958,FORWARD,0.04303,0.03851,-0.00113,0.8,0.0,0.0,L,0,0,-0.0,0.3875,-0.0,0.3875
2026-05-26T12:53:09.973,259.754,5959,FORWARD,0.036821,0.038172,0.000338,0.8,0.0,0.0,L,0,0,-0.0,0.3906,-0.0,0.3906
2026-05-26T12:53:10.009,259.79,5960,FORWARD,0.039687,0.038475,-0.000303,0.8,0.0,0.0,L,0,0,-0.0,0.4061,-0.0,0.4061
2026-05-26T12:53:10.071,259.852,5961,FORWARD,0.053891,0.041558,-0.003083,0.8,0.0,0.0,L,0,0,-0.0,0.4295,-0.0,0.4295
2026-05-26T12:53:10.141,259.922,5962,FORWARD,0.072282,0.047703,-0.006145,0.8,0.0,0.0,L,0,0,-0.0,0.4382,-0.0,0.4382
2026-05-26T12:53:10.222,260.004,5963,FORWARD,0.079329,0.054028,-0.006325,0.8,0.0,0.0,M,0,0,-0.0,0.4765,-0.0,0.4765
2026-05-26T12:53:10.265,260.046,5964,FORWARD,0.071026,0.057428,-0.0034,0.8,0.0,0.0,M,0,0,-0.0,0.4802,-0.0,0.4802
2026-05-26T12:53:10.316,260.098,5965,FORWARD,0.070258,0.059994,-0.002566,0.8,0.0,0.0,M,0,0,-0.0,0.5593,-0.0,0.5593
2026-05-26T12:53:10.374,260.155,5966,FORWARD,0.08917,0.065829,-0.005835,0.8,0.0,0.0,M,0,0,-0.0,0.5841,-0.0,0.5841
2026-05-26T12:53:10.437,260.218,5967,FORWARD,0.085834,0.06983,-0.004001,0.8,0.0,0.0,M,0,0,-0.0,0.5915,-0.0,0.5915
2026-05-26T12:53:10.497,260.278,5968,FORWARD,0.105376,0.076939,-0.007109,0.8,0.0,0.0,M,0,0,-0.0,0.6335,-0.0,0.6335
2026-05-26T12:53:10.537,260.318,5969,FORWARD,0.104442,0.08244,-0.005501,0.8,0.0,0.0,M,0,0,-0.0,0.6335,-0.0,0.6335
2026-05-26T12:53:10.570,260.352,5970,FORWARD,0.106803,0.087312,-0.004873,0.8,0.0,0.0,M,0,0,-0.0,0.7349,-0.0,0.7349
2026-05-26T12:53:10.606,260.388,5971,FORWARD,0.110258,0.091902,-0.004589,0.8,0.0,0.0,M,0,0,-0.0,0.7349,-0.0,0.7349
2026-05-26T12:53:10.671,260.452,5972,FORWARD,0.095604,0.092642,-0.00074,0.8,0.0,0.0,M,0,0,-0.0,0.8461,-0.0,0.8461
2026-05-26T12:53:10.719,260.5,5973,FORWARD,0.114034,0.09692,-0.004278,0.8,0.0,0.0,M,0,0,-0.0,0.8554,-0.0,0.8554
2026-05-26T12:53:10.752,260.533,5974,FORWARD,0.128744,0.103285,-0.006365,0.8,0.0,0.0,M,0,0,-0.0,0.8677,-0.0,0.8677
2026-05-26T12:53:10.791,260.572,5975,FORWARD,0.101691,0.102966,0.000319,0.8,0.0,0.0,M,0,0,-0.0,0.877,-0.0,0.877
2026-05-26T12:53:10.828,260.61,5976,FORWARD,0.120777,0.106529,-0.003562,0.8,0.0,0.0,M,0,0,-0.0,0.8727,-0.0,0.8727
2026-05-26T12:53:10.872,260.653,5977,FORWARD,0.154086,0.11604,-0.009512,0.8,0.0,0.0,M,0,0,-0.0,0.877,-0.0,0.877
2026-05-26T12:53:10.910,260.691,5978,FORWARD,0.162808,0.125394,-0.009354,0.8,0.0,0.0,M,0,0,-0.0,0.882,-0.0,0.882
2026-05-26T12:53:10.962,260.743,5979,FORWARD,0.157114,0.131738,-0.006344,0.8,0.0,0.0,M,0,0,-0.0,0.8838,-0.0,0.8838
2026-05-26T12:53:10.995,260.776,5980,FORWARD,0.118373,0.129065,0.002673,0.8,0.0,0.0,M,0,0,-0.0,0.885,-0.0,0.885
2026-05-26T12:53:11.041,260.823,5981,FORWARD,0.137418,0.130736,-0.001671,0.8,0.0,0.0,M,0,0,-0.0,0.8857,-0.0,0.8857
2026-05-26T12:53:11.059,260.84,5982,FORWARD,0.149697,0.134528,-0.003792,0.8,0.0,0.0,M,0,0,-0.0,0.8857,-0.0,0.8857
2026-05-26T12:53:11.104,260.886,5983,FORWARD,0.14223,0.136068,-0.00154,0.8,0.0,0.0,M,0,0,-0.0,0.885,-0.0,0.885
2026-05-26T12:53:11.137,260.918,5984,FORWARD,0.122189,0.133292,0.002776,0.8,0.0,0.0,M,0,0,-0.0,0.885,-0.0,0.885
2026-05-26T12:53:11.171,260.952,5985,FORWARD,0.138362,0.134306,-0.001014,0.8,0.0,0.0,M,0,0,-0.0,0.885,-0.0,0.885
2026-05-26T12:53:11.209,260.991,5986,FORWARD,0.155192,0.138483,-0.004177,0.8,0.0,0.0,M,0,0,-0.0,0.885,-0.0,0.885
2026-05-26T12:53:11.266,261.048,5987,FORWARD,0.152872,0.141361,-0.002878,0.8,0.0,0.0,M,0,0,-0.0,0.885,-0.0,0.885
2026-05-26T12:53:11.308,261.09,5988,FORWARD,0.149482,0.142985,-0.001624,0.8,0.0,0.0,M,0,0,-0.0,0.869,-0.6712,0.869
2026-05-26T12:53:11.341,261.122,5989,FORWARD,0.133198,0.141028,0.001957,0.8,0.0,0.0,M,0,0,-0.0,0.8405,-0.8164,0.8405
2026-05-26T12:53:11.396,261.177,5990,ROT_L,0.144982,0.141819,-0.000791,0.8,0.0,0.0,M,0,0,-0.0,0.8103,-0.8189,0.8189
2026-05-26T12:53:11.443,261.224,5991,ROT_L,0.147818,0.143019,-0.0012,0.8,0.0,0.0,M,0,0,-0.0,0.7287,-0.8208,0.8208
2026-05-26T12:53:11.510,261.292,5992,ROT_L,0.157815,0.145978,-0.002959,0.8,0.0,0.0,M,0,0,-0.0,0.6619,-0.8152,0.8152
2026-05-26T12:53:11.559,261.34,5993,ROT_L,0.188161,0.154415,-0.008437,0.8,0.0,0.0,H,0,0,-0.0,0.6372,-0.8152,0.8152
2026-05-26T12:53:11.595,261.376,5994,ROT_L,0.228,0.169132,-0.014717,0.8,0.0,0.0,H,0,0,-0.0,0.5532,-0.8164,0.8164
2026-05-26T12:53:11.626,261.408,5995,ROT_L,0.237633,0.182832,-0.0137,0.8,0.0,0.0,H,0,0,-0.0,0.5532,-0.8164,0.8164
2026-05-26T12:53:11.668,261.45,5996,ROT_L,0.259005,0.198066,-0.015235,0.8,0.0,0.0,H,0,0,-0.0,0.4858,-0.5624,0.5624
2026-05-26T12:53:11.689,261.47,5997,FORWARD,0.267435,0.21194,-0.013874,0.8,0.0,0.0,H,0,0,-0.0,0.4598,-0.4363,0.4598
2026-05-26T12:53:11.749,261.53,5998,FORWARD,0.272235,0.223999,-0.012059,0.8,0.0,0.0,H,0,0,-0.0,0.4246,-0.0,0.4246
2026-05-26T12:53:11.790,261.571,5999,FORWARD,0.247098,0.228619,-0.00462,0.8,0.0,0.0,H,0,0,-0.0,0.4166,-0.0,0.4166
2026-05-26T12:53:11.833,261.614,6000,FORWARD,0.238311,0.230557,-0.001938,0.8,0.0,0.0,H,0,0,-0.0,0.4061,-0.0,0.4061
2026-05-26T12:53:11.856,261.637,6001,FORWARD,0.239636,0.232373,-0.001816,0.8,0.0,0.0,H,0,0,-0.0,0.3962,-0.0,0.3962
2026-05-26T12:53:11.905,261.686,6002,FORWARD,0.250836,0.236066,-0.003693,0.8,0.0,0.0,H,0,0,-0.0,0.3906,-0.0,0.3906
2026-05-26T12:53:11.942,261.723,6003,FORWARD,0.226658,0.234184,0.001881,0.8,0.0,0.0,H,0,0,-0.0,0.3906,-0.0,0.3906
2026-05-26T12:53:11.978,261.76,6004,FORWARD,0.168362,0.22102,0.013164,0.8,0.0,0.0,H,0,0,-0.0,0.382,-0.0,0.382
2026-05-26T12:53:12.015,261.796,6005,FORWARD,0.146668,0.206149,0.01487,0.8,0.0,0.0,H,0,0,-0.0,0.3826,-0.0,0.3826
2026-05-26T12:53:12.063,261.844,6006,FORWARD,0.091956,0.183311,0.022839,0.8,0.0,0.0,H,0,0,-0.0,0.3832,-0.0,0.3832
2026-05-26T12:53:12.108,261.89,6007,FORWARD,0.107415,0.168132,0.015179,0.8,0.0,0.0,H,0,0,-0.0,0.3826,-0.0,0.3826
2026-05-26T12:53:12.173,261.954,6008,FORWARD,0.110941,0.156694,0.011438,0.8,0.0,0.0,H,0,0,-0.0,0.385,-0.0,0.385
2026-05-26T12:53:12.227,262.008,6009,FORWARD,0.117443,0.148843,0.00785,0.8,0.0,0.0,M,0,0,-0.0,0.3832,-0.0,0.3832
2026-05-26T12:53:12.256,262.037,6010,FORWARD,0.120505,0.143176,0.005668,0.8,0.0,0.0,M,0,0,-0.0,0.3832,-0.0,0.3832
2026-05-26T12:53:12.286,262.067,6011,FORWARD,0.093616,0.133264,0.009912,0.8,0.0,0.0,M,0,0,-0.0,0.3832,-0.0,0.3832
2026-05-26T12:53:12.328,262.109,6012,FORWARD,0.093852,0.125382,0.007882,0.8,0.0,0.0,M,0,0,-0.0,0.3832,-0.0,0.3832
2026-05-26T12:53:12.394,262.176,6013,FORWARD,0.090615,0.118428,0.006953,0.8,0.0,0.0,M,0,0,-0.0,0.3832,-0.0,0.3832
2026-05-26T12:53:12.443,262.224,6014,FORWARD,0.083981,0.111539,0.00689,0.8,0.0,0.0,M,0,0,-0.0,0.3949,-0.0,0.3949
2026-05-26T12:53:12.497,262.278,6015,FORWARD,0.093813,0.107993,0.003545,0.8,0.0,0.0,M,0,0,-0.0,0.4499,-0.0,0.4499
2026-05-26T12:53:12.557,262.338,6016,FORWARD,0.103752,0.107145,0.000848,0.8,0.0,0.0,M,0,0,-0.0,0.466,-0.0,0.466
2026-05-26T12:53:12.603,262.384,6017,FORWARD,0.101735,0.106063,0.001082,0.8,0.0,0.0,M,0,0,-0.0,0.4654,-0.0,0.4654
2026-05-26T12:53:12.662,262.444,6018,FORWARD,0.106911,0.106233,-0.00017,0.8,0.0,0.0,M,0,0,-0.0,0.466,-0.0,0.466
2026-05-26T12:53:12.729,262.51,6019,FORWARD,0.131117,0.11121,-0.004977,0.8,0.0,0.0,M,0,0,-0.0,0.466,-0.0,0.466
2026-05-26T12:53:12.765,262.546,6020,FORWARD,0.127946,0.114557,-0.003347,0.8,0.0,0.0,M,0,0,-0.0,0.4666,-0.0,0.4666
2026-05-26T12:53:12.789,262.57,6021,FORWARD,0.121384,0.115922,-0.001365,0.8,0.0,0.0,M,0,0,-0.0,0.4666,-0.0,0.4666
2026-05-26T12:53:12.829,262.611,6022,FORWARD,0.129015,0.118541,-0.002619,0.8,0.0,0.0,M,0,0,-0.0,0.466,-0.0,0.466
2026-05-26T12:53:12.867,262.649,6023,FORWARD,0.129141,0.120661,-0.00212,0.8,0.0,0.0,M,0,0,-0.0,0.4666,-0.0,0.4666
2026-05-26T12:53:12.910,262.691,6024,FORWARD,0.099142,0.116357,0.004304,0.8,0.0,0.0,M,0,0,-0.0,0.4666,-0.0,0.4666
2026-05-26T12:53:12.948,262.729,6025,FORWARD,0.088009,0.110688,0.00567,0.8,0.0,0.0,M,0,0,-0.0,0.466,-0.0,0.466
2026-05-26T12:53:12.997,262.778,6026,FORWARD,0.100992,0.108748,0.001939,0.8,0.0,0.0,M,0,0,-0.0,0.4666,-0.0,0.4666
2026-05-26T12:53:13.045,262.826,6027,FORWARD,0.102659,0.107531,0.001218,0.8,0.0,0.0,M,0,0,-0.0,0.4672,-0.0,0.4672
2026-05-26T12:53:13.078,262.859,6028,FORWARD,0.104622,0.106949,0.000582,0.8,0.0,0.0,M,0,0,-0.0,0.4672,-0.0,0.4672
2026-05-26T12:53:13.137,262.918,6029,FORWARD,0.112007,0.107961,-0.001012,0.8,0.0,0.0,M,0,0,-0.0,0.4672,-0.0,0.4672
2026-05-26T12:53:13.187,262.969,6030,FORWARD,0.114591,0.109287,-0.001326,0.8,0.0,0.0,M,0,0,-0.0,0.5155,-0.0,0.5155
2026-05-26T12:53:13.230,263.011,6031,FORWARD,0.115922,0.110614,-0.001327,0.8,0.0,0.0,M,0,0,-0.0,0.5161,-0.0,0.5161
2026-05-26T12:53:13.282,263.063,6032,FORWARD,0.114281,0.111347,-0.000733,0.8,0.0,0.0,M,0,0,-0.0,0.5111,-0.0,0.5111
2026-05-26T12:53:13.328,263.109,6033,FORWARD,0.11471,0.11202,-0.000672,0.8,0.0,0.0,M,0,0,-0.0,0.5006,-0.0,0.5006
2026-05-26T12:53:13.401,263.182,6034,FORWARD,0.111225,0.111861,0.000159,0.8,0.0,0.0,M,0,0,-0.0,0.4425,-0.0,0.4425
2026-05-26T12:53:13.461,263.243,6035,FORWARD,0.113182,0.112125,-0.000264,0.8,0.0,0.0,M,0,0,-0.0,0.39,-0.0,0.39
2026-05-26T12:53:13.507,263.288,6036,FORWARD,0.112753,0.11225,-0.000126,0.8,0.0,0.0,M,0,0,-0.0,0.3399,-0.0,0.3399
2026-05-26T12:53:13.563,263.344,6037,FORWARD,0.128235,0.115447,-0.003197,0.8,0.0,0.0,M,0,0,-0.0,0.3368,-0.0,0.3368
2026-05-26T12:53:13.600,263.382,6038,FORWARD,0.132441,0.118846,-0.003399,0.8,0.0,0.0,M,0,0,-0.0,0.3375,-0.0,0.3375
2026-05-26T12:53:13.640,263.422,6039,STOP,0.130617,0.1212,-0.002354,0.8,0.0,0.0,M,0,0,-0.0,0.2862,-0.0,0.0
2026-05-26T12:53:13.675,263.456,6040,STOP,0.128219,0.122604,-0.001404,0.8,0.0,0.0,M,0,0,-0.0,0.2664,-0.0,0.0
2026-05-26T12:53:13.706,263.487,6041,STOP,0.11861,0.121805,0.000799,0.8,0.0,0.0,M,0,0,-0.0,0.2664,-0.0,0.0
2026-05-26T12:53:13.742,263.523,6042,STOP,0.101256,0.117695,0.00411,0.8,0.0,0.0,M,0,0,-0.0,0.2645,-0.0,0.0
2026-05-26T12:53:13.771,263.552,6043,STOP,0.096489,0.113454,0.004241,0.8,0.0,0.0,M,0,0,-0.0,0.2645,-0.0,0.0
2026-05-26T12:53:13.791,263.572,6044,STOP,0.092759,0.109315,0.004139,0.8,0.0,0.0,M,0,0,-0.0,0.2645,-0.0,0.0
2026-05-26T12:53:13.845,263.626,6045,FORWARD,0.089772,0.105407,0.003909,0.8,0.0,0.0,M,0,0,-0.0,0.3201,-0.0,0.3201
2026-05-26T12:53:13.871,263.652,6046,FORWARD,0.093578,0.103041,0.002366,0.8,0.0,0.0,M,0,0,-0.0,0.3813,-0.0,0.3813
2026-05-26T12:53:13.911,263.693,6047,FORWARD,0.096511,0.101735,0.001306,0.8,0.0,0.0,M,0,0,-0.0,0.3912,-0.0,0.3912
2026-05-26T12:53:13.943,263.724,6048,FORWARD,0.092384,0.099865,0.00187,0.8,0.0,0.0,M,0,0,-0.0,0.3999,-0.0,0.3999
2026-05-26T12:53:13.975,263.756,6049,FORWARD,0.078415,0.095575,0.00429,0.8,0.0,0.0,M,0,0,-0.0,0.4252,-0.0,0.4252
2026-05-26T12:53:14.023,263.804,6050,FORWARD,0.067204,0.089901,0.005674,0.8,0.0,0.0,M,0,0,-0.0,0.4277,-0.0,0.4277
2026-05-26T12:53:14.065,263.846,6051,FORWARD,0.078419,0.087604,0.002296,0.8,0.0,0.0,M,0,0,-0.0,0.4277,-0.0,0.4277
2026-05-26T12:53:14.125,263.906,6052,FORWARD,0.082888,0.086661,0.000943,0.8,0.0,0.0,M,0,0,-0.0,0.4277,-0.0,0.4277
2026-05-26T12:53:14.187,263.968,6053,FORWARD,0.084731,0.086275,0.000386,0.8,0.0,0.0,M,0,0,-0.0,0.4376,-0.0,0.4376
2026-05-26T12:53:14.235,264.016,6054,FORWARD,0.09373,0.087766,-0.001491,0.8,0.0,0.0,M,0,0,-0.0,0.44,-0.0,0.44
2026-05-26T12:53:14.270,264.051,6055,FORWARD,0.094644,0.089141,-0.001376,0.8,0.0,0.0,M,0,0,-0.0,0.44,-0.0,0.44
2026-05-26T12:53:14.312,264.094,6056,FORWARD,0.092378,0.089789,-0.000647,0.8,0.0,0.0,M,0,0,-0.0,0.4407,-0.0,0.4407
2026-05-26T12:53:14.377,264.158,6057,FORWARD,0.088845,0.0896,0.000189,0.8,0.0,0.0,M,0,0,-0.0,0.4407,-0.0,0.4407
2026-05-26T12:53:14.423,264.204,6058,FORWARD,0.09825,0.09133,-0.00173,0.8,0.0,0.0,M,0,0,-0.0,0.364,-0.0,0.364
2026-05-26T12:53:14.477,264.258,6059,ROT_L,0.09179,0.091422,-9.2e-05,0.8,0.0,0.0,M,0,0,-0.0,0.0606,-0.6341,0.6341
2026-05-26T12:53:14.510,264.291,6060,ROT_L,0.091807,0.091499,-7.7e-05,0.8,0.0,0.0,M,0,0,-0.0,0.0,-0.8239,0.8239
2026-05-26T12:53:14.555,264.336,6061,ROT_L,0.09904,0.093007,-0.001508,0.8,0.0,0.0,M,0,0,-0.0,0.0,-0.8337,0.8337
2026-05-26T12:53:14.591,264.372,6062,ROT_L,0.092622,0.09293,7.7e-05,0.8,0.0,0.0,M,0,0,-0.0,0.0,-0.8337,0.8337
2026-05-26T12:53:14.648,264.43,6063,STOP,0.084955,0.091335,0.001595,0.8,0.0,0.0,M,0,0,-0.0,0.0,-0.0,0.0
2026-05-26T12:53:14.705,264.486,6064,STOP,0.115104,0.096089,-0.004754,0.8,0.0,0.0,M,0,0,-0.0,0.0,-0.0,0.0
2026-05-26T12:53:14.730,264.511,6065,STOP,0.155639,0.107999,-0.01191,0.8,0.0,0.0,M,0,0,-0.0,0.0,-0.0,0.0
2026-05-26T12:53:14.776,264.557,6066,STOP,0.193313,0.125062,-0.017063,0.8,0.0,0.0,M,0,0,-0.0,0.0,-0.0,0.0
2026-05-26T12:53:14.805,264.586,6067,STOP,0.20872,0.141793,-0.016732,0.8,0.0,0.0,M,0,0,-0.0,0.0,-0.0,0.0
2026-05-26T12:53:14.835,264.616,6068,STOP,0.223951,0.158225,-0.016431,0.8,0.0,0.0,H,0,0,-0.0,0.0,-0.0,0.0
2026-05-26T12:53:14.870,264.651,6069,STOP,0.232318,0.173044,-0.014819,0.8,0.0,0.0,H,0,0,-0.0,0.0,-0.0,0.0
2026-05-26T12:53:14.917,264.698,6070,STOP,0.220277,0.18249,-0.009447,0.8,0.0,0.0,H,0,0,-0.0,0.0,-0.1576,0.0
2026-05-26T12:53:14.955,264.737,6071,ROT_L,0.134259,0.172844,0.009646,0.8,0.0,0.0,H,0,0,-0.0,0.0,-0.8288,0.8288
2026-05-26T12:53:14.999,264.78,6072,ROT_L,0.140614,0.166398,0.006446,0.8,0.0,0.0,H,0,0,-0.0,0.0,-0.8307,0.8307
2026-05-26T12:53:15.024,264.806,6073,ROT_L,0.192777,0.171674,-0.005276,0.8,0.0,0.0,H,0,0,-0.0,0.0,-0.8307,0.8307
2026-05-26T12:53:15.060,264.841,6074,ROT_L,0.201468,0.177633,-0.005959,0.8,0.0,0.0,H,0,0,-0.0,0.0,-0.8263,0.8263
2026-05-26T12:53:15.103,264.884,6075,ROT_L,0.185367,0.179179,-0.001547,0.8,0.0,0.0,H,0,0,-0.0,0.0,-0.3702,0.3702
2026-05-26T12:53:15.151,264.932,6076,STOP,0.100195,0.163383,0.015797,0.8,0.0,0.0,H,0,0,-0.0,0.0,-0.0,0.0
2026-05-26T12:53:15.195,264.976,6077,STOP,0.210435,0.172793,-0.00941,0.8,0.0,0.0,H,0,0,-0.0,0.0,-0.0,0.0
2026-05-26T12:53:15.252,265.034,6078,STOP,0.21242,0.180718,-0.007925,0.8,0.0,0.0,H,0,0,-0.0,0.0,-0.0,0.0
2026-05-26T12:53:15.293,265.074,6079,STOP,0.22476,0.189527,-0.008808,0.8,0.0,0.0,H,0,0,-0.0,0.0,-0.0,0.0
2026-05-26T12:53:15.348,265.13,6080,STOP,0.232407,0.198103,-0.008576,0.8,0.0,0.0,H,0,0,-0.0,0.0,-0.0,0.0
2026-05-26T12:53:15.399,265.18,6081,FORWARD,0.222451,0.202972,-0.00487,0.8,0.0,0.0,H,0,0,-0.0,0.4085,-0.0,0.4085
2026-05-26T12:53:15.459,265.24,6082,FORWARD,0.199543,0.202286,0.000686,0.8,0.0,0.0,H,0,0,-0.0,0.7188,-0.0,0.7188
2026-05-26T12:53:15.483,265.264,6083,FORWARD,0.182533,0.198336,0.003951,0.8,0.0,0.0,H,0,0,-0.0,0.8362,-0.0,0.8362
2026-05-26T12:53:15.510,265.291,6084,FORWARD,0.062255,0.17112,0.027216,0.8,0.0,0.0,H,0,0,-0.0,0.869,-0.0,0.869
2026-05-26T12:53:15.546,265.328,6085,FORWARD,0.129796,0.162855,0.008265,0.8,0.0,0.0,H,0,0,-0.0,0.8752,-0.0,0.8752
2026-05-26T12:53:15.583,265.364,6086,FORWARD,0.179214,0.166127,-0.003272,0.8,0.0,0.0,H,0,0,-0.0,0.877,-0.0,0.877
2026-05-26T12:53:15.623,265.404,6087,FORWARD,0.182622,0.169426,-0.003299,0.8,0.0,0.0,H,0,0,-0.0,0.8782,-0.0,0.8782
2026-05-26T12:53:15.659,265.44,6088,FORWARD,0.193694,0.174279,-0.004854,0.8,0.0,0.0,H,0,0,-0.0,0.8789,-0.0,0.8789
2026-05-26T12:53:15.692,265.474,6089,FORWARD,0.219862,0.183396,-0.009116,0.8,0.0,0.0,H,0,0,-0.0,0.8782,-0.0,0.8782
2026-05-26T12:53:15.751,265.532,6090,FORWARD,0.218742,0.190465,-0.007069,0.8,0.0,0.0,H,0,0,-0.0,0.8776,-0.0,0.8776
2026-05-26T12:53:15.791,265.572,6091,FORWARD,0.20109,0.19259,-0.002125,0.8,0.0,0.0,H,0,0,-0.0,0.8671,-0.0,0.8671
2026-05-26T12:53:15.827,265.608,6092,FORWARD,0.186041,0.19128,0.00131,0.8,0.0,0.0,H,0,0,-0.0,0.8653,-0.0,0.8653
2026-05-26T12:53:15.869,265.65,6093,FORWARD,0.182312,0.189487,0.001794,0.8,0.0,0.0,H,0,0,-0.0,0.8671,-0.0,0.8671
2026-05-26T12:53:15.918,265.699,6094,FORWARD,0.22073,0.195735,-0.006249,0.8,0.0,0.0,H,0,0,-0.0,0.8585,-0.0,0.8585
2026-05-26T12:53:15.990,265.771,6095,FORWARD,0.229325,0.202453,-0.006718,0.8,0.0,0.0,H,0,0,-0.0,0.8517,-0.0,0.8517
2026-05-26T12:53:16.021,265.802,6096,FORWARD,0.192535,0.20047,0.001984,0.8,0.0,0.0,H,0,0,-0.0,0.83,-0.0,0.83
2026-05-26T12:53:16.075,265.856,6097,FORWARD,0.169254,0.194226,0.006243,0.8,0.0,0.0,H,0,0,-0.0,0.788,-0.0,0.788
2026-05-26T12:53:16.116,265.897,6098,FORWARD,0.16443,0.188267,0.005959,0.8,0.0,0.0,H,0,0,-0.0,0.767,-0.0,0.767
2026-05-26T12:53:16.169,265.95,6099,FORWARD,0.193297,0.189273,-0.001006,0.8,0.0,0.0,H,0,0,-0.0,0.3578,0.0613,0.3578
2026-05-26T12:53:16.192,265.974,6100,FORWARD,0.176922,0.186803,0.00247,0.8,0.0,0.0,H,0,0,-0.0,0.3578,0.0613,0.3578
2026-05-26T12:53:16.232,266.013,6101,ROT_R,0.155247,0.180492,0.006311,0.8,0.0,0.0,H,0,0,-0.0,0.1069,0.3223,0.3223
2026-05-26T12:53:16.290,266.072,6102,ROT_R,0.17769,0.179931,0.00056,0.8,0.0,0.0,H,0,0,-0.0,0.0,0.8008,0.8008
2026-05-26T12:53:16.321,266.102,6103,ROT_R,0.202941,0.184533,-0.004602,0.8,0.0,0.0,H,0,0,-0.0,0.0,0.9028,0.9028
2026-05-26T12:53:16.348,266.129,6104,ROT_R,0.208878,0.189402,-0.004869,0.8,0.0,0.0,H,0,0,-0.0,0.0,0.9028,0.9028
2026-05-26T12:53:16.388,266.17,6105,ROT_R,0.195272,0.190576,-0.001174,0.8,0.0,0.0,H,0,0,-0.0,0.0,0.9063,0.9063
2026-05-26T12:53:16.433,266.214,6106,ROT_R,0.141151,0.180691,0.009885,0.8,0.0,0.0,H,0,0,-0.0,0.0,0.9075,0.9075
2026-05-26T12:53:16.481,266.262,6107,ROT_R,0.212357,0.187024,-0.006333,0.8,0.0,0.0,H,0,0,-0.0,0.0,0.9063,0.9063
2026-05-26T12:53:16.522,266.303,6108,ROT_R,0.255543,0.200728,-0.013704,0.8,0.0,0.0,H,0,0,-0.0,0.0,0.9057,0.9057
2026-05-26T12:53:16.573,266.355,6109,ROT_R,0.259716,0.212526,-0.011798,0.8,0.0,0.0,H,0,0,-0.0,0.0,0.7083,0.7083
2026-05-26T12:53:16.626,266.407,6110,STOP,0.280575,0.226135,-0.01361,0.8,0.0,0.0,H,0,0,-0.0,0.0,-0.0,0.0
2026-05-26T12:53:16.669,266.45,6111,STOP,0.280349,0.236978,-0.010843,0.8,0.0,0.0,H,0,0,-0.0,0.0,-0.0,0.0
2026-05-26T12:53:16.707,266.488,6112,STOP,0.278051,0.245193,-0.008215,0.8,0.0,0.0,H,0,0,-0.0,0.0,-0.0,0.0
2026-05-26T12:53:16.747,266.529,6113,STOP,0.25873,0.2479,-0.002708,0.8,0.0,0.0,H,0,0,-0.0,0.0,-0.0,0.0
2026-05-26T12:53:16.803,266.584,6114,STOP,0.272866,0.252893,-0.004993,0.8,0.0,0.0,H,0,0,-0.0,0.2837,-0.0,0.0
2026-05-26T12:53:16.832,266.613,6115,STOP,0.276385,0.257592,-0.004698,0.8,0.0,0.0,H,0,0,-0.0,0.2837,-0.0,0.0
2026-05-26T12:53:16.887,266.668,6116,FORWARD,0.264571,0.258987,-0.001396,0.8,0.0,0.0,H,0,0,-0.0,0.6582,-0.0,0.6582
2026-05-26T12:53:16.919,266.7,6117,FORWARD,0.243685,0.255927,0.003061,0.8,0.0,0.0,H,0,0,-0.0,0.7336,-0.0,0.7336
2026-05-26T12:53:16.959,266.74,6118,FORWARD,0.170081,0.238758,0.017169,0.8,0.0,0.0,H,0,0,-0.0,0.8084,-0.0,0.8084
2026-05-26T12:53:16.993,266.775,6119,FORWARD,0.110068,0.21302,0.025738,0.8,0.0,0.0,H,0,0,-0.0,0.8084,-0.0,0.8084
2026-05-26T12:53:17.031,266.812,6120,FORWARD,0.156762,0.201768,0.011252,0.8,0.0,0.0,H,0,0,-0.0,0.8307,-0.0,0.8307
2026-05-26T12:53:17.099,266.88,6121,FORWARD,0.168223,0.195059,0.006709,0.8,0.0,0.0,H,0,0,-0.0,0.8319,-0.0,0.8319
2026-05-26T12:53:17.168,266.949,6122,FORWARD,0.183478,0.192743,0.002316,0.8,0.0,0.0,H,0,0,-0.0,0.8319,-0.0,0.8319
2026-05-26T12:53:17.223,267.004,6123,FORWARD,0.164171,0.187028,0.005714,0.8,0.0,0.0,H,0,0,-0.0,0.8313,-0.0,0.8313
2026-05-26T12:53:17.262,267.044,6124,FORWARD,0.163579,0.182339,0.00469,0.8,0.0,0.0,H,0,0,-0.0,0.8307,-0.0,0.8307
2026-05-26T12:53:17.314,267.096,6125,FORWARD,0.205696,0.18701,-0.004671,0.8,0.0,0.0,H,0,0,-0.0,0.7515,-0.0,0.7515
2026-05-26T12:53:17.371,267.152,6126,FORWARD,0.226446,0.194897,-0.007887,0.8,0.0,0.0,H,0,0,-0.0,0.6508,0.2145,0.6508
2026-05-26T12:53:17.423,267.204,6127,ROT_R,0.219876,0.199893,-0.004996,0.8,0.0,0.0,H,0,0,-0.0,0.3362,0.8998,0.8998
2026-05-26T12:53:17.502,267.283,6128,ROT_R,0.200656,0.200046,-0.000153,0.8,0.0,0.0,H,0,0,-0.0,0.0,0.9305,0.9305
2026-05-26T12:53:17.529,267.31,6129,ROT_R,0.167336,0.193504,0.006542,0.8,0.0,0.0,H,0,0,-0.0,0.0,0.9305,0.9305
2026-05-26T12:53:17.577,267.358,6130,ROT_R,0.169446,0.188692,0.004812,0.8,0.0,0.0,H,0,0,-0.0,0.0,0.9281,0.9281
2026-05-26T12:53:17.620,267.401,6131,ROT_R,0.19795,0.190544,-0.001852,0.8,0.0,0.0,H,0,0,-0.0,0.0,0.4107,0.4107
2026-05-26T12:53:17.661,267.442,6132,STOP,0.218507,0.196136,-0.005593,0.8,0.0,0.0,H,0,0,-0.0,0.0,-0.0,0.0
2026-05-26T12:53:17.701,267.482,6133,STOP,0.232906,0.20349,-0.007354,0.8,0.0,0.0,H,0,0,-0.0,0.0,-0.0,0.0
2026-05-26T12:53:17.731,267.512,6134,STOP,0.223158,0.207424,-0.003934,0.8,0.0,0.0,H,0,0,-0.0,0.0,-0.0,0.0
2026-05-26T12:53:17.770,267.552,6135,STOP,0.227039,0.211347,-0.003923,0.8,0.0,0.0,H,0,0,-0.0,0.0,-0.0,0.0
2026-05-26T12:53:17.803,267.584,6136,STOP,0.263782,0.221834,-0.010487,0.8,0.0,0.0,H,0,0,-0.0,0.0,-0.0,0.0
2026-05-26T12:53:17.851,267.632,6137,STOP,0.263561,0.230179,-0.008345,0.8,0.0,0.0,H,0,0,-0.0,0.0,-0.0,0.0
2026-05-26T12:53:17.879,267.661,6138,STOP,0.261082,0.23636,-0.006181,0.8,0.0,0.0,H,0,0,-0.0,0.0,-0.0,0.0
2026-05-26T12:53:17.930,267.711,6139,STOP,0.268593,0.242806,-0.006447,0.8,0.0,0.0,H,0,0,-0.0,0.0,-0.0,0.0
2026-05-26T12:53:17.973,267.754,6140,STOP,0.179514,0.230148,0.012658,0.8,0.0,0.0,H,0,0,-0.0,0.0,-0.0,0.0
2026-05-26T12:53:18.015,267.796,6141,STOP,0.104428,0.205004,0.025144,0.8,0.0,0.0,H,0,0,-0.0,0.0,-0.0,0.0
2026-05-26T12:53:18.062,267.844,6142,STOP,0.202801,0.204563,0.000441,0.8,0.0,0.0,H,0,0,-0.0,0.0,-0.0,0.0
2026-05-26T12:53:18.104,267.885,6143,STOP,0.1771,0.199071,0.005493,0.8,0.0,0.0,H,0,0,-0.0,0.0,-0.0,0.0
2026-05-26T12:53:18.140,267.922,6144,STOP,0.105767,0.18041,0.018661,0.8,0.0,0.0,H,0,0,-0.0,0.0,-0.0,0.0
2026-05-26T12:53:18.172,267.953,6145,STOP,0.070841,0.158496,0.021914,0.8,0.0,0.0,H,0,0,-0.0,0.0,-0.0,0.0
2026-05-26T12:53:18.219,268.0,6146,STOP,0.108963,0.148589,0.009907,0.8,0.0,0.0,M,0,0,-0.0,0.0,-0.0,0.0
2026-05-26T12:53:18.269,268.05,6147,STOP,0.111401,0.141152,0.007438,0.8,0.0,0.0,M,0,0,-0.0,0.0,-0.0,0.0
2026-05-26T12:53:18.315,268.096,6148,STOP,0.083753,0.129672,0.01148,0.8,0.0,0.0,M,0,0,-0.0,0.0,-0.0,0.0
2026-05-26T12:53:18.345,268.126,6149,STOP,0.131059,0.129949,-0.000277,0.8,0.0,0.0,M,0,0,-0.0,0.0,-0.0,0.0
2026-05-26T12:53:18.403,268.184,6150,STOP,0.152636,0.134487,-0.004537,0.8,0.0,0.0,M,0,0,-0.0,0.0,-0.0,0.0
2026-05-26T12:53:18.455,268.236,6151,STOP,0.080654,0.12372,0.010767,0.8,0.0,0.0,M,0,0,-0.0,0.0,-0.0,0.0
2026-05-26T12:53:18.489,268.27,6152,STOP,0.02603,0.104182,0.019538,0.8,0.0,0.0,M,0,0,-0.0,0.0,-0.0,0.0
2026-05-26T12:53:18.526,268.307,6153,STOP,0.130201,0.109386,-0.005204,0.8,0.0,0.0,M,0,0,-0.0,0.0,-0.0,0.0
2026-05-26T12:53:18.578,268.359,6154,STOP,0.134664,0.114441,-0.005056,0.8,0.0,0.0,M,0,0,-0.0,0.0,-0.0,0.0
2026-05-26T12:53:18.614,268.396,6155,STOP,0.114574,0.114468,-2.7e-05,0.8,0.0,0.0,M,0,0,-0.0,0.0,-0.0,0.0
2026-05-26T12:53:18.660,268.442,6156,STOP,0.068823,0.105339,0.009129,0.8,0.0,0.0,M,0,0,-0.0,0.0,-0.0,0.0
2026-05-26T12:53:18.687,268.468,6157,STOP,0.102894,0.10485,0.000489,0.8,0.0,0.0,M,0,0,-0.0,0.0,-0.0,0.0
2026-05-26T12:53:18.742,268.524,6158,STOP,0.106658,0.105212,-0.000362,0.8,0.0,0.0,M,0,0,-0.0,0.0,-0.0,0.0
2026-05-26T12:53:18.779,268.56,6159,STOP,0.084877,0.101145,0.004067,0.8,0.0,0.0,M,0,0,-0.0,0.0,-0.0,0.0
2026-05-26T12:53:18.816,268.597,6160,STOP,0.02297,0.08551,0.015635,0.8,0.0,0.0,M,0,0,-0.0,0.0,-0.0,0.0
2026-05-26T12:53:18.848,268.63,6161,STOP,0.089809,0.08637,-0.00086,0.8,0.0,0.0,M,0,0,-0.0,0.0,-0.0,0.0
2026-05-26T12:53:18.920,268.702,6162,STOP,0.078368,0.084769,0.0016,0.8,0.0,0.0,M,0,0,-0.0,0.0,-0.0,0.0
2026-05-26T12:53:18.978,268.759,6163,STOP,0.019704,0.071756,0.013013,0.8,0.0,0.0,M,0,0,-0.0,0.0,-0.0,0.0
2026-05-26T12:53:19.024,268.805,6164,STOP,0.014412,0.060287,0.011469,0.8,0.0,0.0,M,0,0,-0.0,0.0,-0.0,0.0
2026-05-26T12:53:19.075,268.856,6165,STOP,0.05062,0.058354,0.001933,0.8,0.0,0.0,M,0,0,-0.0,0.0,-0.0,0.0
2026-05-26T12:53:19.135,268.916,6166,STOP,0.017471,0.050177,0.008177,0.8,0.0,0.0,M,0,0,-0.0,0.0,-0.0,0.0
2026-05-26T12:53:19.172,268.953,6167,STOP,0.013257,0.042793,0.007384,0.8,0.0,0.0,L,0,0,-0.0,0.0,-0.0,0.0
2026-05-26T12:53:19.209,268.991,6168,STOP,0.042591,0.042753,4e-05,0.8,0.0,0.0,L,0,0,-0.0,0.0,-0.0,0.0
2026-05-26T12:53:19.241,269.022,6169,STOP,0.027815,0.039765,0.002988,0.8,0.0,0.0,L,0,0,-0.0,0.0,-0.0,0.0
2026-05-26T12:53:19.289,269.07,6170,STOP,0.010475,0.033907,0.005858,0.8,0.0,0.0,L,0,0,-0.0,0.0,-0.0,0.0
2026-05-26T12:53:19.330,269.111,6171,STOP,0.023697,0.031865,0.002042,0.8,0.0,0.0,L,0,0,-0.0,0.0,-0.0,0.0
2026-05-26T12:53:19.375,269.156,6172,STOP,0.014869,0.028466,0.003399,0.8,0.0,0.0,L,0,0,-0.0,0.0,-0.0,0.0
2026-05-26T12:53:19.434,269.216,6173,STOP,0.006791,0.024131,0.004335,0.8,0.0,0.0,L,0,0,-0.0,0.0,-0.0,0.0
2026-05-26T12:53:19.481,269.262,6174,STOP,0.010238,0.021352,0.002779,0.8,0.0,0.0,L,0,0,-0.0,0.0,-0.0,0.0
2026-05-26T12:53:19.512,269.294,6175,STOP,0.008244,0.018731,0.002622,0.8,0.0,0.0,L,0,0,-0.0,0.0,-0.0,0.0
2026-05-26T12:53:19.550,269.331,6176,STOP,0.005799,0.016144,0.002586,0.8,0.0,0.0,L,0,0,-0.0,0.0,-0.0,0.0
2026-05-26T12:53:19.591,269.372,6177,STOP,0.006393,0.014194,0.00195,0.8,0.0,0.0,L,0,0,-0.0,0.0,-0.0,0.0
2026-05-26T12:53:19.626,269.407,6178,STOP,0.006633,0.012682,0.001512,0.8,0.0,0.0,L,0,0,-0.0,0.0,-0.0,0.0
2026-05-26T12:53:19.682,269.463,6179,STOP,0.010643,0.012274,0.000408,0.8,0.0,0.0,L,0,0,-0.0,0.0,-0.0,0.0
2026-05-26T12:53:19.737,269.518,6180,STOP,0.011276,0.012074,0.0002,0.8,0.0,0.0,L,0,0,-0.0,0.0,-0.0,0.0
2026-05-26T12:53:19.769,269.55,6181,STOP,0.009828,0.011625,0.000449,0.8,0.0,0.0,L,0,0,-0.0,0.0,-0.0,0.0
2026-05-26T12:53:19.807,269.588,6182,STOP,0.006425,0.010585,0.00104,0.8,0.0,0.0,L,0,0,-0.0,0.0,-0.0,0.0
2026-05-26T12:53:19.849,269.63,6183,STOP,0.003906,0.009249,0.001336,0.8,0.0,0.0,L,0,0,-0.0,0.0,-0.0,0.0
2026-05-26T12:53:19.888,269.67,6184,STOP,0.014429,0.010285,-0.001036,0.8,0.0,0.0,L,0,0,-0.0,0.0,-0.0,0.0
2026-05-26T12:53:19.958,269.739,6185,STOP,0.005536,0.009335,0.00095,0.8,0.0,0.0,L,0,0,-0.0,0.0,-0.0,0.0
2026-05-26T12:53:20.006,269.787,6186,STOP,0.005473,0.008563,0.000773,0.8,0.0,0.0,L,0,0,-0.0,0.0,-0.0,0.0
2026-05-26T12:53:20.029,269.81,6187,STOP,0.007209,0.008292,0.000271,0.8,0.0,0.0,L,0,0,-0.0,0.0,-0.0,0.0
2026-05-26T12:53:20.083,269.864,6188,STOP,0.005196,0.007673,0.000619,0.8,0.0,0.0,L,0,0,-0.0,0.0,-0.0,0.0
2026-05-26T12:53:20.131,269.912,6189,STOP,0.005331,0.007204,0.000468,0.8,0.0,0.0,L,0,0,-0.0,0.0,-0.0,0.0
2026-05-26T12:53:20.183,269.964,6190,STOP,0.004243,0.006612,0.000592,0.8,0.0,0.0,L,0,0,-0.0,0.0,-0.0,0.0
2026-05-26T12:53:20.217,269.999,6191,STOP,0.005333,0.006356,0.000256,0.8,0.0,0.0,L,0,0,-0.0,0.0,-0.0,0.0
2026-05-26T12:53:20.269,270.05,6192,STOP,0.006283,0.006342,1.5e-05,0.8,0.0,0.0,L,0,0,-0.0,0.0,-0.0,0.0
2026-05-26T12:53:20.335,270.116,6193,STOP,0.008005,0.006674,-0.000333,0.8,0.0,0.0,L,0,0,-0.0,0.0,-0.0,0.0
2026-05-26T12:53:20.390,270.171,6194,STOP,0.008051,0.00695,-0.000275,0.8,0.0,0.0,L,0,0,-0.0,0.0,-0.0,0.0
2026-05-26T12:53:20.434,270.216,6195,STOP,0.002972,0.006154,0.000796,0.8,0.0,0.0,L,0,0,-0.0,0.0,-0.0,0.0
2026-05-26T12:53:20.473,270.254,6196,STOP,0.008988,0.006721,-0.000567,0.8,0.0,0.0,L,0,0,-0.0,0.0,-0.0,0.0
2026-05-26T12:53:20.511,270.292,6197,STOP,0.010155,0.007408,-0.000687,0.8,0.0,0.0,L,0,0,-0.0,0.0,-0.0,0.0
2026-05-26T12:53:20.546,270.327,6198,STOP,0.003708,0.006668,0.00074,0.8,0.0,0.0,L,0,0,-0.0,0.0,-0.0,0.0
2026-05-26T12:53:20.579,270.36,6199,STOP,0.004539,0.006242,0.000426,0.8,0.0,0.0,L,0,0,-0.0,0.0,-0.0,0.0
2026-05-26T12:53:20.639,270.42,6200,STOP,0.007795,0.006553,-0.00031,0.8,0.0,0.0,L,0,0,-0.0,0.0,-0.0,0.0
2026-05-26T12:53:20.683,270.464,6201,STOP,0.004255,0.006093,0.00046,0.8,0.0,0.0,L,0,0,-0.0,0.0,-0.0,0.0
2026-05-26T12:53:20.743,270.524,6202,STOP,0.003219,0.005518,0.000575,0.8,0.0,0.0,L,0,0,-0.0,0.0,-0.0,0.0
2026-05-26T12:53:20.781,270.562,6203,STOP,0.002863,0.004987,0.000531,0.8,0.0,0.0,L,0,0,-0.0,0.0,-0.0,0.0
2026-05-26T12:53:20.830,270.611,6204,STOP,0.003208,0.004631,0.000356,0.8,0.0,0.0,L,0,0,-0.0,0.0,-0.0,0.0
2026-05-26T12:53:20.881,270.662,6205,STOP,0.004433,0.004592,4e-05,0.8,0.0,0.0,L,0,0,-0.0,0.0,-0.0,0.0
2026-05-26T12:53:20.943,270.724,6206,STOP,0.004533,0.00458,1.2e-05,0.8,0.0,0.0,L,0,0,-0.0,0.0,-0.0,0.0
2026-05-26T12:53:20.990,270.772,6207,STOP,0.004228,0.00451,7e-05,0.8,0.0,0.0,L,0,0,-0.0,0.0,-0.0,0.0
2026-05-26T12:53:21.062,270.843,6208,STOP,0.009053,0.005418,-0.000909,0.8,0.0,0.0,L,0,0,-0.0,0.0,-0.0,0.0
2026-05-26T12:53:21.103,270.884,6209,STOP,0.007533,0.005841,-0.000423,0.8,0.0,0.0,L,0,0,-0.0,0.0,-0.0,0.0
2026-05-26T12:53:21.178,270.96,6210,STOP,0.016408,0.007955,-0.002113,0.8,0.0,0.0,L,0,0,-0.0,0.0,-0.0,0.0
2026-05-26T12:53:21.213,270.994,6211,STOP,0.004959,0.007356,0.000599,0.8,0.0,0.0,L,0,0,-0.0,0.0,-0.0,0.0
2026-05-26T12:53:21.259,271.04,6212,STOP,0.012348,0.008354,-0.000999,0.8,0.0,0.0,L,0,0,-0.0,0.0,-0.0,0.0
2026-05-26T12:53:21.323,271.104,6213,STOP,0.003416,0.007366,0.000988,0.8,0.0,0.0,L,0,0,-0.0,0.0,-0.0,0.0
2026-05-26T12:53:21.374,271.156,6214,STOP,0.008378,0.007569,-0.000202,0.8,0.0,0.0,L,0,0,-0.0,0.0,-0.0,0.0
2026-05-26T12:53:21.402,271.183,6215,STOP,0.004509,0.006957,0.000612,0.8,0.0,0.0,L,0,0,-0.0,0.0,-0.0,0.0
2026-05-26T12:53:21.466,271.247,6216,STOP,0.002688,0.006103,0.000854,0.8,0.0,0.0,L,0,0,-0.0,0.0,-0.0,0.0
2026-05-26T12:53:21.516,271.298,6217,STOP,0.001906,0.005264,0.000839,0.8,0.0,0.0,L,0,0,-0.0,0.0,-0.0,0.0
2026-05-26T12:53:21.551,271.332,6218,STOP,0.003378,0.004886,0.000377,0.8,0.0,0.0,L,0,0,-0.0,0.0,-0.0,0.0
2026-05-26T12:53:21.594,271.375,6219,STOP,0.002849,0.004479,0.000407,0.8,0.0,0.0,L,0,0,-0.0,0.0,-0.0,0.0
2026-05-26T12:53:21.635,271.416,6220,STOP,0.001524,0.003888,0.000591,0.8,0.0,0.0,L,0,0,-0.0,0.0,-0.0,0.0
2026-05-26T12:53:21.714,271.495,6221,STOP,0.00264,0.003638,0.00025,0.8,0.0,0.0,L,0,0,-0.0,0.0,-0.0,0.0
2026-05-26T12:53:21.767,271.548,6222,STOP,0.004262,0.003763,-0.000125,0.8,0.0,0.0,L,0,0,-0.0,0.0,-0.0,0.0
2026-05-26T12:53:21.814,271.596,6223,STOP,0.008171,0.004645,-0.000882,0.8,0.0,0.0,L,0,0,-0.0,0.0,-0.0,0.0
2026-05-26T12:53:21.850,271.631,6224,STOP,0.005679,0.004852,-0.000207,0.8,0.0,0.0,L,0,0,-0.0,0.0,-0.0,0.0
2026-05-26T12:53:21.876,271.657,6225,STOP,0.002843,0.00445,0.000402,0.8,0.0,0.0,L,0,0,-0.0,0.0,-0.0,0.0
2026-05-26T12:53:21.921,271.702,6226,STOP,0.002979,0.004156,0.000294,0.8,0.0,0.0,L,0,0,-0.0,0.0,-0.0,0.0
2026-05-26T12:53:21.970,271.751,6227,STOP,0.002805,0.003886,0.00027,0.8,0.0,0.0,L,0,0,-0.0,0.0,-0.0,0.0
2026-05-26T12:53:22.017,271.798,6228,STOP,0.005719,0.004252,-0.000367,0.8,0.0,0.0,L,0,0,-0.0,0.0,-0.0,0.0
2026-05-26T12:53:22.060,271.842,6229,STOP,0.004155,0.004233,1.9e-05,0.8,0.0,0.0,L,0,0,-0.0,0.0,-0.0,0.0
2026-05-26T12:53:22.117,271.898,6230,STOP,0.002969,0.00398,0.000253,0.8,0.0,0.0,L,0,0,-0.0,0.0,-0.0,0.0
2026-05-26T12:53:22.166,271.948,6231,STOP,0.005063,0.004197,-0.000217,0.8,0.0,0.0,L,0,0,-0.0,0.0,-0.0,0.0
2026-05-26T12:53:22.199,271.98,6232,STOP,0.006546,0.004667,-0.00047,0.8,0.0,0.0,L,0,0,-0.0,0.0,-0.0,0.0
2026-05-26T12:53:22.214,271.995,6233,STOP,0.007872,0.005308,-0.000641,0.8,0.0,0.0,L,0,0,-0.0,0.0,-0.0,0.0
2026-05-26T12:53:22.265,272.046,6234,STOP,0.007827,0.005812,-0.000504,0.8,0.0,0.0,L,0,0,-0.0,0.0,-0.0,0.0
2026-05-26T12:53:22.324,272.106,6235,STOP,0.002237,0.005097,0.000715,0.8,0.0,0.0,L,0,0,-0.0,0.0,-0.0,0.0
2026-05-26T12:53:22.362,272.143,6236,STOP,0.006185,0.005314,-0.000218,0.8,0.0,0.0,L,0,0,-0.0,0.0,-0.0,0.0
2026-05-26T12:53:22.415,272.197,6237,STOP,0.004579,0.005167,0.000147,0.8,0.0,0.0,L,0,0,-0.0,0.0,-0.0,0.0
2026-05-26T12:53:22.459,272.24,6238,STOP,0.007313,0.005596,-0.000429,0.8,0.0,0.0,L,0,0,-0.0,0.0,-0.0,0.0
2026-05-26T12:53:22.507,272.288,6239,STOP,0.007117,0.0059,-0.000304,0.8,0.0,0.0,L,0,0,-0.0,0.0,-0.0,0.0
2026-05-26T12:53:22.545,272.326,6240,STOP,0.004077,0.005536,0.000365,0.8,0.0,0.0,L,0,0,-0.0,0.0,-0.0,0.0
2026-05-26T12:53:22.571,272.352,6241,STOP,0.003805,0.00519,0.000346,0.8,0.0,0.0,L,0,0,-0.0,0.0,-0.0,0.0
2026-05-26T12:53:22.604,272.385,6242,STOP,0.004802,0.005112,7.7e-05,0.8,0.0,0.0,L,0,0,-0.0,0.0,-0.0,0.0
2026-05-26T12:53:22.662,272.443,6243,STOP,0.003804,0.004851,0.000262,0.8,0.0,0.0,L,0,0,-0.0,0.0,-0.0,0.0
2026-05-26T12:53:22.696,272.477,6244,STOP,0.005672,0.005015,-0.000164,0.8,0.0,0.0,L,0,0,-0.0,0.0,-0.0,0.0
2026-05-26T12:53:22.732,272.513,6245,STOP,0.006286,0.005269,-0.000254,0.8,0.0,0.0,L,0,0,-0.0,0.0,-0.0,0.0
2026-05-26T12:53:22.787,272.568,6246,STOP,0.002614,0.004738,0.000531,0.8,0.0,0.0,L,0,0,-0.0,0.0,-0.0,0.0
2026-05-26T12:53:22.836,272.618,6247,STOP,0.001773,0.004145,0.000593,0.8,0.0,0.0,L,0,0,-0.0,0.0,-0.0,0.0
2026-05-26T12:53:22.879,272.66,6248,STOP,0.001906,0.003697,0.000448,0.8,0.0,0.0,L,0,0,-0.0,0.0,-0.0,0.0
2026-05-26T12:53:22.921,272.702,6249,STOP,0.001435,0.003245,0.000452,0.8,0.0,0.0,L,0,0,-0.0,0.0,-0.0,0.0
2026-05-26T12:53:22.962,272.744,6250,STOP,0.002369,0.00307,0.000175,0.8,0.0,0.0,L,0,0,-0.0,0.0,-0.0,0.0
2026-05-26T12:53:23.024,272.806,6251,STOP,0.003128,0.003081,-1.2e-05,0.8,0.0,0.0,L,0,0,-0.0,0.0,-0.0,0.0
2026-05-26T12:53:23.103,272.884,6252,STOP,0.004021,0.003269,-0.000188,0.8,0.0,0.0,L,0,0,-0.0,0.0,-0.0,0.0
2026-05-26T12:53:23.168,272.95,6253,STOP,0.003666,0.003349,-7.9e-05,0.8,0.0,0.0,L,0,0,-0.0,0.0,-0.0,0.0
2026-05-26T12:53:23.223,273.004,6254,STOP,0.003701,0.003419,-7e-05,0.8,0.0,0.0,L,0,0,-0.0,0.0,-0.0,0.0
2026-05-26T12:53:23.265,273.047,6255,STOP,0.003614,0.003458,-3.9e-05,0.8,0.0,0.0,L,0,0,-0.0,0.0,-0.0,0.0
2026-05-26T12:53:23.316,273.098,6256,STOP,0.006574,0.004081,-0.000623,0.8,0.0,0.0,L,0,0,-0.0,0.0,-0.0,0.0
2026-05-26T12:53:23.344,273.125,6257,STOP,0.007176,0.0047,-0.000619,0.8,0.0,0.0,L,0,0,-0.0,0.0,-0.0,0.0
2026-05-26T12:53:23.375,273.156,6258,STOP,0.004694,0.004699,1e-06,0.8,0.0,0.0,L,0,0,-0.0,0.0,-0.0,0.0
2026-05-26T12:53:23.419,273.2,6259,STOP,0.005364,0.004832,-0.000133,0.8,0.0,0.0,L,0,0,-0.0,0.0,-0.0,0.0
2026-05-26T12:53:23.469,273.25,6260,STOP,0.004525,0.004771,6.1e-05,0.8,0.0,0.0,L,0,0,-0.0,0.0,-0.0,0.0
2026-05-26T12:53:23.502,273.283,6261,STOP,0.003274,0.004471,0.000299,0.8,0.0,0.0,L,0,0,-0.0,0.0,-0.0,0.0
2026-05-26T12:53:23.560,273.342,6262,STOP,0.003757,0.004328,0.000143,0.8,0.0,0.0,L,0,0,-0.0,0.0,-0.0,0.0
2026-05-26T12:53:23.619,273.4,6263,STOP,0.002456,0.003954,0.000374,0.8,0.0,0.0,L,0,0,-0.0,0.0,-0.0,0.0
2026-05-26T12:53:23.683,273.464,6264,STOP,0.006836,0.00453,-0.000576,0.8,0.0,0.0,L,0,0,-0.0,0.0,-0.0,0.0
2026-05-26T12:53:23.714,273.495,6265,STOP,0.005563,0.004737,-0.000207,0.8,0.0,0.0,L,0,0,-0.0,0.0,-0.0,0.0
2026-05-26T12:53:23.746,273.528,6266,STOP,0.003616,0.004513,0.000224,0.8,0.0,0.0,L,0,0,-0.0,0.0,-0.0,0.0
2026-05-26T12:53:23.788,273.569,6267,STOP,0.003013,0.004213,0.0003,0.8,0.0,0.0,L,0,0,-0.0,0.0,-0.0,0.0
2026-05-26T12:53:23.825,273.606,6268,STOP,0.007357,0.004842,-0.000629,0.8,0.0,0.0,L,0,0,-0.0,0.0,-0.0,0.0
2026-05-26T12:53:23.907,273.688,6269,STOP,0.005605,0.004994,-0.000153,0.8,0.0,0.0,L,0,0,-0.0,0.0,-0.0,0.0
2026-05-26T12:53:23.963,273.744,6270,STOP,0.003791,0.004754,0.000241,0.8,0.0,0.0,L,0,0,-0.0,0.0,-0.0,0.0
2026-05-26T12:53:24.006,273.788,6271,STOP,0.005811,0.004965,-0.000211,0.8,0.0,0.0,L,0,0,-0.0,0.0,-0.0,0.0
2026-05-26T12:53:24.042,273.824,6272,STOP,0.005423,0.005057,-9.2e-05,0.8,0.0,0.0,L,0,0,-0.0,0.0,-0.0,0.0
2026-05-26T12:53:24.088,273.869,6273,STOP,0.004809,0.005007,5e-05,0.8,0.0,0.0,L,0,0,-0.0,0.0,-0.0,0.0
2026-05-26T12:53:24.167,273.948,6274,STOP,0.003222,0.00465,0.000357,0.8,0.0,0.0,L,0,0,-0.0,0.0,-0.0,0.0
2026-05-26T12:53:24.226,274.007,6275,STOP,0.005844,0.004889,-0.000239,0.8,0.0,0.0,L,0,0,-0.0,0.0,-0.0,0.0
2026-05-26T12:53:24.256,274.037,6276,STOP,0.002654,0.004442,0.000447,0.8,0.0,0.0,L,0,0,-0.0,0.0,-0.0,0.0
2026-05-26T12:53:24.294,274.075,6277,STOP,0.001554,0.003864,0.000578,0.8,0.0,0.0,L,0,0,-0.0,0.0,-0.0,0.0
2026-05-26T12:53:24.339,274.12,6278,STOP,0.00187,0.003465,0.000399,0.8,0.0,0.0,L,0,0,-0.0,0.0,-0.0,0.0
2026-05-26T12:53:24.391,274.172,6279,STOP,0.002427,0.003258,0.000208,0.8,0.0,0.0,L,0,0,-0.0,0.0,-0.0,0.0
2026-05-26T12:53:24.440,274.221,6280,STOP,0.004605,0.003527,-0.000269,0.8,0.0,0.0,L,0,0,-0.0,0.0,-0.0,0.0
2026-05-26T12:53:24.472,274.253,6281,STOP,0.003929,0.003607,-8e-05,0.8,0.0,0.0,L,0,0,-0.0,0.0,-0.0,0.0
2026-05-26T12:53:24.519,274.3,6282,STOP,0.001191,0.003124,0.000483,0.8,0.0,0.0,L,0,0,-0.0,0.0,-0.0,0.0
2026-05-26T12:53:24.587,274.368,6283,STOP,0.00463,0.003425,-0.000301,0.8,0.0,0.0,L,0,0,-0.0,0.0,-0.0,0.0
2026-05-26T12:53:24.660,274.442,6284,STOP,0.003429,0.003426,-1e-06,0.8,0.0,0.0,L,0,0,-0.0,0.0,-0.0,0.0
2026-05-26T12:53:24.702,274.484,6285,STOP,0.004927,0.003726,-0.0003,0.8,0.0,0.0,L,0,0,-0.0,0.0,-0.0,0.0
2026-05-26T12:53:24.732,274.514,6286,STOP,0.003788,0.003739,-1.2e-05,0.8,0.0,0.0,L,0,0,-0.0,0.0,-0.0,0.0
2026-05-26T12:53:24.777,274.558,6287,STOP,0.00391,0.003773,-3.4e-05,0.8,0.0,0.0,L,0,0,-0.0,0.0,-0.0,0.0
2026-05-26T12:53:24.810,274.591,6288,STOP,0.001833,0.003385,0.000388,0.8,0.0,0.0,L,0,0,-0.0,0.0,-0.0,0.0
2026-05-26T12:53:24.852,274.633,6289,STOP,0.002985,0.003305,8e-05,0.8,0.0,0.0,L,0,0,-0.0,0.0,-0.0,0.0
2026-05-26T12:53:24.884,274.665,6290,STOP,0.004065,0.003457,-0.000152,0.8,0.0,0.0,L,0,0,-0.0,0.0,-0.0,0.0
2026-05-26T12:53:24.940,274.721,6291,STOP,0.003171,0.0034,5.7e-05,0.8,0.0,0.0,L,0,0,-0.0,0.0,-0.0,0.0
2026-05-26T12:53:24.978,274.759,6292,STOP,0.003721,0.003464,-6.4e-05,0.8,0.0,0.0,L,0,0,-0.0,0.0,-0.0,0.0
2026-05-26T12:53:25.018,274.8,6293,STOP,0.00474,0.003719,-0.000255,0.8,0.0,0.0,L,0,0,-0.0,0.0,-0.0,0.0
2026-05-26T12:53:25.062,274.843,6294,STOP,0.004113,0.003798,-7.9e-05,0.8,0.0,0.0,L,0,0,-0.0,0.0,-0.0,0.0
2026-05-26T12:53:25.121,274.902,6295,STOP,0.002078,0.003454,0.000344,0.8,0.0,0.0,L,0,0,-0.0,0.0,-0.0,0.0
2026-05-26T12:53:25.160,274.941,6296,STOP,0.001668,0.003097,0.000357,0.8,0.0,0.0,L,0,0,-0.0,0.0,-0.0,0.0
2026-05-26T12:53:25.203,274.984,6297,STOP,0.002908,0.003059,3.8e-05,0.8,0.0,0.0,L,0,0,-0.0,0.0,-0.0,0.0
2026-05-26T12:53:25.261,275.042,6298,RIGHT,0.002012,0.00285,0.000209,0.8,0.0,0.0,L,0,0,0.4608,0.0,-0.0,0.4608
2026-05-26T12:53:25.304,275.085,6299,RIGHT,0.003979,0.003076,-0.000226,0.8,0.0,0.0,L,0,0,0.8309,0.0,-0.0,0.8309
2026-05-26T12:53:25.350,275.131,6300,RIGHT,0.003518,0.003164,-8.9e-05,0.8,0.0,0.0,L,0,0,1.0,0.0,-0.0,1.0
2026-05-26T12:53:25.384,275.165,6301,RIGHT,0.011591,0.004849,-0.001685,0.8,0.0,0.0,L,0,0,1.0,0.0,-0.0,1.0
2026-05-26T12:53:25.409,275.191,6302,RIGHT,0.021243,0.008128,-0.003279,0.8,0.0,0.0,L,0,0,1.0,0.0,-0.0,1.0
2026-05-26T12:53:25.457,275.238,6303,RIGHT,0.061429,0.018788,-0.01066,0.8,0.0,0.0,L,0,0,1.0,0.0,-0.0,1.0
2026-05-26T12:53:25.508,275.289,6304,RIGHT,0.110714,0.037173,-0.018385,0.8,0.0,0.0,L,0,0,1.0,0.0,-0.0,1.0
2026-05-26T12:53:25.547,275.328,6305,RIGHT,0.116415,0.053022,-0.015848,0.8,0.0,0.0,M,0,0,1.0,0.0,-0.0,1.0
2026-05-26T12:53:25.585,275.366,6306,RIGHT,0.158974,0.074212,-0.02119,0.8,0.0,0.0,M,0,0,1.0,0.0,-0.0,1.0
2026-05-26T12:53:25.625,275.406,6307,RIGHT,0.218149,0.103,-0.028787,0.8,0.0,0.0,M,0,0,1.0,0.0,-0.0,1.0
2026-05-26T12:53:25.663,275.444,6308,RIGHT,0.245747,0.131549,-0.028549,0.8,0.0,0.0,M,0,0,1.0,0.0,-0.0,1.0
2026-05-26T12:53:25.702,275.483,6309,RIGHT,0.238645,0.152968,-0.021419,0.8,0.0,0.0,H,0,0,1.0,0.0,-0.0,1.0
2026-05-26T12:53:25.742,275.523,6310,RIGHT,0.225989,0.167572,-0.014604,0.8,0.0,0.0,H,0,0,1.0,0.076,-0.0,1.0
2026-05-26T12:53:25.774,275.555,6311,RIGHT,0.260398,0.186137,-0.018565,0.8,0.0,0.0,H,0,0,1.0,0.1749,-0.0,1.0
2026-05-26T12:53:25.804,275.586,6312,RIGHT,0.280637,0.205037,-0.0189,0.8,0.0,0.0,H,0,0,0.7619,0.3807,-0.0,0.7619
2026-05-26T12:53:25.869,275.65,6313,FORWARD,0.272343,0.218499,-0.013461,0.8,0.0,0.0,H,0,0,-0.0,0.7466,-0.0,0.7466
2026-05-26T12:53:25.912,275.693,6314,FORWARD,0.212025,0.217204,0.001295,0.8,0.0,0.0,H,0,0,-0.0,0.869,-0.0,0.869
2026-05-26T12:53:25.944,275.726,6315,FORWARD,0.134135,0.20059,0.016614,0.8,0.0,0.0,H,0,0,-0.0,0.8925,-0.0,0.8925
2026-05-26T12:53:25.982,275.763,6316,FORWARD,0.218759,0.204224,-0.003634,0.8,0.0,0.0,H,0,0,-0.0,0.958,-0.0,0.958
2026-05-26T12:53:26.022,275.803,6317,FORWARD,0.282918,0.219963,-0.015739,0.8,0.0,0.0,H,0,0,-0.0,0.958,-0.0,0.958
2026-05-26T12:53:26.053,275.834,6318,FORWARD,0.282011,0.232372,-0.01241,0.8,0.0,0.0,H,0,0,-0.0,0.9796,-0.0,0.9796
2026-05-26T12:53:26.087,275.868,6319,FORWARD,0.216649,0.229228,0.003145,0.8,0.0,0.0,H,0,0,-0.0,0.9957,-0.0,0.9957
2026-05-26T12:53:26.138,275.919,6320,FORWARD,0.138539,0.21109,0.018138,0.8,0.0,0.0,H,0,0,-0.0,1.0,-0.0,1.0
2026-05-26T12:53:26.199,275.98,6321,FORWARD,0.233958,0.215663,-0.004574,0.8,0.0,0.0,H,0,0,-0.0,1.0,-0.0,1.0
2026-05-26T12:53:26.221,276.002,6322,FORWARD,0.249849,0.222501,-0.006837,0.8,0.0,0.0,H,0,0,-0.0,1.0,-0.0,1.0
2026-05-26T12:53:26.264,276.045,6323,FORWARD,0.239108,0.225822,-0.003322,0.8,0.0,0.0,H,0,0,-0.0,1.0,-0.0,1.0
2026-05-26T12:53:26.304,276.085,6324,FORWARD,0.164485,0.213555,0.012267,0.8,0.0,0.0,H,0,0,0.1685,0.9178,-0.0,0.9178
2026-05-26T12:53:26.352,276.133,6325,RIGHT,0.156666,0.202177,0.011378,0.8,0.0,0.0,H,0,0,0.8586,0.7806,-0.0,0.8586
2026-05-26T12:53:26.394,276.175,6326,RIGHT,0.231778,0.208097,-0.00592,0.8,0.0,0.0,H,0,0,1.0,0.4431,-0.0,1.0
2026-05-26T12:53:26.432,276.214,6327,RIGHT,0.229943,0.212466,-0.004369,0.8,0.0,0.0,H,0,0,1.0,0.4431,-0.0,1.0
2026-05-26T12:53:26.457,276.239,6328,RIGHT,0.212206,0.212414,5.2e-05,0.8,0.0,0.0,H,0,0,1.0,0.3986,-0.0,1.0
2026-05-26T12:53:26.475,276.256,6329,RIGHT,0.106076,0.191147,0.021268,0.8,0.0,0.0,H,0,0,1.0,0.3096,-0.0,1.0
2026-05-26T12:53:26.522,276.303,6330,RIGHT,0.139116,0.180741,0.010406,0.8,0.0,0.0,H,0,0,1.0,0.2633,-0.0,1.0
2026-05-26T12:53:26.570,276.351,6331,RIGHT,0.169031,0.178399,0.002342,0.8,0.0,0.0,H,0,0,1.0,0.2206,-0.0,1.0
2026-05-26T12:53:26.620,276.401,6332,RIGHT,0.139794,0.170678,0.007721,0.8,0.0,0.0,H,0,0,1.0,0.1978,-0.0,1.0
2026-05-26T12:53:26.661,276.442,6333,RIGHT,0.113129,0.159168,0.01151,0.8,0.0,0.0,H,0,0,1.0,0.1749,-0.0,1.0
2026-05-26T12:53:26.722,276.503,6334,RIGHT,0.165745,0.160483,-0.001315,0.8,0.0,0.0,H,0,0,1.0,0.1489,-0.0,1.0
2026-05-26T12:53:26.760,276.542,6335,RIGHT,0.19725,0.167837,-0.007353,0.8,0.0,0.0,H,0,0,1.0,0.0698,-0.0,1.0
2026-05-26T12:53:26.802,276.584,6336,RIGHT,0.212564,0.176782,-0.008945,0.8,0.0,0.0,H,0,0,1.0,0.0,-0.0,1.0
2026-05-26T12:53:26.835,276.616,6337,RIGHT,0.218465,0.185119,-0.008337,0.8,0.0,0.0,H,0,0,0.5486,0.0,-0.0,0.5486
2026-05-26T12:53:26.887,276.668,6338,STOP,0.194229,0.186941,-0.001822,0.8,0.0,0.0,H,0,0,-0.0,0.0,-0.0,0.0
2026-05-26T12:53:26.938,276.719,6339,STOP,0.206712,0.190895,-0.003954,0.8,0.0,0.0,H,0,0,-0.0,0.0,-0.0,0.0
2026-05-26T12:53:26.977,276.758,6340,STOP,0.202628,0.193242,-0.002347,0.8,0.0,0.0,H,0,0,-0.0,0.0,-0.0,0.0
2026-05-26T12:53:27.022,276.803,6341,STOP,0.191993,0.192992,0.00025,0.8,0.0,0.0,H,0,0,-0.0,0.0,-0.0,0.0
2026-05-26T12:53:27.046,276.827,6342,STOP,0.179902,0.190374,0.002618,0.8,0.0,0.0,H,0,0,-0.0,0.0,-0.0,0.0
2026-05-26T12:53:27.071,276.852,6343,STOP,0.142782,0.180856,0.009518,0.8,0.0,0.0,H,0,0,-0.0,0.0,-0.0,0.0
2026-05-26T12:53:27.110,276.891,6344,STOP,0.210452,0.186775,-0.005919,0.8,0.0,0.0,H,0,0,-0.0,0.0,-0.0,0.0
2026-05-26T12:53:27.148,276.929,6345,STOP,0.208086,0.191037,-0.004262,0.8,0.0,0.0,H,0,0,-0.0,0.0,-0.0,0.0
2026-05-26T12:53:27.176,276.957,6346,STOP,0.185787,0.189987,0.00105,0.8,0.0,0.0,H,0,0,-0.0,0.0,-0.0,0.0
2026-05-26T12:53:27.214,276.995,6347,STOP,0.146501,0.18129,0.008697,0.8,0.0,0.0,H,0,0,-0.0,0.0,-0.0,0.0
2026-05-26T12:53:27.241,277.022,6348,STOP,0.12177,0.169386,0.011904,0.8,0.0,0.0,H,0,0,-0.0,0.0,-0.0,0.0
2026-05-26T12:53:27.282,277.063,6349,STOP,0.185565,0.172622,-0.003236,0.8,0.0,0.0,H,0,0,-0.0,0.0,-0.0,0.0
2026-05-26T12:53:27.312,277.093,6350,STOP,0.194661,0.17703,-0.004408,0.8,0.0,0.0,H,0,0,-0.0,0.0,-0.0,0.0
2026-05-26T12:53:27.360,277.142,6351,STOP,0.188057,0.179235,-0.002205,0.8,0.0,0.0,H,0,0,-0.0,0.0,-0.0,0.0
2026-05-26T12:53:27.391,277.173,6352,STOP,0.163556,0.176099,0.003136,0.8,0.0,0.0,H,0,0,-0.0,0.0,-0.0,0.0
2026-05-26T12:53:27.454,277.235,6353,STOP,0.105674,0.162014,0.014085,0.8,0.0,0.0,H,0,0,-0.0,0.0,-0.0,0.0
2026-05-26T12:53:27.504,277.285,6354,STOP,0.138122,0.157236,0.004779,0.8,0.0,0.0,H,0,0,-0.0,0.0,-0.0,0.0
2026-05-26T12:53:27.550,277.331,6355,STOP,0.14724,0.155237,0.001999,0.8,0.0,0.0,H,0,0,-0.0,0.0,-0.0,0.0
2026-05-26T12:53:27.612,277.393,6356,STOP,0.094913,0.143172,0.012065,0.8,0.0,0.0,M,0,0,-0.0,0.0,-0.0,0.0
2026-05-26T12:53:27.670,277.452,6357,STOP,0.095794,0.133696,0.009476,0.8,0.0,0.0,M,0,0,-0.0,0.0,-0.0,0.0
2026-05-26T12:53:27.702,277.483,6358,STOP,0.134877,0.133932,-0.000236,0.8,0.0,0.0,M,0,0,-0.0,0.0,-0.0,0.0
2026-05-26T12:53:27.734,277.515,6359,STOP,0.127828,0.132711,0.001221,0.8,0.0,0.0,M,0,0,-0.0,0.0,-0.1731,0.0
2026-05-26T12:53:27.770,277.551,6360,STOP,0.08225,0.122619,0.010092,0.8,0.0,0.0,M,0,0,-0.0,0.0,-0.1731,0.0
2026-05-26T12:53:27.817,277.598,6361,ROT_L,0.040982,0.106292,0.016327,0.8,0.0,0.0,M,0,0,-0.0,0.0,-0.8232,0.8232
2026-05-26T12:53:27.845,277.626,6362,ROT_L,0.106847,0.106403,-0.000111,0.8,0.0,0.0,M,0,0,-0.0,0.0,-0.8523,0.8523
2026-05-26T12:53:27.888,277.67,6363,ROT_L,0.116711,0.108465,-0.002062,0.8,0.0,0.0,M,0,0,-0.0,0.0,-0.5729,0.5729
2026-05-26T12:53:27.915,277.696,6364,STOP,0.086312,0.104034,0.004431,0.8,0.0,0.0,M,0,0,-0.0,0.0,-0.0,0.0
2026-05-26T12:53:27.949,277.73,6365,STOP,0.051554,0.093538,0.010496,0.8,0.0,0.0,M,0,0,-0.0,0.0,-0.0,0.0
2026-05-26T12:53:28.017,277.798,6366,STOP,0.144258,0.103682,-0.010144,0.8,0.0,0.0,M,0,0,-0.0,0.0,-0.0,0.0
2026-05-26T12:53:28.062,277.843,6367,STOP,0.176773,0.1183,-0.014618,0.8,0.0,0.0,M,0,0,-0.0,0.0,-0.0,0.0
2026-05-26T12:53:28.114,277.895,6368,STOP,0.235437,0.141728,-0.023427,0.8,0.0,0.0,M,0,0,-0.0,0.0,-0.0,0.0
2026-05-26T12:53:28.149,277.93,6369,STOP,0.23467,0.160316,-0.018588,0.8,0.0,0.0,H,0,0,-0.0,0.0,-0.0,0.0
2026-05-26T12:53:28.198,277.979,6370,STOP,0.232461,0.174745,-0.014429,0.8,0.0,0.0,H,0,0,-0.0,0.0,-0.0,0.0
2026-05-26T12:53:28.227,278.008,6371,STOP,0.186442,0.177084,-0.002339,0.8,0.0,0.0,H,0,0,-0.0,0.0,-0.0,0.0
2026-05-26T12:53:28.290,278.071,6372,STOP,0.128456,0.167359,0.009726,0.8,0.0,0.0,H,0,0,-0.0,0.0,-0.0,0.0
2026-05-26T12:53:28.339,278.12,6373,STOP,0.133603,0.160607,0.006751,0.8,0.0,0.0,H,0,0,-0.0,0.2108,-0.0,0.0
2026-05-26T12:53:28.409,278.191,6374,FORWARD,0.138113,0.156109,0.004499,0.8,0.0,0.0,H,0,0,-0.0,0.8486,-0.0,0.8486
2026-05-26T12:53:28.462,278.244,6375,FORWARD,0.132698,0.151426,0.004682,0.8,0.0,0.0,H,0,0,-0.0,0.8609,-0.0,0.8609
2026-05-26T12:53:28.534,278.315,6376,STOP,0.121516,0.145444,0.005982,0.8,0.0,0.0,M,0,0,-0.0,0.076,-0.0,0.0
2026-05-26T12:53:28.592,278.373,6377,STOP,0.116621,0.13968,0.005765,0.8,0.0,0.0,M,0,0,-0.0,0.0,-0.0,0.0
2026-05-26T12:53:28.621,278.402,6378,STOP,0.137317,0.139207,0.000472,0.8,0.0,0.0,M,0,0,-0.0,0.0,-0.0,0.0
2026-05-26T12:53:28.694,278.475,6379,STOP,0.136285,0.138623,0.000584,0.8,0.0,0.0,M,0,0,-0.0,0.0,-0.0,0.0
2026-05-26T12:53:28.736,278.518,6380,STOP,0.098176,0.130533,0.008089,0.8,0.0,0.0,M,0,0,-0.0,0.0,-0.0,0.0
2026-05-26T12:53:28.770,278.551,6381,LEFT,0.13667,0.131761,-0.001227,0.8,0.0,0.0,M,0,0,-0.8486,0.0,-0.0,0.8486
2026-05-26T12:53:28.824,278.606,6382,LEFT,0.174483,0.140305,-0.008544,0.8,0.0,0.0,M,0,0,-1.0,0.0,-0.0,1.0
2026-05-26T12:53:28.862,278.644,6383,LEFT,0.170046,0.146253,-0.005948,0.8,0.0,0.0,M,0,0,-1.0,0.0,-0.0,1.0
2026-05-26T12:53:28.887,278.668,6384,LEFT,0.134067,0.143816,0.002437,0.8,0.0,0.0,M,0,0,-1.0,0.0,-0.0,1.0
2026-05-26T12:53:28.914,278.695,6385,LEFT,0.09591,0.134235,0.009581,0.8,0.0,0.0,M,0,0,-0.8714,0.0,-0.0,0.8714
2026-05-26T12:53:28.975,278.756,6386,STOP,0.169958,0.141379,-0.007145,0.8,0.0,0.0,M,0,0,-0.0,0.0,-0.0,0.0
2026-05-26T12:53:29.018,278.799,6387,STOP,0.19393,0.15189,-0.01051,0.8,0.0,0.0,H,0,0,-0.0,0.0,-0.0,0.0
2026-05-26T12:53:29.045,278.827,6388,STOP,0.180711,0.157654,-0.005764,0.8,0.0,0.0,H,0,0,-0.0,0.0,-0.0,0.0
2026-05-26T12:53:29.086,278.867,6389,STOP,0.1363,0.153383,0.004271,0.8,0.0,0.0,H,0,0,-0.0,0.0,-0.0,0.0
2026-05-26T12:53:29.125,278.906,6390,STOP,0.105044,0.143715,0.009668,0.8,0.0,0.0,M,0,0,-0.0,0.0,-0.0,0.0
2026-05-26T12:53:29.179,278.96,6391,STOP,0.161688,0.14731,-0.003595,0.8,0.0,0.0,M,0,0,-0.0,0.0,-0.0,0.0
2026-05-26T12:53:29.221,279.002,6392,STOP,0.215442,0.160936,-0.013627,0.8,0.0,0.0,H,0,0,-0.0,0.0,-0.0,0.0
2026-05-26T12:53:29.258,279.04,6393,STOP,0.217452,0.172239,-0.011303,0.8,0.0,0.0,H,0,0,-0.0,0.0,-0.0,0.0
2026-05-26T12:53:29.291,279.073,6394,STOP,0.21777,0.181345,-0.009106,0.8,0.0,0.0,H,0,0,-0.0,0.0,-0.0,0.0
2026-05-26T12:53:29.334,279.115,6395,STOP,0.200488,0.185174,-0.003828,0.8,0.0,0.0,H,0,0,-0.0,0.0,-0.0,0.0
2026-05-26T12:53:29.373,279.154,6396,STOP,0.142922,0.176723,0.00845,0.8,0.0,0.0,H,0,0,-0.0,0.0,-0.0,0.0
2026-05-26T12:53:29.402,279.183,6397,STOP,0.207866,0.182952,-0.006229,0.8,0.0,0.0,H,0,0,-0.0,0.0,-0.0,0.0
2026-05-26T12:53:29.440,279.221,6398,STOP,0.201222,0.186606,-0.003654,0.8,0.0,0.0,H,0,0,-0.0,0.0,-0.0,0.0
2026-05-26T12:53:29.479,279.26,6399,STOP,0.20028,0.189341,-0.002735,0.8,0.0,0.0,H,0,0,-0.0,0.0,-0.0,0.0
2026-05-26T12:53:29.524,279.305,6400,STOP,0.174911,0.186455,0.002886,0.8,0.0,0.0,H,0,0,-0.0,0.0,-0.0,0.0
2026-05-26T12:53:29.556,279.337,6401,STOP,0.125514,0.174267,0.012188,0.8,0.0,0.0,H,0,0,-0.0,0.0,-0.0,0.0
2026-05-26T12:53:29.599,279.38,6402,STOP,0.15597,0.170607,0.003659,0.8,0.0,0.0,H,0,0,-0.0,0.0,-0.0,0.0
2026-05-26T12:53:29.644,279.425,6403,STOP,0.153384,0.167163,0.003445,0.8,0.0,0.0,H,0,0,-0.0,0.0,-0.0,0.0
2026-05-26T12:53:29.679,279.46,6404,STOP,0.137103,0.161151,0.006012,0.8,0.0,0.0,H,0,0,-0.0,0.0,-0.0,0.0
2026-05-26T12:53:29.716,279.497,6405,STOP,0.12373,0.153667,0.007484,0.8,0.0,0.0,H,0,0,-0.0,0.0,-0.0,0.0
2026-05-26T12:53:29.746,279.528,6406,STOP,0.115892,0.146112,0.007555,0.8,0.0,0.0,M,0,0,-0.0,0.0,-0.0,0.0
2026-05-26T12:53:29.803,279.585,6407,STOP,0.125691,0.142027,0.004084,0.8,0.0,0.0,M,0,0,-0.0,0.0,-0.0,0.0
2026-05-26T12:53:29.838,279.619,6408,STOP,0.138833,0.141388,0.000639,0.8,0.0,0.0,M,0,0,-0.0,0.0,-0.0,0.0
2026-05-26T12:53:29.892,279.673,6409,STOP,0.207618,0.154634,-0.013246,0.8,0.0,0.0,H,0,0,-0.0,0.0,-0.0,0.0
2026-05-26T12:53:29.943,279.724,6410,STOP,0.225978,0.168903,-0.014269,0.8,0.0,0.0,H,0,0,-0.0,0.0,-0.0,0.0
2026-05-26T12:53:29.987,279.769,6411,STOP,0.215949,0.178312,-0.009409,0.8,0.0,0.0,H,0,0,-0.0,0.0,-0.0,0.0
2026-05-26T12:53:30.041,279.822,6412,STOP,0.187063,0.180063,-0.00175,0.8,0.0,0.0,H,0,0,-0.0,0.0,-0.0,0.0
2026-05-26T12:53:30.091,279.872,6413,STOP,0.162251,0.1765,0.003562,0.8,0.0,0.0,H,0,0,-0.0,0.0,-0.0,0.0
2026-05-26T12:53:30.144,279.925,6414,STOP,0.100365,0.161273,0.015227,0.8,0.0,0.0,H,0,0,-0.0,0.0,-0.0,0.0
2026-05-26T12:53:30.206,279.987,6415,STOP,0.051048,0.139228,0.022045,0.8,0.0,0.0,M,0,0,-0.0,0.0,-0.0,0.0
2026-05-26T12:53:30.246,280.027,6416,STOP,0.030436,0.11747,0.021759,0.8,0.0,0.0,M,0,0,-0.0,0.0,-0.0,0.0
2026-05-26T12:53:30.279,280.06,6417,STOP,0.083623,0.1107,0.006769,0.8,0.0,0.0,M,0,0,-0.0,0.0,-0.0,0.0
2026-05-26T12:53:30.327,280.108,6418,STOP,0.064804,0.101521,0.009179,0.8,0.0,0.0,M,0,0,-0.0,0.0,-0.0,0.0
2026-05-26T12:53:30.363,280.144,6419,STOP,0.031578,0.087533,0.013989,0.8,0.0,0.0,M,0,0,-0.0,0.0,-0.0,0.0
2026-05-26T12:53:30.408,280.189,6420,STOP,0.063963,0.082819,0.004714,0.8,0.0,0.0,M,0,0,-0.0,0.0,-0.0,0.0
2026-05-26T12:53:30.456,280.237,6421,STOP,0.068264,0.079908,0.002911,0.8,0.0,0.0,M,0,0,-0.0,0.0,-0.0,0.0
2026-05-26T12:53:30.496,280.277,6422,STOP,0.032081,0.070342,0.009565,0.8,0.0,0.0,M,0,0,-0.0,0.0,-0.0,0.0
2026-05-26T12:53:30.539,280.32,6423,STOP,0.032041,0.062682,0.00766,0.8,0.0,0.0,M,0,0,-0.0,0.0,-0.0,0.0
2026-05-26T12:53:30.611,280.393,6424,STOP,0.03438,0.057022,0.00566,0.8,0.0,0.0,M,0,0,-0.0,0.0,-0.0,0.0
2026-05-26T12:53:30.653,280.434,6425,STOP,0.019681,0.049553,0.007468,0.8,0.0,0.0,L,0,0,-0.0,0.0,-0.0,0.0
2026-05-26T12:53:30.693,280.474,6426,STOP,0.02026,0.043695,0.005859,0.8,0.0,0.0,L,0,0,-0.0,0.0,-0.0,0.0
2026-05-26T12:53:30.727,280.508,6427,STOP,0.024969,0.03995,0.003745,0.8,0.0,0.0,L,0,0,-0.0,0.0,-0.0,0.0
2026-05-26T12:53:30.768,280.549,6428,STOP,0.04422,0.040804,-0.000854,0.8,0.0,0.0,L,0,0,-0.0,0.0,-0.0,0.0
2026-05-26T12:53:30.819,280.6,6429,STOP,0.012971,0.035237,0.005567,0.8,0.0,0.0,L,0,0,-0.0,0.0,-0.0,0.0
2026-05-26T12:53:30.862,280.644,6430,STOP,0.019157,0.032021,0.003216,0.8,0.0,0.0,L,0,0,-0.0,0.0,-0.0,0.0
2026-05-26T12:53:30.913,280.694,6431,STOP,0.027008,0.031019,0.001003,0.8,0.0,0.0,L,0,0,-0.0,0.0,-0.0,0.0
2026-05-26T12:53:30.972,280.753,6432,STOP,0.017333,0.028281,0.002737,0.8,0.0,0.0,L,0,0,-0.0,0.0,-0.0,0.0
2026-05-26T12:53:31.005,280.786,6433,STOP,0.017099,0.026045,0.002236,0.8,0.0,0.0,L,0,0,-0.0,0.0,-0.0,0.0
2026-05-26T12:53:31.069,280.85,6434,STOP,0.006962,0.022229,0.003817,0.8,0.0,0.0,L,0,0,-0.0,0.0,-0.0,0.0
2026-05-26T12:53:31.142,280.923,6435,STOP,0.010031,0.019789,0.002439,0.8,0.0,0.0,L,0,0,-0.0,0.0,-0.0,0.0
2026-05-26T12:53:31.190,280.972,6436,STOP,0.003551,0.016542,0.003248,0.8,0.0,0.0,L,0,0,-0.0,0.0,-0.0,0.0
2026-05-26T12:53:31.228,281.009,6437,STOP,0.001377,0.013509,0.003033,0.8,0.0,0.0,L,0,0,-0.0,0.0,-0.0,0.0
2026-05-26T12:53:31.302,281.083,6438,STOP,0.001422,0.011091,0.002417,0.8,0.0,0.0,L,0,0,-0.0,0.0,-0.0,0.0
2026-05-26T12:53:31.338,281.119,6439,STOP,0.003177,0.009509,0.001583,0.8,0.0,0.0,L,0,0,-0.0,0.0,-0.0,0.0
2026-05-26T12:53:31.387,281.168,6440,STOP,0.001617,0.00793,0.001578,0.8,0.0,0.0,L,0,0,-0.0,0.0,-0.0,0.0
2026-05-26T12:53:31.436,281.217,6441,STOP,0.004765,0.007297,0.000633,0.8,0.0,0.0,L,0,0,-0.0,0.0,-0.0,0.0
2026-05-26T12:53:31.482,281.264,6442,STOP,0.0047,0.006778,0.000519,0.8,0.0,0.0,L,0,0,-0.0,0.0,-0.0,0.0
2026-05-26T12:53:31.524,281.305,6443,STOP,0.005741,0.00657,0.000207,0.8,0.0,0.0,L,0,0,-0.0,0.0,-0.0,0.0
2026-05-26T12:53:31.556,281.337,6444,STOP,0.013668,0.00799,-0.00142,0.8,0.0,0.0,L,0,0,-0.0,0.0,-0.0,0.0
2026-05-26T12:53:31.597,281.378,6445,STOP,0.01816,0.010024,-0.002034,0.8,0.0,0.0,L,0,0,-0.0,0.0,-0.0,0.0
2026-05-26T12:53:31.643,281.424,6446,STOP,0.018894,0.011798,-0.001774,0.8,0.0,0.0,L,0,0,-0.0,0.0,-0.0,0.0
2026-05-26T12:53:31.678,281.459,6447,STOP,0.023607,0.01416,-0.002362,0.8,0.0,0.0,L,0,0,-0.0,0.0,-0.0,0.0
2026-05-26T12:53:31.717,281.498,6448,STOP,0.020549,0.015438,-0.001278,0.8,0.0,0.0,L,0,0,-0.0,0.0,-0.0,0.0
2026-05-26T12:53:31.763,281.544,6449,STOP,0.020135,0.016377,-0.000939,0.8,0.0,0.0,L,0,0,-0.0,0.0,-0.0,0.0
2026-05-26T12:53:31.814,281.595,6450,STOP,0.019278,0.016957,-0.00058,0.8,0.0,0.0,L,0,0,-0.0,0.0,-0.0,0.0
2026-05-26T12:53:31.847,281.629,6451,STOP,0.020699,0.017706,-0.000748,0.8,0.0,0.0,L,0,0,-0.0,0.0,-0.0,0.0
2026-05-26T12:53:31.889,281.67,6452,STOP,0.018643,0.017893,-0.000187,0.8,0.0,0.0,L,0,0,-0.0,0.0,-0.0,0.0
2026-05-26T12:53:31.915,281.696,6453,STOP,0.017759,0.017866,2.7e-05,0.8,0.0,0.0,L,0,0,-0.0,0.0,-0.0,0.0
2026-05-26T12:53:31.984,281.765,6454,STOP,0.016291,0.017551,0.000315,0.8,0.0,0.0,L,0,0,-0.0,0.0,-0.0,0.0
2026-05-26T12:53:32.036,281.818,6455,STOP,0.012764,0.016594,0.000957,0.8,0.0,0.0,L,0,0,-0.0,0.0,-0.0,0.0
2026-05-26T12:53:32.084,281.866,6456,STOP,0.010602,0.015396,0.001198,0.8,0.0,0.0,L,0,0,-0.0,0.0,-0.0,0.0
2026-05-26T12:53:32.104,281.885,6457,STOP,0.00697,0.01371,0.001685,0.8,0.0,0.0,L,0,0,-0.0,0.0,-0.0,0.0
2026-05-26T12:53:32.154,281.935,6458,STOP,0.003168,0.011602,0.002108,0.8,0.0,0.0,L,0,0,-0.0,0.0,-0.0,0.0
2026-05-26T12:53:32.190,281.971,6459,STOP,0.002025,0.009687,0.001915,0.8,0.0,0.0,L,0,0,-0.0,0.0,-0.0,0.0
2026-05-26T12:53:32.228,282.01,6460,STOP,0.005621,0.008873,0.000813,0.8,0.0,0.0,L,0,0,-0.0,0.0,-0.0,0.0
2026-05-26T12:53:32.253,282.034,6461,STOP,0.005162,0.008131,0.000742,0.8,0.0,0.0,L,0,0,-0.0,0.0,-0.0,0.0
2026-05-26T12:53:32.291,282.072,6462,STOP,0.002259,0.006957,0.001174,0.8,0.0,0.0,L,0,0,-0.0,0.0,-0.0,0.0
2026-05-26T12:53:32.329,282.111,6463,STOP,0.004802,0.006526,0.000431,0.8,0.0,0.0,L,0,0,-0.0,0.0,-0.0,0.0
2026-05-26T12:53:32.340,282.122,6464,STOP,0.006593,0.006539,-1.3e-05,0.8,0.0,0.0,L,0,0,-0.0,0.0,-0.0,0.0
2026-05-26T12:53:32.389,282.17,6465,STOP,0.003975,0.006027,0.000513,0.8,0.0,0.0,L,0,0,-0.0,0.0,-0.0,0.0
2026-05-26T12:53:32.442,282.223,6466,STOP,0.002851,0.005391,0.000635,0.8,0.0,0.0,L,0,0,-0.0,0.0,-0.0,0.0
2026-05-26T12:53:32.501,282.282,6467,STOP,0.003343,0.004982,0.00041,0.8,0.0,0.0,L,0,0,-0.0,0.0,-0.0,0.0
2026-05-26T12:53:32.560,282.341,6468,STOP,0.001499,0.004285,0.000697,0.8,0.0,0.0,L,0,0,-0.0,0.0,-0.0,0.0
2026-05-26T12:53:32.633,282.414,6469,STOP,0.004778,0.004384,-9.9e-05,0.8,0.0,0.0,L,0,0,-0.0,0.0,-0.0,0.0
2026-05-26T12:53:32.678,282.459,6470,STOP,0.00354,0.004215,0.000169,0.8,0.0,0.0,L,0,0,-0.0,0.0,-0.0,0.0
2026-05-26T12:53:32.705,282.486,6471,STOP,0.004547,0.004281,-6.6e-05,0.8,0.0,0.0,L,0,0,-0.0,0.0,-0.0,0.0
2026-05-26T12:53:32.749,282.53,6472,STOP,0.005296,0.004484,-0.000203,0.8,0.0,0.0,L,0,0,-0.0,0.0,-0.0,0.0
2026-05-26T12:53:32.808,282.589,6473,STOP,0.000876,0.003763,0.000722,0.8,0.0,0.0,L,0,0,-0.0,0.0,-0.0,0.0
2026-05-26T12:53:32.862,282.643,6474,STOP,0.001149,0.00324,0.000523,0.8,0.0,0.0,L,0,0,-0.0,0.0,-0.0,0.0
2026-05-26T12:53:32.922,282.703,6475,STOP,0.00156,0.002904,0.000336,0.8,0.0,0.0,L,0,0,-0.0,0.0,-0.0,0.0
2026-05-26T12:53:32.968,282.749,6476,STOP,0.007375,0.003798,-0.000894,0.8,0.0,0.0,L,0,0,-0.0,0.0,-0.0,0.0
2026-05-26T12:53:33.017,282.798,6477,STOP,0.007252,0.004489,-0.000691,0.8,0.0,0.0,L,0,0,-0.0,0.0,-0.0,0.0
2026-05-26T12:53:33.082,282.863,6478,STOP,0.017293,0.00705,-0.002561,0.8,0.0,0.0,L,0,0,-0.0,0.0,-0.0,0.0
2026-05-26T12:53:33.126,282.907,6479,STOP,0.028131,0.011266,-0.004216,0.8,0.0,0.0,L,0,0,-0.0,0.0,-0.0,0.0
2026-05-26T12:53:33.153,282.934,6480,STOP,0.079482,0.024909,-0.013643,0.8,0.0,0.0,L,0,0,-0.0,0.0,-0.0,0.0
2026-05-26T12:53:33.211,282.992,6481,STOP,0.150811,0.05009,-0.02518,0.8,0.0,0.0,M,0,0,-0.0,0.0,-0.0,0.0
2026-05-26T12:53:33.264,283.045,6482,STOP,0.144735,0.069019,-0.018929,0.8,0.0,0.0,M,0,0,-0.0,0.0,-0.0,0.0
2026-05-26T12:53:33.300,283.082,6483,STOP,0.119649,0.079145,-0.010126,0.8,0.0,0.0,M,0,0,-0.0,0.0,-0.0,0.0
2026-05-26T12:53:33.331,283.112,6484,STOP,0.131378,0.089591,-0.010447,0.8,0.0,0.0,M,0,0,-0.0,0.0,-0.0,0.0
2026-05-26T12:53:33.379,283.16,6485,STOP,0.122368,0.096147,-0.006555,0.8,0.0,0.0,M,0,0,-0.0,0.0,-0.0,0.0
2026-05-26T12:53:33.430,283.211,6486,STOP,0.111421,0.099202,-0.003055,0.8,0.0,0.0,M,0,0,-0.0,0.0,-0.0,0.0
2026-05-26T12:53:33.462,283.244,6487,STOP,0.067597,0.092881,0.006321,0.8,0.0,0.0,M,0,0,-0.0,0.0,-0.0,0.0
2026-05-26T12:53:33.507,283.288,6488,STOP,0.140788,0.102462,-0.009582,0.8,0.0,0.0,M,0,0,-0.0,0.0,-0.0,0.0
2026-05-26T12:53:33.542,283.323,6489,STOP,0.153756,0.112721,-0.010259,0.8,0.0,0.0,M,0,0,-0.0,0.0,-0.0,0.0
2026-05-26T12:53:33.592,283.373,6490,STOP,0.180723,0.126321,-0.0136,0.8,0.0,0.0,M,0,0,-0.0,0.0,-0.0,0.0
2026-05-26T12:53:33.659,283.441,6491,STOP,0.214098,0.143877,-0.017555,0.8,0.0,0.0,M,0,0,-0.0,0.0,-0.0,0.0
2026-05-26T12:53:33.730,283.511,6492,STOP,0.21032,0.157165,-0.013289,0.8,0.0,0.0,H,0,0,-0.0,0.0,-0.0,0.0
2026-05-26T12:53:33.798,283.58,6493,STOP,0.170117,0.159756,-0.00259,0.8,0.0,0.0,H,0,0,-0.0,0.0,-0.0,0.0
2026-05-26T12:53:33.862,283.643,6494,STOP,0.165958,0.160996,-0.001241,0.8,0.0,0.0,H,0,0,-0.0,0.0,-0.0,0.0
2026-05-26T12:53:33.925,283.707,6495,STOP,0.216142,0.172025,-0.011029,0.8,0.0,0.0,H,0,0,-0.0,0.0,-0.0,0.0
2026-05-26T12:53:33.982,283.763,6496,STOP,0.219336,0.181487,-0.009462,0.8,0.0,0.0,H,0,0,-0.0,0.0,-0.0,0.0
2026-05-26T12:53:34.021,283.802,6497,STOP,0.223963,0.189983,-0.008495,0.8,0.0,0.0,H,0,0,-0.0,0.0,-0.0,0.0
2026-05-26T12:53:34.064,283.846,6498,STOP,0.211617,0.194309,-0.004327,0.8,0.0,0.0,H,0,0,-0.0,0.0,-0.0,0.0
2026-05-26T12:53:34.098,283.879,6499,STOP,0.181721,0.191792,0.002518,0.8,0.0,0.0,H,0,0,-0.0,0.0,-0.0,0.0
2026-05-26T12:53:34.138,283.919,6500,STOP,0.269803,0.207394,-0.015602,0.8,0.0,0.0,H,0,0,-0.0,0.0,-0.0,0.0
2026-05-26T12:53:34.172,283.953,6501,STOP,0.25602,0.217119,-0.009725,0.8,0.0,0.0,H,0,0,-0.0,0.0,-0.0,0.0
2026-05-26T12:53:34.227,284.008,6502,STOP,0.186959,0.211087,0.006032,0.8,0.0,0.0,H,0,0,-0.0,0.0,-0.0,0.0
2026-05-26T12:53:34.276,284.057,6503,STOP,0.222746,0.213419,-0.002332,0.8,0.0,0.0,H,0,0,-0.0,0.0,-0.0,0.0
2026-05-26T12:53:34.308,284.089,6504,STOP,0.290792,0.228894,-0.015475,0.8,0.0,0.0,H,0,0,-0.0,0.0,-0.0,0.0
2026-05-26T12:53:34.344,284.125,6505,STOP,0.283955,0.239906,-0.011012,0.8,0.0,0.0,H,0,0,-0.0,0.0,-0.0,0.0
2026-05-26T12:53:34.377,284.158,6506,STOP,0.22832,0.237589,0.002317,0.8,0.0,0.0,H,0,0,-0.0,0.0,-0.0,0.0
2026-05-26T12:53:34.430,284.211,6507,STOP,0.129736,0.216018,0.021571,0.8,0.0,0.0,H,0,0,-0.0,0.0,-0.0,0.0
2026-05-26T12:53:34.470,284.252,6508,STOP,0.241976,0.22121,-0.005191,0.8,0.0,0.0,H,0,0,-0.0,0.0,-0.0,0.0
2026-05-26T12:53:34.529,284.31,6509,STOP,0.214702,0.219908,0.001302,0.8,0.0,0.0,H,0,0,-0.0,0.0,-0.0,0.0
2026-05-26T12:53:34.573,284.354,6510,STOP,0.111237,0.198174,0.021734,0.8,0.0,0.0,H,0,0,-0.0,0.0,-0.0,0.0
2026-05-26T12:53:34.622,284.404,6511,STOP,0.147785,0.188096,0.010078,0.8,0.0,0.0,H,0,0,-0.0,0.0,-0.0,0.0
2026-05-26T12:53:34.672,284.453,6512,STOP,0.117059,0.173889,0.014208,0.8,0.0,0.0,H,0,0,-0.0,0.0,-0.0,0.0
2026-05-26T12:53:34.706,284.487,6513,STOP,0.115021,0.162115,0.011774,0.8,0.0,0.0,H,0,0,-0.0,0.0,-0.0,0.0
2026-05-26T12:53:34.754,284.535,6514,STOP,0.109177,0.151528,0.010588,0.8,0.0,0.0,H,0,0,-0.0,0.0,-0.0,0.0
2026-05-26T12:53:34.794,284.575,6515,STOP,0.176125,0.156447,-0.004919,0.8,0.0,0.0,H,0,0,-0.0,0.0,-0.0,0.0
2026-05-26T12:53:34.826,284.607,6516,STOP,0.135089,0.152175,0.004272,0.8,0.0,0.0,H,0,0,-0.0,0.0,-0.0,0.0
2026-05-26T12:53:34.847,284.629,6517,STOP,0.110812,0.143903,0.008273,0.8,0.0,0.0,M,0,0,-0.0,0.0,-0.0,0.0
2026-05-26T12:53:34.890,284.671,6518,STOP,0.169917,0.149106,-0.005203,0.8,0.0,0.0,M,0,0,-0.0,0.0,-0.0,0.0
2026-05-26T12:53:34.927,284.708,6519,STOP,0.162824,0.151849,-0.002744,0.8,0.0,0.0,H,0,0,-0.0,0.0,-0.0,0.0
2026-05-26T12:53:34.960,284.741,6520,STOP,0.116457,0.144771,0.007078,0.8,0.0,0.0,M,0,0,-0.0,0.0,-0.0,0.0
2026-05-26T12:53:35.031,284.812,6521,STOP,0.100523,0.135921,0.00885,0.8,0.0,0.0,M,0,0,-0.0,0.0,-0.0,0.0
2026-05-26T12:53:35.084,284.865,6522,STOP,0.123919,0.133521,0.002401,0.8,0.0,0.0,M,0,0,-0.0,0.0,-0.0,0.0
2026-05-26T12:53:35.134,284.916,6523,STOP,0.088484,0.124514,0.009007,0.8,0.0,0.0,M,0,0,-0.0,0.0,-0.0,0.0
2026-05-26T12:53:35.164,284.946,6524,STOP,0.047905,0.109192,0.015322,0.8,0.0,0.0,M,0,0,-0.0,0.0,-0.0,0.0
2026-05-26T12:53:35.214,284.996,6525,STOP,0.039569,0.095267,0.013925,0.8,0.0,0.0,M,0,0,-0.0,0.0,-0.0,0.0
2026-05-26T12:53:35.255,285.037,6526,STOP,0.118993,0.100012,-0.004745,0.8,0.0,0.0,M,0,0,-0.0,0.0,-0.0,0.0
2026-05-26T12:53:35.312,285.094,6527,STOP,0.018052,0.08362,0.016392,0.8,0.0,0.0,M,0,0,-0.0,0.0,-0.0,0.0
2026-05-26T12:53:35.354,285.135,6528,STOP,0.109362,0.088769,-0.005148,0.8,0.0,0.0,M,0,0,-0.0,0.0,-0.0,0.0
2026-05-26T12:53:35.373,285.154,6529,STOP,0.118395,0.094694,-0.005925,0.8,0.0,0.0,M,0,0,-0.0,0.0,-0.0,0.0
2026-05-26T12:53:35.417,285.199,6530,STOP,0.093257,0.094407,0.000287,0.8,0.0,0.0,M,0,0,-0.0,0.0,-0.0,0.0
2026-05-26T12:53:35.470,285.251,6531,STOP,0.04154,0.083833,0.010573,0.8,0.0,0.0,M,0,0,-0.0,0.0,-0.0,0.0
2026-05-26T12:53:35.519,285.3,6532,STOP,0.102778,0.087622,-0.003789,0.8,0.0,0.0,M,0,0,-0.0,0.0,-0.0,0.0
2026-05-26T12:53:35.554,285.335,6533,STOP,0.104395,0.090977,-0.003355,0.8,0.0,0.0,M,0,0,-0.0,0.0,-0.0,0.0
2026-05-26T12:53:35.580,285.361,6534,STOP,0.082428,0.089267,0.00171,0.8,0.0,0.0,M,0,0,-0.0,0.0,-0.0,0.0
2026-05-26T12:53:35.612,285.393,6535,STOP,0.012908,0.073995,0.015272,0.8,0.0,0.0,M,0,0,-0.0,0.0,-0.0,0.0
2026-05-26T12:53:35.660,285.441,6536,STOP,0.099136,0.079023,-0.005028,0.8,0.0,0.0,M,0,0,-0.0,0.0,-0.0,0.0
2026-05-26T12:53:35.711,285.492,6537,STOP,0.089378,0.081094,-0.002071,0.8,0.0,0.0,M,0,0,-0.0,0.0,-0.0,0.0
2026-05-26T12:53:35.744,285.525,6538,STOP,0.067408,0.078357,0.002737,0.8,0.0,0.0,M,0,0,-0.0,0.0,-0.0,0.0
2026-05-26T12:53:35.775,285.556,6539,STOP,0.022984,0.067283,0.011075,0.8,0.0,0.0,M,0,0,-0.0,0.0,-0.0,0.0
2026-05-26T12:53:35.812,285.593,6540,STOP,0.060935,0.066013,0.00127,0.8,0.0,0.0,M,0,0,-0.0,0.0,-0.0,0.0
2026-05-26T12:53:35.848,285.629,6541,STOP,0.091342,0.071079,-0.005066,0.8,0.0,0.0,M,0,0,-0.0,0.0,-0.0,0.0
2026-05-26T12:53:35.877,285.658,6542,STOP,0.07584,0.072031,-0.000952,0.8,0.0,0.0,M,0,0,-0.0,0.0,-0.0,0.0
2026-05-26T12:53:35.923,285.704,6543,STOP,0.044106,0.066446,0.005585,0.8,0.0,0.0,M,0,0,-0.0,0.0,-0.0,0.0
2026-05-26T12:53:35.941,285.722,6544,STOP,0.02083,0.057323,0.009123,0.8,0.0,0.0,M,0,0,-0.0,0.0,-0.0,0.0
2026-05-26T12:53:35.984,285.766,6545,STOP,0.075663,0.060991,-0.003668,0.8,0.0,0.0,M,0,0,-0.0,0.0,-0.0,0.0
2026-05-26T12:53:36.018,285.799,6546,STOP,0.078582,0.064509,-0.003518,0.8,0.0,0.0,M,0,0,-0.0,0.0,-0.0,0.0
2026-05-26T12:53:36.066,285.847,6547,STOP,0.057834,0.063174,0.001335,0.8,0.0,0.0,M,0,0,-0.0,0.0,-0.0,0.0
2026-05-26T12:53:36.093,285.874,6548,STOP,0.027413,0.056022,0.007152,0.8,0.0,0.0,M,0,0,-0.0,0.0,-0.0,0.0
2026-05-26T12:53:36.129,285.911,6549,STOP,0.026555,0.050128,0.005893,0.8,0.0,0.0,M,0,0,-0.0,0.0,-0.0,0.0
2026-05-26T12:53:36.168,285.949,6550,STOP,0.067274,0.053558,-0.003429,0.8,0.0,0.0,M,0,0,-0.0,0.0,-0.0,0.0
2026-05-26T12:53:36.212,285.994,6551,STOP,0.069155,0.056677,-0.003119,0.8,0.0,0.0,M,0,0,-0.0,0.0,-0.0,0.0
2026-05-26T12:53:36.240,286.021,6552,STOP,0.039883,0.053318,0.003359,0.8,0.0,0.0,M,0,0,-0.0,0.0,-0.0,0.0
2026-05-26T12:53:36.312,286.093,6553,STOP,0.01767,0.046189,0.00713,0.8,0.0,0.0,L,0,0,-0.0,0.0,-0.0,0.0
2026-05-26T12:53:36.346,286.127,6554,STOP,0.040638,0.045078,0.00111,0.8,0.0,0.0,L,0,0,-0.0,0.0,-0.0,0.0
2026-05-26T12:53:36.383,286.164,6555,STOP,0.053385,0.04674,-0.001661,0.8,0.0,0.0,L,0,0,-0.0,0.0,-0.0,0.0
2026-05-26T12:53:36.442,286.224,6556,STOP,0.042632,0.045918,0.000822,0.8,0.0,0.0,L,0,0,-0.0,0.0,-0.0,0.0
2026-05-26T12:53:36.496,286.277,6557,STOP,0.007482,0.038231,0.007687,0.8,0.0,0.0,L,0,0,-0.0,0.0,-0.0,0.0
2026-05-26T12:53:36.557,286.338,6558,STOP,0.034566,0.037498,0.000733,0.8,0.0,0.0,L,0,0,-0.0,0.0,-0.0,0.0
2026-05-26T12:53:36.621,286.402,6559,STOP,0.027192,0.035437,0.002061,0.8,0.0,0.0,L,0,0,-0.0,0.0,-0.0,0.0
2026-05-26T12:53:36.668,286.449,6560,STOP,0.017721,0.031894,0.003543,0.8,0.0,0.0,L,0,0,-0.0,0.0,-0.0,0.0
2026-05-26T12:53:36.715,286.496,6561,STOP,0.014868,0.028489,0.003405,0.8,0.0,0.0,L,0,0,-0.0,0.0,-0.0,0.0
2026-05-26T12:53:36.727,286.508,6562,STOP,0.022329,0.027257,0.001232,0.8,0.0,0.0,L,0,0,-0.0,0.0,-0.0,0.0
2026-05-26T12:53:36.789,286.57,6563,STOP,0.018382,0.025482,0.001775,0.8,0.0,0.0,L,0,0,-0.0,0.0,-0.0,0.0
2026-05-26T12:53:36.824,286.605,6564,STOP,0.005926,0.021571,0.003911,0.8,0.0,0.0,L,0,0,-0.0,0.0,-0.0,0.0
2026-05-26T12:53:36.876,286.657,6565,STOP,0.017436,0.020744,0.000827,0.8,0.0,0.0,L,0,0,-0.0,0.0,-0.0,0.0
2026-05-26T12:53:36.922,286.703,6566,STOP,0.011757,0.018946,0.001797,0.8,0.0,0.0,L,0,0,-0.0,0.0,-0.0,0.0
2026-05-26T12:53:36.965,286.746,6567,STOP,0.004989,0.016155,0.002792,0.8,0.0,0.0,L,0,0,-0.0,0.0,-0.0,0.0
2026-05-26T12:53:37.032,286.813,6568,STOP,0.00611,0.014146,0.002009,0.8,0.0,0.0,L,0,0,-0.0,0.0,-0.0,0.0
2026-05-26T12:53:37.073,286.854,6569,STOP,0.008056,0.012928,0.001218,0.8,0.0,0.0,L,0,0,-0.0,0.0,-0.0,0.0
2026-05-26T12:53:37.134,286.915,6570,STOP,0.003205,0.010983,0.001945,0.8,0.0,0.0,L,0,0,-0.0,0.0,-0.0,0.0
2026-05-26T12:53:37.174,286.955,6571,STOP,0.002498,0.009286,0.001697,0.8,0.0,0.0,L,0,0,-0.0,0.0,-0.0,0.0
2026-05-26T12:53:37.222,287.004,6572,STOP,0.007852,0.009,0.000287,0.8,0.0,0.0,L,0,0,-0.0,0.0,-0.0,0.0
2026-05-26T12:53:37.264,287.045,6573,STOP,0.003375,0.007875,0.001125,0.8,0.0,0.0,L,0,0,-0.0,0.0,-0.0,0.0
2026-05-26T12:53:37.311,287.093,6574,STOP,0.004142,0.007128,0.000746,0.8,0.0,0.0,L,0,0,-0.0,0.0,-0.0,0.0
2026-05-26T12:53:37.338,287.119,6575,STOP,0.008244,0.007351,-0.000223,0.8,0.0,0.0,L,0,0,-0.0,0.0,-0.0,0.0
2026-05-26T12:53:37.392,287.173,6576,STOP,0.007469,0.007375,-2.4e-05,0.8,0.0,0.0,L,0,0,-0.0,0.0,-0.0,0.0
2026-05-26T12:53:37.438,287.22,6577,STOP,0.010592,0.008018,-0.000643,0.8,0.0,0.0,L,0,0,-0.0,0.0,-0.0,0.0
2026-05-26T12:53:37.477,287.258,6578,STOP,0.01531,0.009477,-0.001458,0.8,0.0,0.0,L,0,0,-0.0,0.0,-0.0,0.0
2026-05-26T12:53:37.525,287.306,6579,STOP,0.014415,0.010464,-0.000988,0.8,0.0,0.0,L,0,0,-0.0,0.0,-0.0,0.0
2026-05-26T12:53:37.578,287.359,6580,STOP,0.006886,0.009748,0.000716,0.8,0.0,0.0,L,0,0,-0.0,0.0,-0.0,0.0
2026-05-26T12:53:37.609,287.39,6581,STOP,0.011447,0.010088,-0.00034,0.8,0.0,0.0,L,0,0,-0.0,0.0,-0.0,0.0
2026-05-26T12:53:37.653,287.434,6582,STOP,0.014539,0.010978,-0.00089,0.8,0.0,0.0,L,0,0,-0.0,0.0,-0.0,0.0
2026-05-26T12:53:37.700,287.481,6583,STOP,0.012826,0.011348,-0.000369,0.8,0.0,0.0,L,0,0,-0.0,0.0,-0.0,0.0
2026-05-26T12:53:37.762,287.543,6584,STOP,0.011405,0.011359,-1.1e-05,0.8,0.0,0.0,L,0,0,-0.0,0.0,-0.0,0.0
2026-05-26T12:53:37.819,287.6,6585,STOP,0.012871,0.011662,-0.000302,0.8,0.0,0.0,L,0,0,-0.0,0.0,-0.0,0.0
2026-05-26T12:53:37.866,287.647,6586,STOP,0.008326,0.010994,0.000667,0.8,0.0,0.0,L,0,0,-0.0,0.0,-0.0,0.0
2026-05-26T12:53:37.915,287.696,6587,STOP,0.00993,0.010782,0.000213,0.8,0.0,0.0,L,0,0,-0.0,0.0,-0.0,0.0
2026-05-26T12:53:37.977,287.758,6588,STOP,0.009399,0.010505,0.000276,0.8,0.0,0.0,L,0,0,-0.0,0.0,-0.0,0.0
2026-05-26T12:53:38.049,287.83,6589,STOP,0.005413,0.009487,0.001019,0.8,0.0,0.0,L,0,0,-0.0,0.0,-0.0,0.0
2026-05-26T12:53:38.117,287.899,6590,STOP,0.00362,0.008313,0.001173,0.8,0.0,0.0,L,0,0,-0.0,0.0,-0.0,0.0
2026-05-26T12:53:38.172,287.953,6591,STOP,0.00404,0.007459,0.000855,0.8,0.0,0.0,L,0,0,-0.0,0.0,-0.0,0.0
2026-05-26T12:53:38.243,288.024,6592,STOP,0.003448,0.006657,0.000802,0.8,0.0,0.0,L,0,0,-0.0,0.0,-0.0,0.0
2026-05-26T12:53:38.273,288.054,6593,STOP,0.002451,0.005815,0.000841,0.8,0.0,0.0,L,0,0,-0.0,0.0,-0.0,0.0
2026-05-26T12:53:38.314,288.095,6594,STOP,0.001638,0.00498,0.000836,0.8,0.0,0.0,L,0,0,-0.0,0.0,-0.0,0.0
2026-05-26T12:53:38.337,288.118,6595,STOP,0.002202,0.004424,0.000556,0.8,0.0,0.0,L,0,0,-0.0,0.0,-0.0,0.0
2026-05-26T12:53:38.386,288.167,6596,STOP,0.002963,0.004132,0.000292,0.8,0.0,0.0,L,0,0,-0.0,0.0,-0.0,0.0
2026-05-26T12:53:38.437,288.218,6597,STOP,0.003121,0.00393,0.000202,0.8,0.0,0.0,L,0,0,-0.0,0.0,-0.0,0.0
2026-05-26T12:53:38.469,288.25,6598,STOP,0.001146,0.003373,0.000557,0.8,0.0,0.0,L,0,0,-0.0,0.0,-0.0,0.0
2026-05-26T12:53:38.546,288.327,6599,STOP,0.001991,0.003097,0.000276,0.8,0.0,0.0,L,0,0,-0.0,0.0,-0.0,0.0
2026-05-26T12:53:38.577,288.358,6600,STOP,0.002517,0.002981,0.000116,0.8,0.0,0.0,L,0,0,-0.0,0.0,-0.0,0.0
2026-05-26T12:53:38.641,288.423,6601,STOP,0.001712,0.002727,0.000254,0.8,0.0,0.0,L,0,0,-0.0,0.0,-0.0,0.0
2026-05-26T12:53:38.710,288.491,6602,STOP,0.001437,0.002469,0.000258,0.8,0.0,0.0,L,0,0,-0.0,0.0,-0.0,0.0
2026-05-26T12:53:38.742,288.523,6603,STOP,0.001371,0.00225,0.00022,0.8,0.0,0.0,L,0,0,-0.0,0.0,-0.0,0.0
2026-05-26T12:53:38.790,288.571,6604,STOP,0.001185,0.002037,0.000213,0.8,0.0,0.0,L,0,0,-0.0,0.0,-0.0,0.0
2026-05-26T12:53:38.826,288.607,6605,STOP,0.001278,0.001885,0.000152,0.8,0.0,0.0,L,0,0,-0.0,0.0,-0.0,0.0
2026-05-26T12:53:38.868,288.649,6606,STOP,0.001662,0.00184,4.5e-05,0.8,0.0,0.0,L,0,0,-0.0,0.0,-0.0,0.0
2026-05-26T12:53:38.904,288.685,6607,STOP,0.001164,0.001705,0.000135,0.8,0.0,0.0,L,0,0,-0.0,0.0,-0.0,0.0
2026-05-26T12:53:38.932,288.714,6608,STOP,0.001519,0.001668,3.7e-05,0.8,0.0,0.0,L,0,0,-0.0,0.0,-0.0,0.0
2026-05-26T12:53:38.969,288.75,6609,STOP,0.00371,0.002076,-0.000408,0.8,0.0,0.0,L,0,0,-0.0,0.0,-0.0,0.0
2026-05-26T12:53:39.011,288.793,6610,STOP,0.005972,0.002855,-0.000779,0.8,0.0,0.0,L,0,0,-0.0,0.0,-0.0,0.0
2026-05-26T12:53:39.038,288.82,6611,STOP,0.007165,0.003717,-0.000862,0.8,0.0,0.0,L,0,0,-0.0,0.0,-0.0,0.0
2026-05-26T12:53:39.106,288.887,6612,STOP,0.004301,0.003834,-0.000117,0.8,0.0,0.0,L,0,0,-0.0,0.0,-0.0,0.0
2026-05-26T12:53:39.166,288.947,6613,STOP,0.001862,0.00344,0.000394,0.8,0.0,0.0,L,0,0,-0.0,0.0,-0.0,0.0
2026-05-26T12:53:39.210,288.991,6614,STOP,0.001688,0.003089,0.00035,0.8,0.0,0.0,L,0,0,-0.0,0.0,-0.0,0.0
2026-05-26T12:53:39.227,289.008,6615,STOP,0.001457,0.002763,0.000327,0.8,0.0,0.0,L,0,0,-0.0,0.0,-0.0,0.0
2026-05-26T12:53:39.278,289.06,6616,STOP,0.001075,0.002425,0.000338,0.8,0.0,0.0,L,0,0,-0.0,0.0,-0.0,0.0
2026-05-26T12:53:39.324,289.106,6617,STOP,0.002917,0.002524,-9.8e-05,0.8,0.0,0.0,L,0,0,-0.0,0.0,-0.0,0.0
2026-05-26T12:53:39.396,289.178,6618,STOP,0.00182,0.002383,0.000141,0.8,0.0,0.0,L,0,0,-0.0,0.0,-0.0,0.0
2026-05-26T12:53:39.450,289.232,6619,STOP,0.001123,0.002131,0.000252,0.8,0.0,0.0,L,0,0,-0.0,0.0,-0.0,0.0
2026-05-26T12:53:39.502,289.284,6620,STOP,0.001328,0.00197,0.000161,0.8,0.0,0.0,L,0,0,-0.0,0.0,-0.0,0.0
2026-05-26T12:53:39.549,289.33,6621,STOP,0.001122,0.001801,0.00017,0.8,0.0,0.0,L,0,0,-0.0,0.0,-0.0,0.0
2026-05-26T12:53:39.597,289.378,6622,STOP,0.001852,0.001811,-1e-05,0.8,0.0,0.0,L,0,0,-0.0,0.0,-0.0,0.0
2026-05-26T12:53:39.640,289.421,6623,STOP,0.001131,0.001675,0.000136,0.8,0.0,0.0,L,0,0,-0.0,0.0,-0.0,0.0
2026-05-26T12:53:39.692,289.473,6624,STOP,0.001231,0.001586,8.9e-05,0.8,0.0,0.0,L,0,0,-0.0,0.0,-0.0,0.0
2026-05-26T12:53:39.736,289.518,6625,STOP,0.001326,0.001534,5.2e-05,0.8,0.0,0.0,L,0,0,-0.0,0.0,-0.0,0.0
2026-05-26T12:53:39.763,289.544,6626,STOP,0.001237,0.001475,5.9e-05,0.8,0.0,0.0,L,0,0,-0.0,0.0,-0.0,0.0
2026-05-26T12:53:39.816,289.597,6627,STOP,0.001836,0.001547,-7.2e-05,0.8,0.0,0.0,L,0,0,-0.0,0.0,-0.0,0.0
2026-05-26T12:53:39.869,289.651,6628,STOP,0.001328,0.001503,4.4e-05,0.8,0.0,0.0,L,0,0,-0.0,0.0,-0.0,0.0
2026-05-26T12:53:39.914,289.695,6629,STOP,0.001308,0.001464,3.9e-05,0.8,0.0,0.0,L,0,0,-0.0,0.0,-0.0,0.0
2026-05-26T12:53:39.957,289.738,6630,STOP,0.001167,0.001405,5.9e-05,0.8,0.0,0.0,L,0,0,-0.0,0.0,-0.0,0.0
2026-05-26T12:53:40.045,289.826,6631,STOP,0.000926,0.001309,9.6e-05,0.8,0.0,0.0,L,0,0,-0.0,0.0,-0.0,0.0
2026-05-26T12:53:40.087,289.868,6632,STOP,0.001037,0.001254,5.4e-05,0.8,0.0,0.0,L,0,0,-0.0,0.0,-0.0,0.0
2026-05-26T12:53:40.134,289.915,6633,STOP,0.000984,0.0012,5.4e-05,0.8,0.0,0.0,L,0,0,-0.0,0.0,-0.0,0.0
2026-05-26T12:53:40.186,289.968,6634,STOP,0.001019,0.001164,3.6e-05,0.8,0.0,0.0,L,0,0,-0.0,0.0,-0.0,0.0
2026-05-26T12:53:40.240,290.022,6635,STOP,0.004029,0.001737,-0.000573,0.8,0.0,0.0,L,0,0,-0.0,0.0,-0.0,0.0
2026-05-26T12:53:40.281,290.063,6636,STOP,0.006374,0.002664,-0.000927,0.8,0.0,0.0,L,0,0,-0.0,0.0,-0.0,0.0
2026-05-26T12:53:40.334,290.115,6637,STOP,0.010363,0.004204,-0.00154,0.8,0.0,0.0,L,0,0,-0.0,0.0,-0.0,0.0
2026-05-26T12:53:40.376,290.158,6638,STOP,0.01446,0.006255,-0.002051,0.8,0.0,0.0,L,0,0,-0.0,0.0,-0.0,0.0
2026-05-26T12:53:40.417,290.198,6639,STOP,0.013058,0.007616,-0.001361,0.8,0.0,0.0,L,0,0,-0.0,0.0,-0.0,0.0
2026-05-26T12:53:40.469,290.25,6640,STOP,0.00551,0.007194,0.000421,0.8,0.0,0.0,L,0,0,-0.0,0.0,-0.0,0.0
2026-05-26T12:53:40.504,290.285,6641,STOP,0.001935,0.006143,0.001052,0.8,0.0,0.0,L,0,0,-0.0,0.0,-0.0,0.0
2026-05-26T12:53:40.544,290.325,6642,STOP,0.001611,0.005236,0.000906,0.8,0.0,0.0,L,0,0,-0.0,0.0,-0.0,0.0
2026-05-26T12:53:40.572,290.353,6643,STOP,0.002752,0.004739,0.000497,0.8,0.0,0.0,L,0,0,-0.0,0.0,-0.0,0.0
2026-05-26T12:53:40.650,290.432,6644,STOP,0.001404,0.004072,0.000667,0.8,0.0,0.0,L,0,0,-0.0,0.0,-0.0,0.0
2026-05-26T12:53:40.736,290.517,6645,STOP,0.002081,0.003674,0.000398,0.8,0.0,0.0,L,0,0,-0.0,0.0,-0.0,0.0
2026-05-26T12:53:40.784,290.565,6646,STOP,0.00155,0.003249,0.000425,0.8,0.0,0.0,L,0,0,-0.0,0.0,-0.0,0.0
2026-05-26T12:53:40.844,290.625,6647,STOP,0.002653,0.00313,0.000119,0.8,0.0,0.0,L,0,0,-0.0,0.0,-0.0,0.0
2026-05-26T12:53:40.883,290.665,6648,STOP,0.001465,0.002797,0.000333,0.8,0.0,0.0,L,0,0,-0.0,0.0,-0.0,0.0
2026-05-26T12:53:40.918,290.699,6649,STOP,0.001334,0.002504,0.000293,0.8,0.0,0.0,L,0,0,-0.0,0.0,-0.0,0.0
2026-05-26T12:53:41.006,290.787,6650,STOP,0.001095,0.002223,0.000282,0.8,0.0,0.0,L,0,0,-0.0,0.0,-0.0,0.0
2026-05-26T12:53:41.058,290.839,6651,STOP,0.001384,0.002055,0.000168,0.8,0.0,0.0,L,0,0,-0.0,0.0,-0.0,0.0
2026-05-26T12:53:41.096,290.877,6652,STOP,0.000998,0.001844,0.000211,0.8,0.0,0.0,L,0,0,-0.0,0.0,-0.0,0.0
2026-05-26T12:53:41.145,290.926,6653,STOP,0.001085,0.001692,0.000152,0.8,0.0,0.0,L,0,0,-0.0,0.0,-0.0,0.0
2026-05-26T12:53:41.176,290.957,6654,STOP,0.001246,0.001603,8.9e-05,0.8,0.0,0.0,L,0,0,-0.0,0.0,-0.0,0.0
2026-05-26T12:53:41.224,291.005,6655,STOP,0.001577,0.001597,5e-06,0.8,0.0,0.0,L,0,0,-0.0,0.0,-0.0,0.0
2026-05-26T12:53:41.266,291.048,6656,STOP,0.001005,0.001479,0.000119,0.8,0.0,0.0,L,0,0,-0.0,0.0,-0.0,0.0
